5.266211230896639117e-01,-4.763135885351631182e-02,-5.155102555290620031e-02,-4.172406181320895135e-02,-2.357547811534604909e-02,-1.277329564541637361e-02,-5.287649879825518512e-02,-1.369543655879539856e-01,-1.043618885412448266e-01,1.270628967255589548e-01,1.098380134615008774e-01,1.045486195046121947e-01,1.012389252186825794e-01,1.123107308774820706e-01,1.172832179270434927e-01,1.102901703254470511e-01,7.312794035606651200e-02,1.756968147328227467e-02,1.100124438735832211e-01,9.827153840291082132e-02,9.418320708000962882e-02,9.062950943247022328e-02,9.968994197373473587e-02,1.047590918653254211e-01,1.005874662446590018e-01,8.786703587008967697e-02,9.041205541898886255e-02,7.803311014187461203e-02,7.232889984792527371e-02,7.148949974334134483e-02,7.052156438307578823e-02,7.985051986992657003e-02,8.105927804557108707e-02,7.784862925833754832e-02,6.558874114769941421e-02,4.711700266910331253e-02,6.780862406957222088e-02,6.074085624872690298e-02,5.630602113992617952e-02,5.028912998156806480e-02,5.371419880459828849e-02,5.833447324409727491e-02,5.653922711479870966e-02,5.550283800846251420e-02,3.703946405289080396e-02,5.317562301077707193e-02,4.518660055472609877e-02,4.683103114830116515e-02,4.734260847065902694e-02,4.621448462175845734e-02,5.087683867154847023e-02,4.353761253437060663e-02,3.849473323508619677e-02,2.814882980005434243e-02,3.931794647284576200e-02,4.083619844011977112e-02,4.679797126925162865e-02,4.526820476236942392e-02,4.673815688372334048e-02,3.895064747219830620e-02,3.781873240031728700e-02,3.032008263133811193e-02,1.807086139843465389e-02
2.367099328775746359e-01,9.347292286859186783e-01,3.744506537634553767e-01,2.698469214800676141e-01,2.543230136295603905e-01,2.095100635422321167e-01,1.033314236983452067e-01,1.700404709977620943e-01,-2.350662409306782663e-01,2.269244669854327268e-01,4.019653235974731675e-01,4.406530369569423011e-01,4.654301112629205539e-01,4.374931406335466066e-01,3.877805158028010402e-01,3.000057581876431345e-01,1.931596975595126775e-01,2.950618717404636104e-01,2.667300249041503202e-01,3.843682076265816372e-01,4.107013619650665692e-01,4.146060499650539022e-01,3.995719306369943102e-01,3.595646314868610194e-01,3.032394505979639221e-01,1.616377979268555920e-01,6.922949909834770488e-02,2.455732418016793039e-01,2.743513274680191572e-01,2.695600384937941185e-01,2.721939751360019089e-01,2.439191697019055527e-01,2.490589547258795777e-01,2.322267442306088503e-01,1.784685671104631610e-01,1.240348957017188558e-01,1.609019525311425058e-01,1.651512065072485713e-01,1.774685326383152739e-01,1.722906058062805834e-01,1.660505013642507854e-01,1.815722146069869702e-01,1.779359650894484224e-01,1.596299314450252971e-01,1.334417807759096797e-01,1.311676849018030278e-01,1.397813475163846297e-01,1.360066168034936851e-01,1.326420848686119536e-01,1.353907025641426509e-01,1.459331494773154492e-01,1.217257079646196088e-01,1.223775930259818345e-01,7.961618446877813393e-02,1.624560809224228353e-01,1.462510983368470741e-01,1.316540394055161212e-01,1.292000519528054836e-01,1.012321111205433805e-01,9.789813960788670832e-02,8.189874912725157718e-02,9.725164116707459006e-02,7.329989092596479738e-02
-3.803975712333471648e-01,-7.946881686680059564e-01,-5.152307586193122235e-01,-8.005327554980933291e-01,-1.097152084850811837e+00,-8.913726436565823086e-01,-2.877849155366795086e-01,-1.253188150674619528e-01,-2.814361559729183782e-02,-5.588030630116541664e-01,-1.114482306091764352e+00,-1.248881649007405503e+00,-1.300428166522991758e+00,-1.290241372048545276e+00,-1.090392621724177502e+00,-6.961247427395004239e-01,-1.007231074124086273e-01,-3.855995721022755229e-01,-5.975436772239991479e-01,-9.922323285989856911e-01,-1.073900098104033418e+00,-1.076672207867062747e+00,-1.078814770894379382e+00,-9.412010227197487033e-01,-6.947257776434194732e-01,-6.298058323383423640e-02,1.088387168759118173e-01,-6.256611086891541440e-01,-7.127077378827862963e-01,-7.008295133353130701e-01,-6.946152666128676545e-01,-6.579588758778873725e-01,-6.465686631039397891e-01,-5.631181179404188830e-01,-2.942170506269284891e-01,-1.614975125170610148e-01,-4.406483834441681791e-01,-4.103716880256559896e-01,-4.218531115283811750e-01,-4.282519611508576740e-01,-4.121323114395493703e-01,-4.363391670203431993e-01,-4.147023157813002348e-01,-3.185189305622826983e-01,-2.007460533638657507e-01,-2.910536062293567205e-01,-3.238783955350016952e-01,-3.114785300144501390e-01,-3.026471758728981332e-01,-3.160405689955225195e-01,-3.247398732931884857e-01,-2.605618662017672449e-01,-2.386501083753425900e-01,-1.108378915112145924e-01,-2.881646688251914279e-01,-2.893641421112364553e-01,-2.690795078620184522e-01,-2.749667211372813780e-01,-2.451701919648366090e-01,-2.299075570757568299e-01,-1.979811000956853140e-01,-2.247828626269514074e-01,-1.007802584536752755e-01
-2.516174815276578935e-01,4.797547166658585605e-01,8.724940192107688564e-01,1.114931647246950597e+00,1.031963518640853339e+00,5.500209188875043731e-01,-1.183127038201926551e-01,-3.565839709478270114e-01,-1.844773465443331761e-01,3.266100128391177804e-01,8.452222378656060187e-01,1.011333452696024926e+00,1.070827919853461818e+00,1.054849242843345580e+00,8.091125966962394722e-01,3.663445592057545941e-01,-2.202428048425460472e-01,2.020399331957423161e-02,3.591568183205263720e-01,7.147526851858110319e-01,8.156336852676281390e-01,8.310612407646702504e-01,8.380509739917740841e-01,6.802760612750443636e-01,3.936010997278936996e-01,-2.794515147672961275e-01,-4.293145508792404197e-01,4.649757377359147181e-01,5.494662650854356123e-01,5.441241211781704390e-01,5.269271273276304735e-01,5.121278188096806128e-01,4.572549563144787665e-01,3.562963523761825124e-01,4.695060252433638781e-02,-3.476095346207915687e-02,3.155819192912555082e-01,2.942794302967048914e-01,2.767932647861073292e-01,2.895254622699090508e-01,2.765360623841336407e-01,2.602160326155567027e-01,2.352025199717251713e-01,1.378062526792584175e-01,-7.178246122495104964e-02,1.259885114382248705e-01,1.722251987673853735e-01,1.757134268327741611e-01,1.699246886174476112e-01,2.009379863439308134e-01,1.935190928842576985e-01,1.584640460634561543e-01,1.479067953942719837e-01,4.247235758468427547e-02,3.896702878664358438e-02,1.156470323527229171e-01,1.143135751845278519e-01,1.101316357060876938e-01,1.520860717228636194e-01,1.921919628783060607e-01,1.589226247587596230e-01,1.645362811896188271e-01,1.391794410349778133e-01
6.878763751720913255e-01,4.432237340888899868e-01,4.604075585924990999e-01,6.164988484333815411e-01,8.415553561547606254e-01,5.239161738921940259e-01,6.377077887529609690e-01,7.710965399949097909e-01,9.854632195559818175e-01,3.051896610625069450e-01,2.213631854085237050e-01,1.546587385180998864e-01,1.232224139130821683e-01,1.665856345769228530e-01,2.455100068918551481e-01,3.922296966801551155e-01,4.709532528271623830e-01,4.366620589909090411e-01,2.699819299773930092e-01,1.998963627490253359e-01,1.515503907364410541e-01,1.363983176849004053e-01,1.477187756906411520e-01,2.203760492034787521e-01,3.187570483656856357e-01,5.006810118458860925e-01,4.873978897367478025e-01,1.130827790306912495e-01,9.462365980268877541e-02,8.973592087897025449e-02,9.705045894154527841e-02,1.399739198401885876e-01,1.794540130924467403e-01,2.145430045467299762e-01,3.190878964265392304e-01,2.914285364563919400e-01,6.719514834801418313e-02,6.254996907836557485e-02,7.335895675268330751e-02,7.593425550184894346e-02,1.341092228450393997e-01,1.920220015124637358e-01,1.986525947906736533e-01,2.050678481955608978e-01,2.904444235267220620e-01,1.246043051578539507e-01,1.029077313169739633e-01,9.245451978570520812e-02,9.462559463027428452e-02,8.608744653921614198e-02,8.947571469726862958e-02,1.176761666813470053e-01,1.024881240834740748e-01,1.315773106081365995e-01,1.633682106214270624e-01,1.054527669128745293e-01,1.104403142670967730e-01,1.180893735577431686e-01,9.201129243896762067e-02,4.327299030951945596e-02,7.185124671046189126e-02,6.437219114326875324e-02,1.905633091489644659e-02
-4.861001552453981800e-01,-5.467994265176032709e-01,-5.854139653634193863e-01,-5.833389309788009625e-01,-4.036212336141130064e-01,6.639113352409703461e-02,-6.667550414366325562e-01,-9.582349275643506914e-01,-1.160170145049464807e+00,-5.098025753940838012e-01,-5.506978476532828903e-01,-5.420409258264078378e-01,-5.494409485644862201e-01,-5.833518964475062907e-01,-5.755032768705875545e-01,-6.339400054396832074e-01,-6.241597511659379149e-01,-5.471599939460680684e-01,-4.726676421599235733e-01,-4.623544629449881094e-01,-4.618010622692951261e-01,-4.699942226011262769e-01,-4.899789386697785409e-01,-5.119031339282890114e-01,-5.393509497059083557e-01,-5.587334012963994789e-01,-4.546803817215158694e-01,-3.286510699822222659e-01,-3.360522424394178920e-01,-3.361747984516239574e-01,-3.331782017020931130e-01,-3.881755720212935468e-01,-3.968775078134684775e-01,-4.054229980403158962e-01,-4.378048112374539058e-01,-4.301789652333640190e-01,-1.971924911189241736e-01,-2.214190896392179142e-01,-2.127235263470204918e-01,-1.914999526458742163e-01,-2.534997763084743116e-01,-3.011315749471238923e-01,-3.156544081945190650e-01,-3.182918787991849685e-01,-2.589863295635764784e-01,-1.704808132317865987e-01,-1.665922922097321235e-01,-1.661612619777371735e-01,-1.678438219919238250e-01,-1.825358618793851140e-01,-1.575683667361569285e-01,-2.190458774263415176e-01,-2.134640727686630546e-01,-2.263693911694954208e-01,-1.353639798622173207e-01,-1.427048037801673108e-01,-1.618189445901546397e-01,-1.479347150031579405e-01,-1.721990098842392514e-01,-1.544335290106592928e-01,-1.667226996702663167e-01,-1.459743734544978744e-01,-1.797972509727151225e-01
4.178368237897611692e-02,3.888546575799020633e-02,2.707246235924798405e-02,1.173459856768277465e-02,-3.480763264080827257e-02,1.055198188019105809e-01,8.597432916644183187e-01,4.634646749377075992e-01,6.055683724448310823e-01,1.764256721712323395e-01,1.747578058114514221e-01,1.623012443200488042e-01,1.644313928017586690e-01,1.626924439417767876e-01,1.545586703727442890e-01,2.011991404636452319e-01,2.244966217463142955e-01,1.046334501578736337e-01,1.626433729118333393e-01,1.485884998378687316e-01,1.454226992619795100e-01,1.509617231416645611e-01,1.478268108066395081e-01,1.529717139902276313e-01,1.759801816805622310e-01,2.051099902575737044e-01,1.513901648542890221e-01,1.213355163337322823e-01,1.239187736564189846e-01,1.241366295468198655e-01,1.201504823410869671e-01,1.327718163449399524e-01,1.257181091656613403e-01,1.325747064076463755e-01,1.592389024469396119e-01,1.888361134069586889e-01,6.758904395602585713e-02,8.857152531002111806e-02,8.941850278832788601e-02,7.346336732948852144e-02,6.850347347968378797e-02,7.275993193117888391e-02,9.248515570969642607e-02,1.077191431748735218e-01,8.239004991194363858e-02,5.770636613916439728e-02,5.697460016525564969e-02,5.281175940726196005e-02,4.856508911624944635e-02,5.125416224443857249e-02,1.708293557542764352e-02,5.711348913657038340e-02,5.862298531712462069e-02,7.259964139806804329e-02,4.068387203771335614e-02,4.810322165987530874e-02,5.317690766324837531e-02,4.018952640766160211e-02,3.293284662766424176e-02,2.318356908350081846e-02,2.255137628167516728e-02,1.560860878115027939e-02,3.735369947861516549e-02
-4.299868445715756549e-01,-3.468213446775033626e-01,-3.329449693870208393e-01,-3.103419886598270949e-01,-2.878391541670330400e-01,-3.223798527583843221e-01,-3.354476524619028344e-01,1.883242891427973909e-01,-3.538968773034304460e-01,-2.261152080200724002e-01,-2.197108022663406546e-01,-2.197772290673340456e-01,-2.183386380562332141e-01,-2.165722373155978819e-01,-2.170214621614415529e-01,-2.337715041272700467e-01,-2.262905033345847805e-01,-1.488877433863413646e-01,-2.181820978951763412e-01,-2.097180420251439081e-01,-2.058280629249442661e-01,-2.049844837874564840e-01,-2.016825348682751706e-01,-2.066520343103602775e-01,-2.129497569412502345e-01,-2.358147673276164702e-01,-2.018028874147032581e-01,-1.586051298241255014e-01,-1.587511259986483791e-01,-1.584754164145069089e-01,-1.579924393848322062e-01,-1.630495209578526894e-01,-1.579822337844658808e-01,-1.599516427088359671e-01,-1.645587840505499111e-01,-1.517297018183734469e-01,-1.045797869148502868e-01,-1.159117637511066085e-01,-1.144270229680295348e-01,-1.069777063283243734e-01,-9.664572497729867484e-02,-9.963589726990071394e-02,-1.064598256358605943e-01,-1.139835911363556165e-01,-8.791118484649312892e-02,-8.957355303129085899e-02,-8.534233954358096119e-02,-8.720850093924564783e-02,-8.466978554428285231e-02,-7.969674638302372272e-02,-7.259757805631875116e-02,-7.955621048687472330e-02,-8.071512935363649166e-02,-8.166345981360370598e-02,-6.975951357509165007e-02,-7.788699716195014722e-02,-8.026751132309480063e-02,-6.902595122253728233e-02,-6.593800885676906476e-02,-6.256162299755387013e-02,-5.741841629552714432e-02,-4.403443459535238969e-02,-6.679072397063227917e-02
7.980328214542656284e-03,1.417241248092476757e-02,2.123730887787764546e-02,2.526565779355004898e-02,3.110293776092261375e-02,4.301668742844655391e-02,5.682735049456053011e-02,6.190960680812213068e-02,5.511618054413934820e-01,2.766125481200593095e-02,3.127868411967311968e-02,3.434353292633385984e-02,3.688998888692020944e-02,4.077070459851483281e-02,4.784848968913579803e-02,5.790112675017199118e-02,6.210160475094556043e-02,8.169434673705086580e-02,2.790527302637080265e-02,3.122234475538076398e-02,3.330004209102617463e-02,3.530194623580697189e-02,3.784039406877036382e-02,4.090242840288623588e-02,4.759874942545458398e-02,5.877658229495309750e-02,5.413272063878785123e-02,2.414440863074518440e-02,2.699504778076138728e-02,2.846608742218029869e-02,2.935247772239141240e-02,3.038410431203948658e-02,3.164402656274308001e-02,3.483505872328485076e-02,4.152756995066628209e-02,4.548414861945976329e-02,1.171006958239531257e-02,1.827721232110695454e-02,1.967224804284967848e-02,2.113218101787809819e-02,1.933107311809220685e-02,1.929010342966493152e-02,2.158343364994325456e-02,2.392801830111174199e-02,2.629924833176725679e-02,1.620167096075599000e-02,1.725850213276392334e-02,1.782715734894925810e-02,1.810589554889338940e-02,1.642888281747180781e-02,1.094701311349539560e-02,1.501392657961682017e-02,1.674291593472983231e-02,1.922972823351165594e-02,1.364001774481411050e-02,1.499177645779525836e-02,1.361649491560526157e-02,1.290190749681922530e-02,1.132368619769593548e-02,9.864710291801373487e-03,1.005795060009453956e-02,8.328147488634196627e-03,1.477916030881273879e-02
8.513306877516296778e-01,2.121675138226117863e-01,1.513628711456551333e-02,-1.419984535389007263e-02,-3.457851523411989425e-02,3.365624397837269077e-02,2.293730814480594293e-01,3.745884933556855589e-01,6.537583004634128780e-01,5.041496328662402604e-01,-4.405245839779999839e-01,-4.882923334107335256e-01,-4.934310362317682608e-01,-5.075109830706385772e-01,-4.771457885945639132e-01,-3.769794584796156145e-01,-1.942750541007877141e-01,-1.249554556897466001e-01,-3.707341619961228019e-01,-4.489454482968828208e-01,-4.415912861045432902e-01,-4.440631224541328193e-01,-4.728081637473280918e-01,-4.688686298000454000e-01,-4.152705126739739128e-01,-3.030454991444405666e-01,-1.359889059446462156e-01,-3.184765657395839944e-01,-3.374913361574936599e-01,-3.461131034581634847e-01,-3.464209254741394406e-01,-3.594905176101285127e-01,-3.600392557132860438e-01,-3.418489697788513193e-01,-2.769222267087905753e-01,-1.994349180473551919e-01,-2.603095526092705780e-01,-2.647616769584467677e-01,-2.611286886083427627e-01,-2.334227199940697162e-01,-2.211723133125677310e-01,-2.689652926887192708e-01,-2.598522542199189211e-01,-2.539716623813512708e-01,-1.382935953764030668e-01,-1.953368567624363950e-01,-1.873852934994882369e-01,-1.893744892433906757e-01,-1.836015966831797963e-01,-1.769892968659827759e-01,-2.385920927659572199e-01,-1.825514851675024697e-01,-1.679259826164502534e-01,-1.249649166878220446e-01,-1.805937122123654204e-01,-1.718590622393066647e-01,-1.748149866111692874e-01,-1.625049409443769521e-01,-1.551765533931093732e-01,-1.559901306515040220e-01,-1.520576194349757271e-01,-1.329259720106681919e-01,-1.022893563558094632e-01
-7.786436659252194969e-01,-1.100803606740720642e-01,-7.737020446825226827e-02,-1.705646885980766081e-01,-1.486623944584501977e-01,-2.776973115987070861e-01,-5.486549294101776830e-01,-9.461879234407687411e-01,-4.485351445629136569e-01,-2.816850706831340312e-01,7.052157820938763644e-01,1.518205646074275439e-01,6.697577546380006908e-03,5.318071194310441951e-02,-2.755946262220043685e-02,-1.974002300570256163e-01,-5.658116216703887869e-01,-8.750348886573140472e-01,-3.472913042586755483e-01,-6.274734214342167493e-02,-9.491501335197069511e-02,-3.615614741145034561e-02,5.662183094309500286e-02,1.607723446294419267e-02,-1.015732413921311694e-01,-1.591355721403738821e-01,-5.054448865077282305e-01,-7.624603094472034992e-02,1.750533981732209365e-02,4.252021460913379958e-02,4.606923451168691563e-02,9.846242760118148474e-02,6.904036664445489802e-02,5.639045486926674844e-03,-1.064769881040854987e-01,-2.206611686555091101e-01,1.316455428608984124e-02,-5.626947930342614257e-02,-7.044537450601286166e-02,2.350683240423372122e-02,-1.363001430517558898e-02,-7.221886440860889045e-02,-6.276227084398230960e-02,-1.248633825777089451e-01,-2.220762029975142937e-01,-1.154659037745931760e-01,-9.277230401754549272e-02,-9.297639870731948253e-02,-1.025686625550695369e-01,-7.657409414848773133e-02,-1.416031116838238901e-01,-1.178323200500513285e-01,-8.531765891421363990e-02,-1.806801465859514955e-01,-1.625072255469320881e-01,-1.511528064065237875e-01,-1.692417565865159679e-01,-1.647287202629458269e-01,-6.250620518144890669e-02,-6.319146522847203518e-02,-6.520004883740036783e-02,-2.937672807016395229e-02,-1.485734118637791479e-01
5.932613772462056456e-01,1.012686396702014990e+00,1.211048849938101579e+00,1.032629971124891632e+00,7.680090697229180474e-01,7.495521495780349541e-01,6.609734694663857990e-01,5.373017173859290230e-01,-9.638547208373172692e-01,1.145127473506627691e+00,1.397380963667117726e+00,1.699846751331052230e+00,1.397654423657881839e+00,9.986294967279701895e-01,9.466599125092912681e-01,8.810422891088187658e-01,8.215353397822701131e-01,1.121468520293581239e+00,1.191834358019129736e+00,1.129048019384376156e+00,1.188228764551514383e+00,1.055359781111455231e+00,9.057691835091422616e-01,1.016256683741338041e+00,1.050270944214314106e+00,3.598028395199645568e-01,7.758111059529032572e-01,8.272624805449400043e-01,7.733835014724435020e-01,7.488530057013286223e-01,7.432252980663911490e-01,5.384512959815209721e-01,5.277898184620892774e-01,5.993547758345109111e-01,4.901113797654849114e-01,5.022251651566369546e-01,6.487168887982867060e-01,7.980910660373334853e-01,8.411414599626744204e-01,6.361955560601386672e-01,5.526333394880413863e-01,7.520998273846960513e-01,7.061153006129951004e-01,6.858354389777041593e-01,6.331497921063692358e-01,6.731834327778172256e-01,6.486182535824606132e-01,6.678209724404353675e-01,6.360591053565576303e-01,5.055931183055580869e-01,7.359647894999671314e-01,5.999006136597123673e-01,4.146796931803276021e-01,4.487843535191068378e-01,7.653395826064485208e-01,6.657431803657783975e-01,7.398369882336615078e-01,7.674086681571686830e-01,3.195350621569255090e-01,2.903017887192716473e-01,4.156641880432688785e-01,3.426666972986107118e-01,2.498083565195477196e-01
2.151609839408862968e+00,8.040186602447000341e-01,4.271153266701974704e-01,5.534438782476582830e-01,5.428673220397803867e-01,6.615895933968579667e-01,7.685141124205202567e-01,1.281884570963938375e+00,1.675779905145506232e+00,-2.740810782413648228e-02,-5.180595651035757587e-01,-3.541395926013061191e-01,-1.021326561182517301e-01,-1.420468884692242528e-01,-2.458480132249225014e-01,-1.197763521841291312e-01,-5.175451102227103702e-03,4.397734647708778644e-02,-1.054141889566328205e-01,-3.524482278866889473e-01,-4.595137732372998607e-01,-4.513018023477631258e-01,-4.445799554622533178e-01,-5.528574067974737494e-01,-4.743906317053470101e-01,1.509372470717833259e-01,1.427671962572357733e-02,-2.564298975210468345e-01,-3.558502905317154630e-01,-3.853311544792810128e-01,-3.916909370239867183e-01,-2.354546720105326063e-01,-1.743431470035376463e-01,-1.756653554085055302e-01,2.417590971982187809e-02,-1.490763738496231339e-02,-2.778224496508212016e-01,-3.867552684663961848e-01,-4.042989922452944196e-01,-3.283555736659156676e-01,-2.715650832381099056e-01,-3.455226288009713986e-01,-3.089764062649741350e-01,-2.341604403039904692e-01,-5.957855274423290437e-02,-2.050636097044771511e-01,-2.346199590553328940e-01,-2.926218105211599307e-01,-2.594077274000285982e-01,-2.130562905796132833e-01,-3.012340386231155964e-01,-2.363086385294793090e-01,-8.343575042044720780e-02,-3.266961127295878176e-02,-2.650218661601019265e-01,-2.461395767476342311e-01,-3.331131368344750210e-01,-3.685454949207118136e-01,-3.254404599810688248e-02,-4.094779723441817343e-02,-1.715364417218566695e-01,-1.240533635587627720e-01,1.051105711944091692e-01
-1.843312148262636896e+00,-1.051126675085229945e+00,-7.485695026878412817e-01,-4.722246806920972206e-01,-9.372457953576929235e-02,-7.281755416523372215e-03,3.554793393322869255e-01,2.798192712809425275e-01,-9.522068204854892137e-01,-8.904447824483632812e-02,1.155992793286821640e-01,3.208727895450480538e-01,5.478629089065565339e-01,7.807444336814920449e-01,6.338798476117505354e-01,7.171917496202733222e-01,1.136763879111476250e+00,5.074953334825329510e-01,-1.249942870485871438e-01,2.194536037075350832e-02,1.618513856133113604e-01,2.988175316686226268e-01,4.590609732229449791e-01,5.008562688684419228e-01,5.501116264920007382e-01,8.242469813622426145e-01,6.198142895183069712e-01,4.688139597513696355e-02,1.863173446297787805e-01,2.807106653041342437e-01,3.421609987804081765e-01,2.789899615254635146e-01,3.751911433324464085e-01,3.847455334180979181e-01,4.474573790515328220e-01,5.759136977798235968e-01,5.077310933190275211e-02,1.383550278036626002e-01,1.496755230383491897e-01,2.021363549207570998e-01,2.838051892386858066e-01,2.239199098405815769e-01,2.655973495245064209e-01,2.837197829518250392e-01,2.814960530796834504e-01,1.173338039022307766e-02,8.594165264892372758e-02,1.481203967223781448e-01,1.649512022369392372e-01,2.336505112421346231e-01,1.150098225481328285e-01,1.508250569585198875e-01,2.218418974189557691e-01,2.084912273085697820e-01,-5.704747415879307670e-02,6.408618363251269989e-02,7.732683502116889651e-02,6.835653025410209915e-02,1.002559907422837793e-01,2.007216594731046355e-01,1.259520953857878600e-01,1.903704500089804241e-01,1.895107787322434234e-01
-9.904575945407476656e-01,-9.806056907156500690e-01,-1.033670246386730662e+00,-1.275820707035230983e+00,-1.345489847916788273e+00,-1.619118189659170204e+00,-2.067662445833272411e+00,-2.120334180575000005e+00,-7.071419640028744902e-02,-8.535784251076616869e-01,-8.027289471568735957e-01,-8.679415875355986909e-01,-8.806517811844284394e-01,-7.295384741154024022e-01,-5.651132261869028506e-01,-1.425578608021884630e+00,-1.973874659353901384e+00,-1.656088170269512938e+00,-6.578133902830247681e-01,-7.196709312600416686e-01,-7.979736122307617974e-01,-8.715222314358695987e-01,-9.785907025552577077e-01,-9.828268683490642976e-01,-1.132953345038110626e+00,-1.514098103295393072e+00,-1.548095936661548322e+00,-4.179784491780976219e-01,-5.068303781105131245e-01,-5.950920557690436707e-01,-6.589954742087498207e-01,-6.243322706049594384e-01,-8.400246320337967365e-01,-8.705159576681330558e-01,-1.016733667505853145e+00,-1.120363166298273816e+00,-2.807824593109495837e-01,-3.289010877227774854e-01,-3.215749609505029749e-01,-3.671363036662524948e-01,-5.087901678984900755e-01,-5.607348936619215296e-01,-5.875011533821574705e-01,-6.406164729402091806e-01,-6.978646682339983975e-01,-1.734718435806150150e-01,-2.309616973431683207e-01,-2.715274628271016066e-01,-2.993816899343106908e-01,-3.561509355355733653e-01,-3.735349337136225079e-01,-3.736171965405403750e-01,-4.820866805275083600e-01,-5.214434373129221978e-01,-6.989725215316461293e-02,-1.335576467432877112e-01,-1.521244723405738297e-01,-1.495466182180968384e-01,-2.460727306158352334e-01,-3.619967648675846972e-01,-2.926730047325802886e-01,-3.677699306115202460e-01,-4.433478938722008600e-01
1.362846778350376375e+00,1.057098004323725471e+00,9.667352261934145652e-01,1.081344205540817116e+00,1.125442950549701004e+00,1.435405637992855921e+00,1.693092434994962314e+00,1.468954944377428351e+00,9.466766602550955589e-01,5.045720667878210719e-01,4.584551737410383909e-01,4.652393172678207511e-01,4.743247588019499084e-01,5.453863642092018349e-01,7.938728343780594443e-01,1.637371864963161450e+00,1.187574879036976006e+00,1.226472297134765022e+00,3.864002155693688767e-01,4.040016736476726433e-01,4.410722136347122735e-01,4.639681079334905256e-01,5.177349425979974606e-01,5.185542260950968263e-01,6.486184108643258117e-01,7.773357894993502271e-01,9.574146279516104752e-01,1.975078563074426918e-01,2.388240992795047368e-01,2.847904927732058389e-01,3.046001666921354656e-01,3.524488755465537970e-01,4.974298616005169427e-01,5.036858286405294649e-01,6.054493755186654003e-01,6.536519072506455919e-01,1.094935083849988278e-01,9.734234303049268955e-02,7.824264271039681196e-02,1.182499930674445754e-01,2.601736975736020363e-01,3.516064257473769938e-01,3.349097441220820204e-01,3.583543135929999068e-01,3.860915170523324669e-01,-8.796942924109568684e-03,1.951273371990894234e-02,4.285820402666912221e-02,6.045253681256257394e-02,1.247532292610582100e-01,2.247918753400588721e-01,2.241734841496017538e-01,2.585658631136107943e-01,3.016919431387711237e-01,-6.223976352504134724e-02,-4.103618773309915257e-02,2.478367049037949466e-03,1.100711797746334319e-02,1.058164931852883378e-01,1.759089895650668423e-01,1.775110446192417202e-01,1.921709710925738612e-01,2.556234895795490014e-01
4.678449334618357547e-01,5.486148407251756343e-01,5.852445962410357527e-01,5.447008192591267228e-01,4.091425719283190432e-01,2.835738095346292398e-01,2.928625135857942374e-01,5.986690326685248920e-01,-1.991660751109181615e-01,3.765397150439147023e-01,3.707816063017377872e-01,3.711431171408082763e-01,3.514535154319911037e-01,3.057108132492086239e-01,2.394124352442475456e-01,1.849161474801901406e-01,8.666755779398447324e-01,2.599366189735367039e-01,3.553019885591226501e-01,3.419512967239538015e-01,3.164920146548118041e-01,2.923122063331444753e-01,2.729284332172661198e-01,2.629078193217755932e-01,1.845417933349670636e-01,1.988639214805155708e-01,1.256556791388384053e-01,2.294717807044711066e-01,2.202113033830737088e-01,2.059338993204669621e-01,1.969685894743220256e-01,1.789067372543603485e-01,1.449239522075507214e-01,1.362475412203213443e-01,6.711754407158324054e-02,2.374655973565609202e-02,1.653165529501312847e-01,1.809391975945195130e-01,1.632073495272366725e-01,9.726134037726394399e-02,7.714208256548731046e-02,1.241623748490198742e-01,1.206753151384907519e-01,1.326636643123160764e-01,1.337112936614508196e-02,1.377673720578015681e-01,1.107904414493556949e-01,1.095604401972444519e-01,1.052793248439213430e-01,9.412949526179911763e-02,1.520670371486871064e-01,1.064897043088257611e-01,8.675990204852131182e-02,3.847459928113192151e-02,1.341642484947072334e-01,1.242547016581333902e-01,1.294303852010315614e-01,1.042507240427841819e-01,1.143310373614321307e-01,1.104224087900002871e-01,1.124483694628115038e-01,5.872701039280660285e-02,2.715248693894087989e-02
1.349040049526316620e-01,1.083824407436588810e-01,8.924798373124248618e-02,7.215356381529891561e-02,8.569329439037073892e-02,8.351306049016571365e-02,5.292644818872949131e-02,1.011597926804457259e-01,4.829945852963511976e-01,6.324353279262033556e-02,4.990982064836102516e-02,4.040632841943009312e-02,4.017216026740039192e-02,3.836680801396165352e-02,3.511156528412770483e-02,2.541542500785343162e-02,2.542741167406381564e-03,6.246661537873043901e-01,4.810144744673176820e-02,3.438345125713920813e-02,3.054305701606746526e-02,2.955109920421514214e-02,2.864285562379707134e-02,2.879543577735220461e-02,2.780534083857055805e-02,-6.442662252179487403e-03,6.274755148902894097e-02,2.214098191824600409e-02,1.794440548371506461e-02,1.835629355587475864e-02,1.886296380789767579e-02,1.932623642667248565e-02,1.745900721503057529e-02,1.824251532371637397e-02,9.996625361911280760e-03,-1.349324003852986342e-02,1.021882465463400114e-02,4.310766233902696420e-03,4.596378598684919270e-03,1.012899669581066031e-02,1.159483471248073938e-02,9.195496696888710852e-03,1.228240979198755300e-02,1.026433537078515201e-02,-1.138043088487888932e-04,5.812242551324009465e-03,5.613428834388950461e-03,6.913129593882599844e-03,3.832902619371858499e-03,2.844599805426756278e-03,-8.284731336762829468e-03,4.752525709931454401e-03,2.385042503353168586e-03,5.160459613596291018e-03,3.800195968428558835e-03,3.085966325562600199e-03,4.664127684272434404e-03,3.190275860662006302e-03,-1.819285236984727328e-03,-2.774507076182819443e-03,3.481980070868528898e-05,-1.499357537969051024e-03,6.650653639132225736e-03
2.819473878789222621e-01,4.291276367355703614e-01,5.021044164587633585e-01,5.093066787498772285e-01,4.700841545820901857e-01,4.282064464397243864e-01,3.058946884763757978e-01,3.352805616677572154e-01,-2.249804014536494479e-01,3.744931580418314199e-01,3.868681343241910375e-01,4.069342362906500088e-01,4.217018927832580921e-01,4.575736188576958741e-01,4.619335445287129915e-01,3.699907975179246300e-01,2.319063541438566300e-01,1.342918190387191735e-01,1.160916130868425267e+00,4.103180095546908324e-01,3.699777782880090959e-01,3.803590846726831454e-01,4.387151065468622435e-01,4.473768337418300711e-01,4.117978174834346916e-01,3.110669365235066985e-01,6.326417660348815364e-02,2.514769245983325963e-01,2.750851049847595764e-01,3.136963173950361727e-01,3.179648971438630567e-01,3.360921725891825584e-01,3.267721511361568187e-01,3.232860004028577650e-01,2.902794279541670019e-01,2.348577017007452139e-01,1.950761883538887909e-01,2.767480559402584195e-01,2.769069275170834565e-01,2.205391500946307926e-01,2.038997249995294081e-01,2.543261602214769157e-01,2.286018824323315379e-01,2.506793732991062229e-01,1.631976763308912726e-01,1.096103547139666567e-01,1.496120294218655777e-01,1.509420637896259909e-01,1.551486135618072026e-01,1.476132790636110192e-01,2.954249193445815380e-01,2.006021540635369582e-01,1.814485997012956764e-01,1.924238084140663940e-01,6.560619258446914737e-02,1.096670219948603503e-01,1.191749932720676947e-01,1.436210521960720188e-01,1.200732402318406417e-01,2.096006320117216881e-01,2.069752026781861431e-01,2.238171738378096354e-01,2.329486738939939849e-01
-2.570545247347746365e-01,-6.054877225802132168e-01,-9.813104349783083880e-01,-9.088702570499940236e-01,-5.980733416348762432e-01,-5.312658579177328422e-01,-3.916307253586956971e-01,-2.532224421710538298e-01,1.491567388530101290e+00,3.744904661922306977e-01,4.578591478861937514e-02,-3.494088402644560665e-01,-3.806954859835398053e-01,-4.102842070257161078e-01,-3.121902662999182509e-01,-1.158995118568663107e-01,1.205498835595084639e-01,6.268445228772500100e-01,6.913661247184840208e-01,7.896214553706413231e-01,5.363441368894406036e-02,-1.551664213165666606e-01,-3.167570833372492234e-01,-2.722266692729266579e-01,-1.662961969086749203e-01,-1.719320239898883274e-01,4.667693726350548022e-01,2.388523279380832531e-01,3.230335613637130843e-02,-1.166327336283793370e-01,-1.458498345774836835e-01,-1.681548913010079693e-01,-4.279308071947818259e-02,-3.531213048099907104e-02,-2.854414974674479577e-03,7.999468334092835198e-02,-6.745591509899717675e-02,-1.171398728821378410e-01,-1.881650270466756480e-01,-2.701078231991919099e-01,-1.665274508739147397e-01,-5.545197900770726385e-02,1.844275618116036908e-02,3.931732970811985250e-02,-1.237360937889284140e-01,1.683126707668481936e-01,9.619529872366250345e-03,-3.369954804994884645e-02,-4.223995231884006274e-02,4.034255574511982911e-02,-1.750674057848181364e-01,-5.969245001767586878e-02,-4.144131624169206107e-02,-1.149680240594717073e-01,2.459433211086075322e-01,8.976884983512206651e-02,1.330454438745642953e-02,-9.475736579032589812e-02,7.417581437785664145e-02,-1.456330590122994484e-01,-2.036410881974988485e-01,-3.355677953534439983e-01,-3.341556751280911897e-01
-1.503672675596985142e+00,-1.116635684767254055e+00,-7.910190754204604602e-02,9.151781444103335161e-02,-1.569223234402478129e-01,5.600871042075428186e-02,4.208457373417369141e-01,6.812809278053104656e-01,-1.398234795967285615e+00,-2.425564149078036635e+00,-1.834611273911570084e+00,-1.065516421558510896e+00,-1.118617008234067622e+00,-1.225811199219734249e+00,-1.346156457860369748e+00,-1.196229505806813531e+00,-6.329231494687981296e-01,-7.590093511783976288e-01,-2.616400056465420842e+00,-1.675186256977509558e+00,-9.532567521064734262e-01,-1.175985149860716117e+00,-1.354420534785962804e+00,-1.616538443737434161e+00,-1.645331934778428984e+00,-7.033099817025363354e-01,-1.350317347785346955e+00,-1.832952653782425667e+00,-1.464772757809525316e+00,-1.243207500094473339e+00,-1.205219172829778529e+00,-1.168956342262322146e+00,-1.330247842568597738e+00,-1.295357606032488285e+00,-1.083762166790710024e+00,-8.283949551813110102e-01,-7.590949392336957535e-01,-9.393045725246406130e-01,-7.831785722456152676e-01,-5.227256015476163808e-01,-7.079682544305656577e-01,-1.149461712519435075e+00,-1.201484464310096811e+00,-1.116180277321732195e+00,-3.592530201149396474e-01,-9.740014390623430440e-01,-6.742593226211065494e-01,-5.703465185580148811e-01,-5.399255987248670063e-01,-6.388325032948518611e-01,-5.887189901851277440e-01,-5.880451888960562812e-01,-5.235722039630742453e-01,-2.535142487562093705e-01,-8.746105140834374847e-01,-5.284546743134590496e-01,-4.293399643399519738e-01,-3.267982627390161321e-01,-4.939439825610547619e-01,-3.349809297913248773e-01,-2.430130208843951645e-01,-3.636934106325123706e-02,2.036410317000408865e-01
-1.281870105820825056e+00,-1.315116593685868418e+00,-1.988694265192877619e+00,-2.091057634420858680e+00,-1.961717411047189108e+00,-2.231776423315515956e+00,-2.358542385836808641e+00,-2.777238493279344134e+00,-2.243906896092783043e+00,2.992840847913197377e-01,2.610431614888078511e-02,-3.215602403754406202e-01,-2.162592005094596814e-01,-4.468825243479394860e-02,-8.751062788253802238e-02,-2.701101865596755580e-01,-8.225562007475254456e-01,-1.013669680565902453e+00,4.324179122364332217e-01,1.890801848706605559e-01,2.126262740442504129e-01,5.720785212028917099e-01,6.628770166260675722e-01,6.326498550780039754e-01,5.667822555966988141e-01,-1.814635093340866701e-01,2.987217646531581394e-02,5.946913939340062738e-01,4.231063036778130448e-01,3.230860438057120421e-01,2.966400188214071698e-01,3.134922516067009113e-01,3.674038157715416308e-01,2.992607152363655487e-01,8.697115904667167274e-02,-9.653404560753753305e-02,1.274198204285607594e-01,2.204316104367431695e-01,1.203432878362540315e-01,-3.397272951435217903e-02,1.177318119625732906e-01,4.583021051400842372e-01,4.438202494399284825e-01,3.519460779003490969e-01,-2.270355395765298601e-01,2.539214359204627902e-01,6.953397632820315644e-02,2.151068020060040165e-02,8.104539822923251258e-03,3.507576161072337162e-02,3.308022247289815754e-02,-2.436033593546332865e-02,-1.128562028319189947e-01,-3.300991017770887326e-01,1.785231284347443270e-01,-6.277902022327012943e-02,-7.635934916307256237e-02,-6.224767672081524261e-02,-4.971877590853084061e-02,-1.322806146294474572e-01,-1.467212157601573141e-01,-2.843649402496467582e-01,-6.653979857941493270e-01
3.259835115029242614e-01,3.564448903904923194e-01,3.142825811788190205e-01,6.842555243412468124e-02,-3.836906287635574175e-01,-3.433139109116812859e-01,-6.277250235653760724e-01,-6.236096899955236861e-01,1.323700002844939050e+00,-3.331195485453504190e-01,-3.010260967705943869e-01,-3.619336066995026968e-01,-5.145754849132302411e-01,-6.753854422515279676e-01,-6.673130062017909037e-01,-7.578727594626945008e-01,-9.598399872042104874e-01,-2.344245987968716083e-01,-2.713592899387532453e-01,-2.725514520729919177e-01,-3.334282794739683586e-01,-4.030877879498817595e-01,-5.234548985181901593e-01,-6.633043180306195108e-01,-7.676436130141019998e-01,-8.898333123498231023e-01,-5.559505257460632954e-01,-3.860895150681598054e-01,-4.505044617274157059e-01,-5.153187075390939231e-01,-5.599848356320887843e-01,-4.787339086061311866e-01,-5.931292485839019246e-01,-6.037612713947686505e-01,-6.273011840207771694e-01,-5.632550154441587908e-01,-3.151025120365726351e-01,-3.096345041653211227e-01,-2.958637449591662305e-01,-2.847001519843056494e-01,-3.746708929724220649e-01,-4.533931987868166646e-01,-4.958059585805767999e-01,-5.139447188954419099e-01,-4.263188489192356601e-01,-2.491954950103748567e-01,-2.734854219943230191e-01,-3.001216994384554582e-01,-3.111510992397499842e-01,-3.153696576586525468e-01,-2.673858946489324206e-01,-3.462111435076724586e-01,-3.268363038604253923e-01,-3.046568488570586264e-01,-1.710263495284405078e-01,-1.990789012111040257e-01,-2.292368127034634107e-01,-2.298751632558454217e-01,-2.401442878954007099e-01,-3.138660871562798937e-01,-3.211359859474040568e-01,-2.649827781220343015e-01,-2.161278867231447021e-01
3.355951797544712623e+00,2.437670621792977776e+00,2.174581307500684346e+00,2.377195948711941842e+00,2.791713383552851369e+00,2.811549650498866182e+00,3.139373285124876123e+00,3.833999055916286203e+00,2.451267931644202758e+00,1.216989188113761555e+00,9.779075522583953184e-01,9.329808372510294268e-01,1.116039151966829124e+00,1.340896654210226524e+00,1.285495671686849084e+00,1.298417907415844397e+00,1.979938498567705984e+00,1.714148756052313649e+00,1.028925370562791208e+00,9.233560105288933784e-01,1.024916272255222527e+00,1.184690723498061704e+00,1.528227991257140150e+00,1.688744109486713718e+00,1.138230291182235732e+00,1.284185420734121452e+00,1.593709223343393599e+00,5.784006556122445186e-01,6.340198489281025918e-01,7.168661505073079532e-01,7.801314681509439186e-01,6.677515061899670368e-01,9.109683829708480340e-01,9.476150197189281421e-01,1.095789217851553587e+00,1.181576066021374327e+00,2.321457532918493327e-01,4.280664151184472854e-01,4.028001916072110333e-01,4.234246205702308363e-01,5.180089820316510218e-01,6.382924852972560181e-01,6.862909123187812543e-01,7.726938230171770394e-01,8.079756214245322754e-01,1.673007897122240628e-01,1.938025739051660312e-01,1.800367095006113471e-01,1.800919783386515372e-01,2.781865118217738408e-01,4.919149335141373980e-01,5.494992532103414318e-01,5.300812225399696986e-01,6.158359375409229175e-01,1.428536836782997588e-01,1.114884400322684183e-01,1.640894299230384878e-01,1.122709193717491283e-01,1.941219688471068627e-01,4.129681022600820151e-01,4.742637385311855858e-01,3.870227903289684135e-01,4.635535978654801714e-01
-1.180439984476651327e+00,-3.412284407666872355e-01,6.567529639800895325e-03,-5.359019470880554969e-02,-2.894277365459192453e-01,-3.857432810991189287e-01,-7.195218139751918818e-01,-1.018378340820163874e+00,-1.581400064108370085e+00,6.798133509599759705e-01,8.806031632897219907e-01,9.333685780702623003e-01,8.494860089648772483e-01,6.822946620794354544e-01,7.822459473814993292e-01,7.361785315161095689e-01,1.007541444937379849e-01,-1.212409867344344527e-01,6.560833624045607770e-01,7.160110577403651089e-01,6.959324804608135739e-01,6.631831308008757642e-01,6.259907073361750118e-01,8.583242938272024336e-01,1.462154564535087742e+00,5.733747212742810184e-01,-6.468843499917198425e-02,6.153081824461237304e-01,6.025938318126767834e-01,5.659779592553535466e-01,5.525607518208310864e-01,5.309219334376480415e-01,3.804253380157882614e-01,3.998508230442427980e-01,2.481833700430002843e-01,1.039705999071207643e-01,5.881639554951616500e-01,4.990338338684474628e-01,5.100501834632147347e-01,4.335434604058882035e-01,3.709608046292360850e-01,2.779994661641225218e-01,2.813616623195607236e-01,2.246186687279495553e-01,8.953915951213131663e-02,5.484503965071525489e-01,5.475637976477607527e-01,5.847153875197583783e-01,5.841460911484506191e-01,4.733554207871618069e-01,2.364400364876663718e-01,2.466504820550105004e-01,2.707144976487567689e-01,1.946936690485952526e-01,4.343849132136708424e-01,5.165946802912892988e-01,4.954881079260942123e-01,4.958139865577982364e-01,4.376885046411439495e-01,3.003021433348638802e-01,2.434564974090285827e-01,2.830059660351765261e-01,2.967049657336562341e-01
-1.134352521150429061e-01,-1.850942302365210512e-01,-2.647908290626030947e-01,-2.446185486380907381e-01,-7.916820612567598836e-02,2.150262127422930547e-02,7.098371511562084901e-02,-4.129649648586243282e-01,2.846803410843703475e-01,-2.099521625450793127e-01,-2.407420872730801076e-01,-2.386937195118323807e-01,-2.093531831489987560e-01,-1.732623535364987699e-01,-1.290322498604696833e-01,-2.833543283230466336e-02,5.926023058373108832e-02,-4.507705612507822979e-01,-2.076193599089264374e-01,-2.072616397945774569e-01,-1.846341437618275183e-01,-1.680259500986680532e-01,-1.670153619986629590e-01,-1.581766112403153457e-01,-5.725591503669447135e-02,7.335791445652054543e-01,-7.747863625336726123e-02,-1.207643426026105971e-01,-1.203581689420767376e-01,-1.076417962979820953e-01,-9.507131483363395752e-02,-6.748773596943102859e-02,-5.925823707021193876e-02,-6.794658939131537068e-02,5.590086468418187238e-03,-6.688096384109176729e-02,-7.304417428975884530e-02,-1.138365091254601724e-01,-8.919268702259386394e-02,2.702915836465646926e-03,1.431962425071453548e-02,-4.989984031643579510e-02,-4.361724179932990886e-02,-6.681540773311733794e-02,2.936194055253382729e-02,-5.418188477892699195e-02,-4.861014075117142674e-02,-5.800992331309129391e-02,-4.369709574298719090e-02,-4.396805392244701460e-02,-8.070096902864104527e-02,-6.046953362135176757e-02,-2.946804074539033369e-02,-2.950701630572527545e-02,-5.608959878378877439e-02,-6.349688843143092010e-02,-9.967653744663712567e-02,-7.363809188558329000e-02,-8.144264014824675879e-02,-6.413284939715141464e-02,-8.898421280226703756e-02,-4.777251437042662197e-02,-4.155060872221094659e-02
-1.430545911690279670e-01,-2.045892769086585794e-01,-2.085720040152356791e-01,-2.133592116641203074e-01,-2.288306886601187973e-01,-2.338668941694568293e-01,-2.190801201237462248e-01,-1.652042529010390171e-01,-8.667970612484909854e-02,-1.578257557373368147e-01,-1.388521239201070401e-01,-1.394808751464127194e-01,-1.478731446508123604e-01,-1.505856858347822680e-01,-1.574290454766900105e-01,-1.586886256504118631e-01,-1.346352051748479495e-01,1.176293468160182210e-01,-1.332995147074316211e-01,-1.207699501683345833e-01,-1.253260600308170325e-01,-1.306036271327233322e-01,-1.323163528430633118e-01,-1.352394338538738250e-01,-1.460013163692879257e-01,-1.230458423625651054e-01,5.709340819595759564e-01,-8.661486612011626285e-02,-9.058378534658695358e-02,-9.661647705110598672e-02,-1.019563334853199610e-01,-1.006408503994542514e-01,-9.828070142166689394e-02,-1.041229135468747513e-01,-1.081188320076764686e-01,-7.269095963022076390e-02,-5.936607659289111494e-02,-5.878880275071152184e-02,-6.075538288965598444e-02,-7.044504562934095215e-02,-7.628556713512801846e-02,-8.101933003320016535e-02,-8.149911520924812969e-02,-8.182441709998122814e-02,-7.302881901301550016e-02,-5.089488247290652190e-02,-5.011177863361271356e-02,-5.361912918079381196e-02,-5.678431575265519005e-02,-5.726593772045118769e-02,-6.853904565274204774e-02,-5.573414044032232173e-02,-6.465395602651169416e-02,-5.567108441360979487e-02,-3.848973193954102756e-02,-3.795854957030025956e-02,-3.257776004502127565e-02,-3.346676779627061338e-02,-3.826603413519480412e-02,-3.541995045506263207e-02,-3.218394906255794830e-02,-3.359654797696010053e-02,-3.436003132569440122e-02
-2.408541694016209433e+00,-1.821574059988415595e+00,-1.486733310191834079e+00,-1.394906448244233488e+00,-1.303677508572804289e+00,-1.416386971258527527e+00,-1.497731734973349660e+00,-1.671378739583973427e+00,-9.535767142873017299e-01,-5.893552517065585583e-01,-5.661852469190611359e-01,-5.339633586044871816e-01,-5.038060878927492769e-01,-5.329617470918677213e-01,-6.521091869208655023e-01,-6.460687696298625937e-01,-6.855448591595972863e-01,-1.091226330405766776e-01,-3.971410272312938528e-01,-5.369676419898952169e-01,-5.312893291801694673e-01,-5.035290163192873703e-01,-5.241346181163748508e-01,-5.869273012998077466e-01,-6.117796735238723027e-01,-5.672331331893866180e-01,-3.215323197976891478e-01,6.078928462034437485e-01,-3.442835145476209613e-01,-4.276961324588296476e-01,-4.005132318975755945e-01,-4.488074257838177150e-01,-4.427507763884630521e-01,-4.435533848663344436e-01,-4.472986004196137788e-01,-4.214534969125610653e-01,1.273509485653405715e-01,-2.751998188732848183e-01,-2.236647229334990383e-01,-1.634284862323022169e-01,-2.810764779400152236e-01,-2.763230986612021933e-01,-2.744108465821235576e-01,-3.275663603724198736e-01,-2.994842915718701759e-01,8.399012585877313475e-02,-6.096182244725917299e-02,-9.968377342682799291e-03,1.999384917280744300e-03,-1.591311762896880366e-01,-3.414974860877312279e-01,-2.747711428639628695e-01,-3.181144948527468430e-01,-3.490897074836393776e-01,1.614456231687083354e-01,7.033685043372261969e-02,1.698600239295496306e-01,1.280015068963783476e-01,-1.080169647897862295e-01,-3.415356234836689486e-01,-2.988224551420448627e-01,-3.857019013012765729e-01,-4.511854335407242123e-01
7.209877681231471769e+00,6.303494155513091002e+00,5.449500438415355141e+00,5.097514701343541788e+00,4.756791296274625935e+00,4.921404418527475677e+00,4.956937081709224202e+00,4.865985025635140460e+00,2.108464085145516975e+00,2.558202710163540061e+00,2.463056889456715748e+00,2.354837135659128666e+00,2.358398326327426631e+00,2.399407703799578240e+00,2.570860164596692421e+00,2.487463105515267614e+00,2.585984729678041383e+00,1.110601015496276656e+00,1.672900540780323464e+00,2.140116466509313309e+00,2.070476839213855946e+00,2.066568732087401994e+00,2.049957195519654718e+00,2.214859969142916274e+00,2.287750205503654932e+00,2.154052269784088924e+00,1.662571224597225950e+00,9.688528759994536887e-01,2.068543278259762364e+00,1.588913840573278780e+00,1.381634247559871742e+00,1.424277548640088265e+00,1.306009133007363321e+00,1.414577121133869575e+00,1.482127261573030319e+00,1.528358422822569729e+00,-1.339407559481076149e-01,5.301336100298421616e-01,4.330176748737080139e-01,4.985268380339141769e-01,9.123407104254500632e-01,9.138569788755168677e-01,9.265691404741608350e-01,1.141657477779193686e+00,1.200437299702158178e+00,-2.802817153471687250e-01,7.940419330559372879e-02,1.880066786283485225e-02,-2.948263702095410554e-02,3.064502055378879875e-01,7.635129782867244863e-01,7.538461663471395235e-01,9.127706964437536374e-01,1.116158638816457271e+00,-4.310484328901040274e-01,-2.332922767849566759e-01,-4.412310921172205580e-01,-3.525647803383403223e-01,1.941940796690758142e-01,6.830823042350832042e-01,7.648432296927980545e-01,9.716990638713671746e-01,1.224090098231377599e+00
-6.359096838712366306e+00,-7.454678579708724051e+00,-7.190300211345594050e+00,-7.007649066224375112e+00,-6.889589219290051858e+00,-6.765415746650164763e+00,-6.543155451821420776e+00,-5.703079532105521210e+00,1.056330772630387493e-01,-4.179350079845246313e+00,-4.149318962607495109e+00,-4.047372438983852128e+00,-4.356537281700639141e+00,-4.290874829796596401e+00,-4.169531939549358412e+00,-4.137552706801752578e+00,-4.405235770389229089e+00,-3.306953977558306335e+00,-3.095549639099775874e+00,-3.494930661997486254e+00,-3.573348366091874784e+00,-3.767015040872140119e+00,-3.715669826971721434e+00,-3.825150157698788966e+00,-3.876671908512547393e+00,-3.666210340591211647e+00,-3.508706390633301364e+00,-1.551046905697175404e+00,-1.899796009215989123e+00,-1.750703556464414223e+00,-2.073800463230430324e+00,-2.322343789539215386e+00,-2.223053216861758496e+00,-2.585275233491134195e+00,-2.557003739900518102e+00,-2.912436774690426056e+00,-3.851947686386716363e-01,-4.572913822637111325e-01,-5.768721689926860074e-01,-9.834387721732069654e-01,-1.547214087724764653e+00,-1.398427068691662889e+00,-1.557031665374450702e+00,-2.042303161752591745e+00,-2.496071225776588687e+00,1.573800819225450454e-01,-2.875359853576898161e-01,-4.934361661914344888e-01,-4.734349980429539140e-01,-9.290362265473911529e-01,-1.018980389781818374e+00,-1.355629151207222050e+00,-1.676822532054616177e+00,-2.036749755977348197e+00,7.435139054476534726e-02,-1.813594520949619038e-01,-2.182801176751736350e-02,-1.087801498764313368e-01,-8.041347028224195004e-01,-8.152818303140429990e-01,-1.197984978488259467e+00,-1.469091238565191304e+00,-1.814683971259642092e+00
9.904229808595015339e-01,2.954194552666591811e+00,3.275603305882031080e+00,3.367403186757235822e+00,3.700191411375515216e+00,3.566490094259284316e+00,3.398485132474138304e+00,2.744038729425400724e+00,8.285957081262607105e-02,2.405264556108405394e+00,2.585350305951251038e+00,2.554184458184928008e+00,2.911949792302188200e+00,2.923459168632426497e+00,2.818255984417834092e+00,2.818005245213293541e+00,3.083783532376661363e+00,2.620432626954258382e+00,2.042419861391852720e+00,2.180674258788173780e+00,2.358020223443199281e+00,2.576568400552345928e+00,2.579166294698060025e+00,2.589883311507551689e+00,2.578141997303688093e+00,2.422346033403087517e+00,2.342658538798004564e+00,1.008767310985851928e+00,1.198972297037529611e+00,1.576657930582713973e+00,2.054140891480453313e+00,2.034743733013018030e+00,1.925491727343366488e+00,2.114553317071138139e+00,1.912333120486486182e+00,2.090328371445497435e+00,6.361298934669707972e-01,4.515506772600516028e-01,6.094547757288376610e-01,8.863473992054867745e-01,1.148903440432965883e+00,1.041575587292158822e+00,1.191169320783568519e+00,1.487393339488821464e+00,1.782397168161087730e+00,2.172734946935907518e-01,4.606349721570086042e-01,7.095204213929758863e-01,7.205577537643522712e-01,9.875585961545969571e-01,7.877116474770939902e-01,1.071371516032291415e+00,1.250504443412168154e+00,1.411186091185465230e+00,3.493544296410361905e-01,5.422206559727007491e-01,5.170947768701816827e-01,5.495347666548360266e-01,8.683360504545949432e-01,6.748135505020977920e-01,9.136234489449570617e-01,1.073234903317074718e+00,1.175831951082949356e+00
9.859350407985871811e-01,5.665317857608731522e-01,4.911359547553022509e-01,4.647057254709583418e-01,3.148239899131588526e-01,3.468986881863636018e-01,2.318761642302664683e-01,1.252704856445712167e-01,-9.689047527878507093e-01,4.059197798296445558e-01,3.120148734946472935e-01,3.398226919969165039e-01,2.841222161182628270e-01,8.621331854862801514e-02,-1.138713269511315573e-02,-9.563893198756057146e-03,-1.604085478256211950e-01,-3.005003042957143933e-01,3.228250679252913091e-01,2.816996886887483953e-01,2.476407123676114264e-01,2.157796087503760507e-01,1.877232863989761746e-01,1.891440148458349846e-01,1.721534112920488635e-01,8.401997364733349016e-02,1.338045809409078579e-01,3.422499895545614290e-01,3.645170215200198571e-01,3.960073410736226762e-01,4.243270045307285798e-01,2.376189393888047396e-01,-6.840725064735542205e-02,-1.955371054329035907e-02,2.311974201697930553e-03,-2.916095584382927264e-02,1.186162227436205474e-01,1.276940237703507175e-01,1.255486085901375559e-01,1.333327845760131081e-01,8.669176618375196153e-02,9.824405800508473341e-03,1.907652552322880446e-02,4.815099979884163162e-03,-4.082148574919697293e-02,1.513214110416816194e-01,1.405735726144519693e-01,1.008023855402916946e-01,9.696828617307784448e-02,4.450854367622725238e-02,1.622157301774729277e-02,6.134446662775649983e-02,6.140144219805931947e-02,4.571291041902303398e-02,7.744761712901448991e-02,3.889761455047530125e-02,-2.514699170104550685e-03,2.438579878326324613e-03,6.597243716737621888e-02,-1.504068429822014163e-02,3.943240421758165137e-02,2.656778560670369771e-03,1.385501190845873642e-01
1.459404799461894608e+00,2.506361065282042944e+00,2.919070448748473545e+00,2.831272087907847901e+00,2.939872788328718123e+00,2.523031680792346521e+00,2.035268268646411194e+00,1.200300215757756916e+00,-9.092285247887941235e-01,3.105684901986613955e+00,3.150875452008249589e+00,3.146970093665103718e+00,3.200394765617333714e+00,3.421355091240612545e+00,3.130704540048165896e+00,2.999939005657136004e+00,2.442248581580782396e+00,1.891934812068114979e+00,2.799745688218100881e+00,2.826031559198706855e+00,2.943093418105017456e+00,2.963762519935313922e+00,3.052034657280313645e+00,2.817839423433178059e+00,2.638296501148786000e+00,2.445812372947634650e+00,1.907492630311330872e+00,2.170722200861246343e+00,2.195513203858412865e+00,2.253065626223830886e+00,2.197835880521795016e+00,2.576299581506309000e+00,2.732746138154052318e+00,2.086935152138324590e+00,1.861916059092878051e+00,1.735110452138017845e+00,1.382440135972292428e+00,1.193069035839777747e+00,1.298113594370419399e+00,1.329932485080755900e+00,1.490576572107793929e+00,1.528756895780730929e+00,1.539150098695061253e+00,1.425096592374811566e+00,1.774397991154608167e+00,9.886480169327784839e-01,9.846052113390856286e-01,1.106722022298923802e+00,1.100643065027372636e+00,1.337959035905578187e+00,1.252350588967754863e+00,1.439658380245320002e+00,1.332480528947955545e+00,1.358958279192511664e+00,8.718799612026375545e-01,9.207013150630621867e-01,1.022308231801295708e+00,1.041826929719019024e+00,1.259462422827882566e+00,1.364098154070786606e+00,1.416571836795875949e+00,1.387406197148186138e+00,1.463778236372895281e+00
-1.849108888107261928e+00,-3.044221698420217948e+00,-3.498002941549961164e+00,-3.322142908667474082e+00,-3.368357750226370406e+00,-2.885495616283093590e+00,-2.325209338550709326e+00,-1.990506688439741101e+00,4.386224136830187970e-01,-3.639076165310073385e+00,-3.704882774621768071e+00,-3.705651901717104124e+00,-3.798002731603857818e+00,-3.870233787341521126e+00,-3.423436470692014844e+00,-3.237440398167940270e+00,-2.659490971470105602e+00,-1.964544173766030744e+00,-3.314418606956432090e+00,-3.294617208427799593e+00,-3.406685519559671693e+00,-3.430197202663178846e+00,-3.484458591315210185e+00,-3.222558472753955794e+00,-2.986236892226168393e+00,-2.795335330481500513e+00,-2.113815645489021122e+00,-2.544293057684180681e+00,-2.530572165581360444e+00,-2.559685235996206565e+00,-2.466525179398226797e+00,-2.341772212074478610e+00,-2.083236840678737600e+00,-1.497291702427446580e+00,-2.052298865741486011e+00,-2.037662236002746319e+00,-1.465615369233924437e+00,-1.422141655330523946e+00,-1.559358119669037812e+00,-1.585590913057927320e+00,-1.678568470068720897e+00,-1.616553164320681413e+00,-1.650908963472130342e+00,-1.551637482233228837e+00,-2.100105221855712578e+00,-1.214251241788973257e+00,-1.208613406432347048e+00,-1.349091302848983709e+00,-1.324439483413440533e+00,-1.561102089329791998e+00,-1.306532736258688487e+00,-1.611789555179077293e+00,-1.395903208112652116e+00,-1.478977186493619200e+00,-1.072282537248430589e+00,-1.132812869125848332e+00,-1.262708031493495975e+00,-1.256523069008048887e+00,-1.500257236281345330e+00,-1.516482059193468235e+00,-1.664539511600399591e+00,-1.494771667640049984e+00,-1.617140700292956090e+00
-6.650276222267041959e-01,-3.162488377916139459e-01,-2.313570200574481817e-01,-3.441656894384310661e-01,-4.010765748655891194e-01,-4.898858116353923542e-01,-5.931576860939558049e-01,1.073882833160466621e-01,1.224082497793861357e-01,-1.179828182250499680e-01,-1.217795996109543033e-01,-1.481726690824813897e-01,-1.403155013490715586e-01,-1.372049049572885426e-01,-2.388678191320710020e-01,-2.990622647811819190e-01,-2.989869873852327720e-01,8.887637495242955987e-02,-6.916919647645247693e-02,-1.160112274903777330e-01,-1.386923928130603390e-01,-1.516072024306600596e-01,-1.528301796347875108e-01,-1.748123631481921514e-01,-2.053326845235627918e-01,-1.611981218718371855e-01,-2.037369383538182310e-01,-8.229490490730317909e-02,-1.244984545002240095e-01,-1.471958116588331089e-01,-1.849329398961463422e-01,-2.366623695855485376e-01,-1.953706082216086770e-01,-1.243996565314793301e-01,6.978822348496465100e-01,1.126283357932517104e-02,-2.853245400960496836e-01,-1.379171653997137703e-01,-1.043867056328375842e-01,-1.341215365295845841e-01,-1.763192303311194031e-01,-1.914465925331594320e-01,-1.728456345842742659e-01,-1.275458220798847409e-01,1.555899748847820452e-01,-1.342172436104484556e-01,-1.444149380848466779e-01,-1.319045214770116492e-01,-1.563473046188392779e-01,-9.254047538651372085e-02,-1.695120352003031128e-01,-8.752168701809204254e-02,-2.004037718409159008e-01,-1.085427819664351312e-01,-5.046945814513909001e-02,-6.458299904597469832e-02,-1.833040026304361136e-02,-4.573380091292778005e-02,-3.650813253172890960e-02,-5.763872461091046340e-02,1.326787303998677725e-02,-9.764907332355066139e-02,-1.476676179056682914e-01
-1.497124523946844477e-01,-1.848192418280207860e-01,-1.927228904838624857e-01,-1.698714196947697097e-01,-1.602457102600562955e-01,-1.612159428591373178e-01,-1.048550815695374894e-01,-1.029940118039180952e-01,-2.328111155500991458e-01,-1.712989441154398884e-01,-1.893751477113089221e-01,-1.964809350993877990e-01,-1.944310134735232065e-01,-1.863094439004743252e-01,-1.922576142876126770e-01,-1.763018596577015096e-01,-8.386028173918136375e-02,-1.419199612807842126e-01,-1.654986152964187662e-01,-1.715726777602022968e-01,-1.714368303034510266e-01,-1.624784942315130043e-01,-1.530223747976366400e-01,-1.620146966569294134e-01,-1.544115025769198235e-01,-9.490258911057247726e-02,1.316807820740910628e-01,-1.243351792339788542e-01,-1.196368528227195749e-01,-1.143500360708946395e-01,-1.102012835238073418e-01,-1.141450781863170838e-01,-1.240699061616485632e-01,-1.211759580767109989e-01,-9.630374479331649251e-02,8.598470191145629604e-01,-5.935796614948157801e-02,-6.347301797741178309e-02,-6.894501173009459638e-02,-7.111227931249353151e-02,-7.222306160138589060e-02,-6.726723716490962124e-02,-7.087419184206320000e-02,-6.994279599843744588e-02,-2.176535596649431525e-03,-6.189435172296831045e-02,-5.173058960428822406e-02,-4.601217046106262365e-02,-4.479232085324974522e-02,-4.739888022226047132e-02,-2.196127355382918034e-02,-3.448599921720073291e-02,-2.694980773779198646e-02,-7.429239696731315679e-03,-4.724686733526345384e-02,-4.894240080889269984e-02,-4.297387625624499163e-02,-3.464145327565104626e-02,-4.082456228714738400e-02,-3.754693768525768638e-02,-2.815562360022783039e-02,-1.645332446334024645e-03,1.588750495208524072e-02
3.152380064238013979e-01,9.333403754363733817e-02,8.246381305171357479e-02,1.322812147339547106e-01,1.121342850423869830e-01,1.167754739692807853e-01,1.298706350535152598e-01,1.746810052857958873e-01,3.440331288281894828e-02,1.275552111855390580e-01,1.104418892656577056e-01,1.262128831368590220e-01,1.344263649821041406e-01,1.415693292770477674e-01,1.394006402681797763e-01,1.357999256930366994e-01,1.604328898743341836e-01,1.705417826164132844e-01,1.841212058438772003e-01,1.621524359414466543e-01,1.594573469007004030e-01,1.597269316195470412e-01,1.517497649439084606e-01,1.566843323649504682e-01,1.548483713646914284e-01,1.800333498466195059e-01,1.309288377348471200e-01,1.379643814083383324e-01,1.356954139748522692e-01,1.357394625483703265e-01,1.388088963940044274e-01,1.455223121651103291e-01,1.376999124595170709e-01,1.281016851539407975e-01,1.098508982667301681e-01,9.813035283897497685e-02,3.205398886516586110e-01,1.996710922204694982e-01,1.388032296188090320e-01,1.254111587479918855e-01,1.133023957331350806e-01,9.372916758110483304e-02,8.100550287302038521e-02,6.505525071934316339e-02,-6.434291282229911979e-02,8.500408324582882369e-02,6.050103485484514820e-02,4.279857522908298018e-02,4.556113955329155196e-02,5.450978873853670748e-02,4.951195356918561274e-02,4.020731719849106323e-02,5.592040117364274754e-02,3.608780223044516511e-02,1.022181848072812316e-01,7.393713324379820595e-02,3.723925814668191392e-02,3.456069010561887977e-02,4.841052207887372449e-02,5.052621379331001528e-02,3.076396930136907765e-02,3.794206242615064117e-02,7.144899945879329417e-02
1.383815586029648159e+00,4.775024064090920284e-01,3.676484421263306324e-01,3.491045793286531307e-01,2.178653321214607530e-01,-3.686558308343945711e-02,-1.259480713875387181e-01,2.596866125454693197e-01,1.441143240941602788e-01,3.379088013425008974e-01,3.604015087734153688e-01,2.966203215133900173e-01,2.856890251451051910e-01,1.638188855396842669e-01,1.300733634764337232e-01,7.686316985140040359e-02,-5.607460466595659554e-02,-5.205536861490145384e-02,5.362319422057351126e-01,5.077532061486866866e-01,4.847976608675730326e-01,4.502437144362754218e-01,3.555763644093290488e-01,2.902792505500704223e-01,2.411388730888939236e-01,8.292130889526472259e-02,-1.566409083737059227e-01,5.077625738686688539e-01,5.077741931882913118e-01,4.772898093061177516e-01,4.756651047266582388e-01,4.427546207284276392e-01,3.536943794351516956e-01,3.289688951213549650e-01,2.459690737733410959e-01,1.485099457480132390e-01,1.253107805067160685e+00,9.272178972118489959e-01,6.710912646930027314e-01,5.799521670840273035e-01,4.501651149650425232e-01,3.137986733612103674e-01,1.867824000244868721e-01,1.431273862623203552e-01,9.264045659320432335e-01,5.074689841142798752e-01,5.453978285095181233e-01,4.649671597208203666e-01,3.999945094407881818e-01,3.065435159713232327e-01,1.994235316882182474e-01,1.863585924630259960e-01,1.915283896852457701e-01,2.346241183781252460e-01,2.145050999900182109e-01,3.960584762915395629e-01,3.133075775074170011e-01,2.766218186776521204e-01,2.265126533948800258e-01,2.292678043073426153e-01,1.712491965736022692e-01,1.927147143081635594e-01,4.756808333467765770e-01
-1.944208901776236953e+00,-5.599368916821541031e-01,-4.281705990263087180e-01,-4.962618313010591642e-01,-5.000917352645743996e-01,-3.552668594426140469e-01,-3.127661162133696937e-01,-5.785641442291671321e-01,-8.534436945867951430e-01,-4.641779948531801203e-01,-4.721374666743607396e-01,-4.517296333722831125e-01,-4.816902676983942921e-01,-4.452785426616341358e-01,-4.163480596908568643e-01,-3.456157006740774307e-01,-2.422829284821121920e-01,-1.481794339466723232e-01,-7.005831325716503910e-01,-7.198130875830029973e-01,-7.067396919107664655e-01,-6.945714465802165227e-01,-6.600025217532095034e-01,-6.164981200335524214e-01,-5.364049753595303560e-01,-4.037580992377363120e-01,-1.018103509996470812e-02,-6.470018031744380060e-01,-6.772331748520530326e-01,-6.894129350570404879e-01,-7.231070202247964485e-01,-6.832797849520263478e-01,-5.925284652328012269e-01,-5.616515538084242420e-01,-4.262193116733415388e-01,-2.502215146785087274e-01,-9.531333068185758872e-01,-5.622267746431330870e-01,-3.119335000630377719e-01,-2.621329055204725811e-01,-2.476025565901271985e-01,-2.978677172381066218e-01,-3.049685733809764931e-01,-4.590877431309199341e-01,-1.054498520410790174e+00,-3.766729741648785490e-01,-4.368272657030651818e-01,-3.898052596194565567e-01,-3.767747392812473284e-01,-2.968547172329221162e-01,-3.364303300168243749e-01,-3.504168124736785628e-01,-4.316301771409123411e-01,-4.753632394502343428e-01,-1.519723126976389171e-01,-3.851728393931899141e-01,-3.225155321039026579e-01,-3.625079087899027441e-01,-3.200920170341874926e-01,-4.207296880156499164e-01,-3.709752441672242163e-01,-4.939081055701070588e-01,-1.218815170185647334e+00
1.061123825182851865e+00,6.667404235356257924e-01,6.746441626420395243e-01,6.811787712279769869e-01,7.445090206590416759e-01,7.319813005824291618e-01,7.870259319054659919e-01,7.181925450075314910e-01,9.000765064312246100e-01,2.671465468194977877e-01,2.996171569830744508e-01,3.486777972018136329e-01,3.792512267226255673e-01,3.609319760309215308e-01,3.064958909751144822e-01,3.200832532781617279e-01,3.655860072846425224e-01,3.163667308706585302e-01,2.430731740310378974e-01,2.845985441442695496e-01,3.244436529969180194e-01,3.435245131816358488e-01,3.657805368679896696e-01,3.281398037568300508e-01,2.957045816869637300e-01,3.584364853379127802e-01,3.560163009643688703e-01,1.964322273629452997e-01,2.202567752896720243e-01,2.600225358479073545e-01,2.989774979621330209e-01,2.385003295454488081e-01,1.535063776397388446e-01,1.747759701654939546e-01,1.577578775753518681e-01,1.605439888813018356e-01,3.234136035280851251e-01,3.559562707023326555e-01,4.262952249885698097e-01,5.090906856180255069e-01,2.896699199160806537e-01,-6.536659584636594911e-02,6.149954551772951472e-02,2.588378478839529206e-01,1.834534400823376044e-01,-3.050656161880282990e-02,1.012604974302450112e-02,4.828606092830778351e-02,8.203900260306076775e-02,8.427685097127668445e-02,7.917698872152273415e-02,1.221469292387443728e-01,2.081174210808510172e-01,2.268764421770795292e-01,-6.427234693872407867e-02,2.402732577354224630e-02,5.044121820340710660e-02,9.782482948606593953e-02,1.386358635895619806e-01,8.269618243142889957e-02,9.339097269953430813e-02,1.645293391088282209e-01,8.676976301604899522e-01
-9.252223298337813873e-01,-9.037283552055429547e-01,-8.746123097735489793e-01,-8.474103197293207934e-01,-8.273366563764457116e-01,-7.888476734464391349e-01,-6.677307715313219871e-01,-4.724039508466926218e-01,-2.297315915868314296e-01,-7.002051686696341148e-01,-6.819158273240841783e-01,-7.121195252030829703e-01,-7.092411722898199766e-01,-5.968844981797196692e-01,-5.490184525404900873e-01,-5.232311115842326332e-01,-4.570724808084024593e-01,-3.385889022416066485e-01,-6.738544854073739154e-01,-6.479927294900317269e-01,-6.366664636680162692e-01,-6.366715973221339642e-01,-5.751149262525675487e-01,-5.384095589496711298e-01,-5.061911954413935710e-01,-4.950632885825820284e-01,-4.959692270705757244e-01,-4.969241714605347471e-01,-4.975888317767623859e-01,-5.177587308211960559e-01,-5.387682523564087944e-01,-4.292696985450008551e-01,-3.084332609788428270e-01,-3.230679541839890923e-01,-3.079915789947764715e-01,-2.812964522355258512e-01,-3.352391167470936129e-01,-3.804269699059588117e-01,-4.119460620314647215e-01,-3.850378184633664325e-01,-2.358100391939139118e-01,-6.589376604240600177e-02,-8.018020231272836307e-02,-7.323420354915496921e-02,-1.107762782519203792e-01,-2.788068244625877545e-01,-2.830887192014638343e-01,-2.555209958630222378e-01,-2.463943386931123913e-01,-2.364144270541120585e-01,-1.878572215015943125e-01,-1.849233082790381899e-01,-1.916280190878679179e-01,-1.532166902199588732e-01,-2.398765401043451984e-01,-2.410047419611385522e-01,-2.220396392999075541e-01,-2.027901880330332252e-01,-2.184049475318687317e-01,-1.257723234697215586e-01,-1.025122684668576256e-01,-9.194243210637276231e-02,-3.912458632490760091e-01
1.288044906427852077e-01,5.578959107993579636e-01,6.094389496084349211e-01,5.761167525306172266e-01,4.255602339869279938e-01,4.678388211267519026e-01,3.626712658009609846e-01,6.895082087887249855e-02,-1.857540088967006842e-01,9.935144181013479958e-01,8.662903258253238370e-01,8.156056848915627100e-01,7.866784548820964229e-01,6.190707263343673272e-01,6.853884610066010019e-01,7.550715900852400519e-01,5.835690648354845411e-01,7.508578244042860561e-01,8.745075241912826369e-01,7.497437188272840780e-01,7.334356950674654207e-01,6.984540562023759946e-01,5.602630860909392219e-01,6.069184583866253924e-01,6.521995081431635199e-01,5.426934268395597893e-01,6.719904747096647757e-01,6.836389425765395655e-01,6.637752540813230961e-01,6.343824686014630787e-01,6.060997380285110259e-01,5.452863498139948195e-01,4.385731461895446825e-01,4.634668174380170980e-01,4.882017901981516861e-01,4.103508564435200956e-01,1.103838018832508761e+00,1.032707566664463839e+00,9.198739545119600791e-01,7.362437610573349112e-01,7.695117187980865525e-01,8.683020207457929907e-01,6.655015790392163622e-01,4.253395111959903385e-01,2.993727577895226588e-01,6.234386918105950803e-01,5.700747032427339045e-01,4.777480808031133730e-01,4.003789897950391641e-01,4.113954632228241093e-01,3.076533925367286870e-01,2.455078661032426002e-01,1.943659485837312406e-01,2.074084735446045658e-01,5.544135015390092569e-01,4.730945171367326729e-01,4.071079464644936086e-01,2.951243090855644180e-01,2.782300170302758335e-01,2.508883344648006886e-01,1.944459747674665007e-01,1.118120468331520456e-01,-2.266814565446790830e-01
-8.911092273008934805e-01,-6.377387073203016898e-01,-5.699273265647322173e-01,-4.731350709908233032e-01,-4.584306024397102330e-01,-7.145325817094542176e-01,-9.791660947295406370e-01,-1.359348551142958383e+00,-4.681419958671123593e-01,-9.311186717000299318e-01,-7.190095269441258985e-01,-6.040272316896653226e-01,-6.040293407642548518e-01,-5.979059703587790153e-01,-7.644656056213557926e-01,-1.022329785279994407e+00,-1.290920562517066994e+00,-1.714594660969054996e+00,-7.149771925424983632e-01,-6.292802019435412841e-01,-6.506162714395060664e-01,-6.341637500914161230e-01,-5.768395990884754854e-01,-6.732414950766117956e-01,-8.279905292363332059e-01,-8.883724187521221394e-01,-1.410367584608887892e+00,-6.240417011887702259e-01,-6.384928392441795442e-01,-6.286626177996983422e-01,-6.267039141260853929e-01,-6.686455585141739544e-01,-5.940385455062651143e-01,-6.805954104504928770e-01,-7.717964350061869983e-01,-8.825793331035296507e-01,-9.538098424726051405e-01,-8.809800084531195230e-01,-7.360452587510385447e-01,-6.309849597079137951e-01,-6.215674055100776085e-01,-3.694126819979786647e-01,-3.714235471164915037e-01,-6.106878405391353848e-01,-5.605365060267574195e-01,-5.111605296295587131e-01,-4.667092706687844261e-01,-3.761943153027912934e-01,-3.137667491445501611e-01,-4.341484496997540798e-01,-3.833596213404316111e-01,-3.562300763892812250e-01,-4.944608760586614582e-01,-6.943334472182334238e-01,-2.974274453783614103e-01,-3.332659203728597364e-01,-2.650544195714120699e-01,-2.009191762505683765e-01,-3.581506830004173025e-01,-4.529920920049939070e-01,-3.871455866951630242e-01,-4.675820325298730706e-01,-4.513250746280713654e-01
3.061627980035304120e-01,-2.735502270539770242e-01,-3.630278674721066912e-01,-3.490570240559703885e-01,-2.774324816658195747e-01,-1.167906035613254789e-01,3.550581584101080157e-01,8.701808945341495960e-01,2.366696808007606734e-02,4.058447726793518173e-02,-1.147853484113343647e-01,-1.709784401390102015e-01,-1.481761473710643262e-01,-7.590392377484578290e-02,-1.821720259539771902e-02,1.993408454998315538e-01,7.156917727771716642e-01,8.394004780317857461e-01,-6.104465678402837270e-02,-8.619937897369966961e-02,-7.728601171346749510e-02,-5.642832738490466404e-02,-1.656665167027782104e-02,3.681302632417882137e-02,1.354420609686556309e-01,3.973190834152596218e-01,8.134088063945825731e-01,-6.720893927356197395e-03,1.142910001047203750e-02,4.093285560882720109e-02,7.510066138913096268e-02,8.956236135335449156e-02,3.792012514936604628e-02,1.370297554277811747e-01,2.143814366938755489e-01,3.371511478639751536e-01,3.893934119476805122e-03,-2.462130463358602750e-02,9.162727935663195211e-05,1.031087436045650119e-01,2.116757580234728264e-01,1.600920528977272106e-01,3.960246982097391788e-01,9.065596490757483750e-01,4.629007619391020123e-01,-8.925526398982436271e-02,-7.735397578317348977e-02,-5.057675515153409185e-02,-3.922562154955050451e-02,5.084690079551340558e-02,6.520832906058349199e-02,1.212961664845748633e-01,3.431561968274767782e-01,4.780699901305584532e-01,-2.129969425261429294e-01,-1.083173337226135957e-01,-1.080148486621239634e-01,-4.730564609229681583e-02,9.307818836343972890e-02,1.899193138574421513e-01,1.925629182911359760e-01,3.848685180758745217e-01,7.824000780926401166e-01
4.309410609530905933e-01,3.325854055730030900e-01,2.883768478746575603e-01,2.555670783751788910e-01,2.947244310011544188e-01,2.614927159241273724e-01,1.918582616687954379e-01,2.259415037374140345e-01,9.372385615209105625e-02,3.050778000223203223e-02,9.385327226256956479e-02,9.783081458065440161e-02,1.046768101739028456e-01,1.013670669308465166e-01,8.874179840492302240e-02,7.157887031808674028e-02,-8.423000606907482535e-03,-1.103062867746276154e-01,7.474435121537198468e-02,1.331250936862203860e-01,1.466416024936494367e-01,1.444600678768495072e-01,1.365485473589009846e-01,1.114821980548061919e-01,1.058848303603333596e-01,4.775232196386119954e-02,-7.876452700919334138e-02,1.248608175807013332e-01,1.584871543443512332e-01,1.606885631953233751e-01,1.613359663383156506e-01,1.642396358969062664e-01,1.464595014709821896e-01,1.332222894732381091e-01,1.243936188732676085e-01,8.210440029342769286e-02,1.302282916634245336e-01,1.546655634184428141e-01,1.221171698836404362e-01,1.191027923673966538e-01,1.315173227425200375e-01,1.278323731402990493e-01,1.138148732643284311e-01,1.072676161587425292e-01,6.022401684044300652e-01,1.442268430797521983e-01,1.612800963107013374e-01,1.593481722244943222e-01,1.501254794406736703e-01,1.404996805601963772e-01,1.081455310338484410e-01,1.091214073089717268e-01,9.767653703343551208e-02,1.063516215006984900e-01,1.020093018414422320e-01,1.226766456814265688e-01,1.204069377509981442e-01,1.215592256562057633e-01,1.143700800331287626e-01,8.921715006195289621e-02,9.154029080936514073e-02,1.004006072751353340e-01,9.327090488677913793e-02
-3.655918156542581343e-02,-5.338550222065485684e-01,-6.840077981258376738e-01,-9.033425493834990050e-01,-9.003720294865977802e-01,-7.119434166987985702e-01,-4.097495286531009917e-01,-5.979759657086475277e-02,-7.125200680907417539e-01,-6.656930958913979124e-01,-7.212411806785519186e-01,-7.733038235158591345e-01,-8.394789717230950465e-01,-7.615507576841068493e-01,-6.695156238296091633e-01,-6.180312745233275118e-01,-3.059976809371413586e-01,-6.426859911012767768e-01,-7.550593572236443674e-01,-7.198561312514623056e-01,-7.339128050221653821e-01,-7.817092265540224183e-01,-6.780456001003919431e-01,-6.457285745432547186e-01,-6.139553939005325534e-01,-4.704057611808146744e-01,-4.266010201864575691e-01,-4.376505395347132787e-01,-5.321987714103053602e-01,-5.727025897535460430e-01,-5.872657591467886906e-01,-4.776668642809637211e-01,-4.093831334528288401e-01,-4.155207878573787816e-01,-3.733353723570617122e-01,-1.447301951565289624e-01,1.721587165411731513e-01,-2.669808033024189675e-01,-3.968830354566988405e-01,-5.381486542305972121e-01,-3.383825586419068610e-01,-2.239844989765911176e-01,-1.228858355667509783e-01,-5.026175331461024687e-02,-3.231194979712970206e-02,5.185737912244557934e-01,-2.267182370927395829e-01,-3.953714449902911987e-01,-4.043250875940299083e-01,-1.385680743855042529e-01,1.088904087164465628e-01,-1.080359684101067641e-02,-3.850719595745566437e-03,-5.746527083046665263e-02,-9.481851260259493985e-03,-3.790433953341924567e-01,-4.545104286103701652e-01,-4.082982038246214529e-01,-1.164643195478324289e-01,1.027467630054376135e-01,4.396975935957658788e-02,1.596335690457609813e-01,4.089176322637222416e-03
1.379614699897076413e+00,2.501582670196403235e+00,2.782273722892568468e+00,3.146412991238495049e+00,3.344877446808206756e+00,3.100504038320850420e+00,2.467521679345114904e+00,1.721735975166512223e+00,1.221360447705619690e+00,3.397633501560030744e+00,3.300722976466345493e+00,3.428242328215218127e+00,3.525355220670247647e+00,3.402397858578739331e+00,3.286946904771400835e+00,3.144612844693230880e+00,2.575405160499137924e+00,2.829450886314498259e+00,3.123658945363001926e+00,3.041604407627734652e+00,3.038004440099589587e+00,3.108718447439529076e+00,2.967645789196039718e+00,3.074978061527890993e+00,2.984249383369721453e+00,2.682706612067326191e+00,2.678584127838406825e+00,2.172616306030744404e+00,2.238274417361737267e+00,2.302250624306728000e+00,2.297923265293270845e+00,2.185151328391780279e+00,2.238215356830341562e+00,2.286035408744064856e+00,2.252009168969292041e+00,1.729080749107538395e+00,1.511851629166436783e+00,1.883258222283641370e+00,1.820637644962795010e+00,1.825778554952397270e+00,1.550184665795240058e+00,1.355029512096809441e+00,1.326910111895694966e+00,1.411414205469329275e+00,8.873348210556964988e-01,1.571556446581927613e+00,2.040978847361767379e+00,1.838596016393252208e+00,1.648958189131685126e+00,1.322901139206710486e+00,1.004475003429043944e+00,1.046136527091741542e+00,1.035006016174396803e+00,8.920981668108336482e-01,1.271738520431804575e+00,1.445924072382322789e+00,1.506640234000351519e+00,1.303755674276596332e+00,1.030091759473620749e+00,7.404247093943636671e-01,7.487313763103610187e-01,5.562969572486585745e-01,8.738000343689508176e-01
1.824836163933098998e+00,8.147073088387142281e-01,7.153093955254050673e-01,6.309648253015227581e-01,2.618074332911068947e-01,2.745994679903477342e-01,3.735645104724514276e-01,5.955548039354274792e-02,8.913007312779643032e-02,-4.172594723686586238e-01,-6.612339838757125277e-01,-7.054480764809899496e-01,-7.225730818637340347e-01,-7.343099036633786714e-01,-7.779444152137696689e-01,-8.412380250061901599e-01,-1.349465011194690867e+00,-1.362034113983540795e+00,-3.072381727570274168e-01,-4.960470340248523402e-01,-4.946044471387950892e-01,-5.388747445958834703e-01,-5.364354424922479492e-01,-7.012883531735538689e-01,-7.742681099330578354e-01,-9.340946098185053392e-01,-1.183876961630869307e+00,-5.488186956638383407e-01,-5.272855156307307833e-01,-5.434252767620595392e-01,-5.700158310268461648e-01,-5.932904601570800907e-01,-6.745481969301299063e-01,-7.195858578187127597e-01,-7.596028297740057278e-01,-8.433349581759364000e-01,-1.026220234847049051e+00,-8.043241641398960473e-01,-7.386213018027933952e-01,-7.251691750212221343e-01,-5.545047323591358879e-01,-3.058377747458934093e-01,-3.944259322119956779e-01,-5.958039019611596210e-01,-2.832300586480894777e-01,-9.618615837910773347e-01,-7.730934262615040131e-01,-5.166038558577170647e-01,-4.726002465871903535e-01,-3.900621435300525297e-01,-2.413891808416745999e-01,-2.585158692460406415e-01,-3.553131104975246202e-01,-2.129317611392134713e-01,-8.257298303545911322e-01,-6.270754400469038536e-01,-5.273891465199119777e-01,-4.371134601626859295e-01,-3.663790202157061748e-01,-2.995081073378276226e-01,-2.925451230023560223e-01,-3.163613685928475805e-01,-5.293927159571829577e-01
-3.326023966574934931e+00,-2.694282815211196613e+00,-2.474200734067929730e+00,-2.450644633216954915e+00,-2.249239552868081304e+00,-2.083312067690587632e+00,-2.125903034827900662e+00,-1.779112966112855743e+00,-9.469029948536639152e-01,-1.686175791837858373e+00,-1.339387779044614035e+00,-1.309187459673819109e+00,-1.337949296827017687e+00,-1.258772297766710402e+00,-1.128161864055797547e+00,-1.041858373674314331e+00,-5.997126561803984846e-01,-6.001686205880578662e-01,-1.603865432029505156e+00,-1.364743849340396054e+00,-1.301347900434489446e+00,-1.291344685294965267e+00,-1.237381272945183852e+00,-1.136410856207942022e+00,-1.022293753448503040e+00,-9.462853999723677134e-01,-7.400179560908652920e-01,-8.771012546144233424e-01,-8.155392250278175048e-01,-7.902243471320423707e-01,-7.473289075589761854e-01,-7.220484924593153497e-01,-7.272658147790245220e-01,-7.476960458261879827e-01,-7.423485318132300170e-01,-4.770150038307057194e-01,-5.289917899100160525e-01,-7.061975345550095540e-01,-6.215228638466785416e-01,-5.845809928591538807e-01,-5.728492844526339445e-01,-3.925308330488354036e-01,-3.766887713479318833e-01,-4.067496838728184017e-01,-2.212405809874100626e-01,-6.057440508529964296e-01,-5.765124595118851225e-01,-5.193543933102434673e-01,-3.531482946773146225e-01,-4.459592403728296905e-01,-4.496881011584988319e-01,-4.244819004558568754e-01,-3.698145213194280467e-01,-3.188436009612913846e-01,-4.894515932139307246e-01,-4.347133407337373523e-01,-4.712893213397616465e-01,-3.786849322703849663e-01,-4.113392748279188771e-01,-2.345274967977208913e-01,-2.625123403595078786e-01,-8.072892519644780940e-02,-1.942696268593759878e-01
-9.734726248934144621e-02,9.751011525800246105e-02,5.452895853499417633e-02,3.676978131531893901e-02,-2.203233909896296083e-03,-6.689226136124659661e-03,4.039210878680332684e-02,3.232052993331935298e-02,3.824126486097438882e-01,6.568270728305791728e-02,4.171005465974969573e-02,2.483695494353528599e-02,4.092696682660147689e-02,-5.384649341995229044e-03,1.634322818164646307e-02,4.074596672399560804e-02,1.088026931966458166e-01,1.941649082066224663e-01,1.051989009980541095e-01,6.742695091626446646e-02,4.051466778921787582e-02,3.810500297924379609e-02,-2.654964717440200239e-03,-2.998731869413029383e-02,-1.008901556543606581e-02,9.060328126052963338e-02,2.266233238536193850e-01,-3.953422332986372689e-02,-4.853922883122036014e-02,-3.805968730380338005e-02,-3.547135420283311497e-02,-2.723691690020065698e-02,-5.197146679837279931e-02,-4.359394690713624954e-02,-3.282434159416386388e-02,1.247368569358153767e-02,6.804282534566497009e-02,7.373289081496781083e-02,9.172280860718629025e-02,5.668715920716421719e-02,6.217747357650285633e-02,-1.228128452077432986e-01,-1.325973405438994890e-01,-1.208066967990790719e-01,-2.201388548675575763e-03,2.823644089765287024e-02,5.416251616580458617e-02,5.375936183202134622e-02,6.761388670786627753e-03,4.610997627551244316e-02,-9.110262437182187201e-03,-3.778011721081486751e-02,-6.671716718429027138e-02,-6.453680816655726904e-02,9.712920029117999565e-02,6.159069394900573702e-02,6.632732746661484935e-02,1.235082194642284081e-02,-6.679756677384812713e-02,-8.682795654390054740e-02,-5.825108164134215616e-02,-1.322439475615548310e-01,-3.826134859285512668e-02
1.346116084627242415e-01,9.546617951150970782e-03,-1.174566376607533158e-02,-1.061336705961091198e-02,3.755265585629352643e-02,-9.622282781194257950e-03,-6.907034327857886069e-02,-5.627490316978134288e-02,4.729920856479030711e-02,-2.340286267546343169e-01,-1.670193180399479616e-01,-1.526260763177924584e-01,-1.463451654114920064e-01,-9.383253606771102540e-02,-1.341701079964121579e-01,-1.877479183292933840e-01,-2.710685332022515492e-01,-2.091533437242789617e-01,-1.975233865145937795e-01,-1.515617521496592790e-01,-1.465307428083197916e-01,-1.332023320393631582e-01,-8.708074800784948444e-02,-1.167923688860188491e-01,-1.442071982175030520e-01,-2.241524189551552526e-01,-2.218579728835010645e-01,-1.470053740656632191e-01,-1.421641858532727287e-01,-1.341914200143217162e-01,-1.251582171009574251e-01,-1.106955372312923291e-01,-7.341029518495290063e-02,-8.117303271004350229e-02,-1.143146819389652125e-01,-2.001192049391704586e-01,-3.227496247465999057e-01,-2.964593560227400948e-01,-2.566309681342728299e-01,-1.873329258165661315e-01,-2.052303565184858680e-01,-2.481302674809410802e-01,-1.733728487025093523e-01,-8.886216730490464899e-02,-6.399257110260958559e-02,-1.598190760198227589e-01,-1.382107912527126281e-01,-1.069797856440659611e-01,-8.473043505073798998e-02,-8.476358665818656268e-02,-6.178606003903389099e-02,-2.304486882364081834e-02,-9.770530654412079574e-03,-1.610995686250693559e-02,-1.577304748502207921e-01,-1.196491289894113658e-01,-9.623837276558920573e-02,-5.884439202875522967e-02,-4.650605719839931429e-02,-3.400502752800679818e-02,-7.918888955895431181e-03,2.182285637588832206e-02,1.572710603898458404e-01
-3.256754986802218976e+00,-3.136687297337952707e+00,-3.022463055042754032e+00,-3.219165291528199191e+00,-3.262469776623895257e+00,-3.298260843253766339e+00,-3.129349462878813437e+00,-2.581861304758440223e+00,-6.722790420177195969e-01,-1.739998995817356509e+00,-1.779432429012791195e+00,-1.919902303371570085e+00,-1.979989484709545167e+00,-1.960540254129961024e+00,-2.125984956594294317e+00,-2.093856342163576745e+00,-1.605079947145161778e+00,-3.841363449059644886e-01,-1.538611775397809911e+00,-1.642724270434456457e+00,-1.693772029620174369e+00,-1.773023314138748363e+00,-1.732320664818318479e+00,-1.796019625661415153e+00,-1.804234143872116780e+00,-1.474848026049067062e+00,-1.224687716037702767e+00,-1.321959840921982376e+00,-1.326190563729965799e+00,-1.364602969415531497e+00,-1.399078873793344169e+00,-1.321262290981262799e+00,-1.378341613831629342e+00,-1.415974926833519776e+00,-1.410277099776068521e+00,-8.286874534356849509e-01,-1.111027341375855348e+00,-1.004155348212863563e+00,-1.034305727663233920e+00,-1.151647524960111912e+00,-8.277175332103074989e-01,-6.910451010522079551e-01,-7.811647599818826171e-01,-9.361123785790275154e-01,-8.741386338783811993e-01,-6.339365212718230946e-01,-6.059656002153435139e-01,-6.524788855031362633e-01,-4.916470832672527047e-01,-3.240020347422851721e-01,-1.032932508662075533e-01,-2.362749708994180686e-01,-5.964758165969983317e-01,-7.470378085411908398e-01,-9.650125135562797052e-01,-9.434230966083929637e-01,-1.008437467723988901e+00,-8.425665974720784046e-01,-6.293492568390729458e-01,-5.914797295129120558e-01,-6.832867704196561309e-01,-8.305053275092221243e-01,-9.492053791327912382e-01
4.639321813914967230e+00,4.130019529305306136e+00,3.663619544396305550e+00,3.599143850048836413e+00,3.685915840375890262e+00,3.675105767728670703e+00,3.506869025460660705e+00,3.019005588850142363e+00,1.658622668776242204e+00,1.775215803952650440e+00,1.901944945255563013e+00,1.974957331370844837e+00,2.023968743676495485e+00,1.962614254429523974e+00,2.049540685895956393e+00,1.978061626487494618e+00,1.513657048946258632e+00,1.522857948643536741e-01,1.729652538841866427e+00,1.905657331212616157e+00,1.898092955930704484e+00,1.947315379113382150e+00,1.848079933751094028e+00,1.880818098385472537e+00,1.800881631808781913e+00,1.444512314356210414e+00,6.708370240587867572e-01,1.754362829747206254e+00,1.700175444686255144e+00,1.680242814968543108e+00,1.696514762407714150e+00,1.626211538392044798e+00,1.688007548084227594e+00,1.663916601081619984e+00,1.548002159882220230e+00,1.011645558289521851e+00,1.588838368204156026e+00,1.562502529216748703e+00,1.566680395196131670e+00,1.672974785181337909e+00,1.463558623513269819e+00,1.217313554888483029e+00,1.242370357064479069e+00,1.168476586787099425e+00,4.865681325691691983e-01,1.364341574423984182e+00,1.303986452637748483e+00,1.329656764891562037e+00,1.234731275661531402e+00,1.176084111091985518e+00,1.043113334045800533e+00,1.223670319394075667e+00,1.439432832606671209e+00,7.618490027285956812e-01,1.363858098569431743e+00,1.311466033007525178e+00,1.402815917601143436e+00,1.252431012660996545e+00,1.032991783813874687e+00,9.426095091643660329e-01,1.033896058546754482e+00,1.017015919463693407e+00,5.506798157501843205e-01
-1.094428507505182280e+00,-7.435967282287287983e-01,-4.744730426401966294e-01,-4.219910698799267390e-01,-5.228562623272431376e-01,-5.680734768481157104e-01,-7.177776608028303418e-01,-1.437791038163435342e+00,-9.681591441289689737e-01,4.460264730787710796e-02,3.956273548085809111e-02,9.376268927894826355e-02,5.066785307173815589e-02,7.221957954875546370e-02,3.396434447883334151e-02,-3.769756431699056165e-02,-3.203286636736830673e-01,-7.277053724913296051e-02,-1.778591193525080882e-03,-3.102079792748324572e-02,-1.332432130298677464e-02,-3.142217439969852144e-02,9.503456814603516989e-04,-5.368870105486145405e-03,-3.571596800279364103e-02,-1.596265554671707498e-01,-2.100692576623168772e-01,-1.233925129494440887e-01,-1.463966089826450601e-01,-1.590261600742767234e-01,-1.679121715507221335e-01,-1.550298285256946906e-01,-1.254289676218265370e-01,-1.243364633907116934e-01,-1.361268062931023648e-01,-2.412407612958736847e-01,-1.170937614542623129e-01,-1.637365128536757419e-01,-1.568635505178203049e-01,-1.981056606211727411e-01,-2.378150364655918225e-01,-1.469320989843113656e-01,-1.426938542157315526e-01,-2.769565268445928208e-02,4.066820376069856247e-01,-2.005860811323275095e-01,-1.934734115482291683e-01,-2.165243523059701136e-01,-2.153492819730777885e-01,-1.874363960137956919e-01,-8.823271463732557107e-02,-9.369838618384673801e-02,1.381137925361808350e-02,8.066086880980758433e-01,-1.468753640536434313e-01,-2.045259971974797697e-01,-2.673269731008828809e-01,-2.746879275418615540e-01,-1.968224151427819812e-01,-1.453276418336462150e-01,-1.757787735169415999e-01,-1.238198848034034460e-01,1.980297893031418011e-01
1.322166528344623782e+00,1.740591493395158729e+00,1.822122527697373817e+00,1.922292199976495697e+00,1.934710086653945282e+00,2.006308759658878227e+00,1.830231118115873912e+00,1.670067166034435946e+00,2.345881770886782292e+00,9.500259925730323296e-01,1.088618346806782711e+00,1.159601416331324852e+00,1.187781970603417836e+00,1.242020597674251992e+00,1.344747042252318003e+00,1.284661028525099891e+00,9.502843252637727112e-01,8.931788903138753177e-01,8.892192829956000466e-01,9.442448976512598513e-01,9.765043003531292953e-01,1.001069676888457050e+00,1.060524688502753943e+00,1.117651015677354032e+00,1.088651632217224385e+00,9.064504553981718171e-01,7.204153140043059178e-01,5.602215438521993551e-01,6.161729693090585158e-01,6.294846865571741557e-01,6.403375995930966624e-01,6.951230451162411228e-01,7.272214735449418210e-01,7.345083386896364974e-01,6.756601706845071220e-01,4.408113430730935534e-01,2.866056028138858069e-01,3.506479758083400622e-01,3.538622434434051112e-01,4.575064197184739445e-01,5.002401395718107935e-01,4.626531017565258530e-01,4.081119946630182849e-01,3.789090634470968499e-01,3.500310371034127677e-01,1.684706187267874800e-01,2.398469998916488155e-01,2.600541330723051825e-01,2.431619575649683895e-01,3.435361441096587143e-01,3.511195440855107153e-01,3.809949343258485221e-01,4.235767695688542611e-01,5.472793321201693262e-01,4.265009607594362206e-01,2.712955800602875334e-01,2.064271861536027819e-01,1.467091489737571974e-01,2.713241436235817039e-01,3.490958464174753750e-01,3.355574221942770885e-01,2.814157055304333799e-01,4.347646035105295903e-01
-5.172978163836490673e+00,-4.921384833265965320e+00,-5.088158940426428245e+00,-5.294892528621568673e+00,-5.237297659397680327e+00,-5.396466274229586801e+00,-5.005907281677302478e+00,-4.099871200109924452e+00,-4.271722000714339273e+00,-3.066678407376080884e+00,-3.123619888481192763e+00,-3.338551203996813044e+00,-3.381185685984922085e+00,-3.406343525610805667e+00,-3.614676833986090188e+00,-3.458097783716691964e+00,-2.350976853032920477e+00,-1.768876005109704330e+00,-2.695888071627175364e+00,-2.774414717513056239e+00,-2.870982701804087434e+00,-2.916374011233857644e+00,-2.946949645425145814e+00,-3.080840091856830831e+00,-3.026653459752835396e+00,-2.417436839832410200e+00,-1.807393232230856572e+00,-1.785323580685438394e+00,-1.875118365863454262e+00,-1.932428384591523773e+00,-1.951030986019373081e+00,-2.042546532211081178e+00,-2.127639942200255874e+00,-2.148381621628697502e+00,-2.024599796605472957e+00,-1.287855876401420741e+00,-1.344590330522596577e+00,-1.429088425675483220e+00,-1.402397211158741275e+00,-1.549629989218415993e+00,-1.539171863508452365e+00,-1.417206296743187766e+00,-1.428298998932609365e+00,-1.433697853899495334e+00,-1.001902673270005373e+00,-1.000153765591248689e+00,-1.173964527195801688e+00,-1.200158692172414110e+00,-1.140409484871893531e+00,-1.278333321981063531e+00,-1.231500998640074895e+00,-1.293916500525523539e+00,-1.450472226813734888e+00,-1.428839044135661540e+00,-1.506643846610704884e-01,-3.075580753010792590e-01,-5.206014638828539987e-01,-4.758726995806568105e-01,-8.002214072541158352e-01,-9.060244645259343255e-01,-9.386802183096771834e-01,-9.919758693293453389e-01,-1.399401325767134496e+00
1.092850691023024901e+00,1.310636938658171768e-01,3.013796772062393714e-02,1.011087612152739013e-03,1.450604596901130527e-01,2.341424169131220978e-01,-5.012389403051242809e-02,6.547977437163288172e-02,1.601169796675653512e+00,-5.402313134435350328e-01,-2.487130017665426240e-01,-1.338079335283501037e-01,-1.545855109463005195e-01,-1.806026689769767990e-01,-8.457954821175542315e-02,-2.015271911741465805e-01,-6.396553452622234515e-01,-7.332284479864515925e-01,-4.178478221845228768e-01,-1.411074749125766914e-01,-1.055374389432240656e-01,-1.088759807114466627e-01,-1.203379346480190071e-01,-6.511906163087377575e-02,-4.194726556706113163e-02,-5.468010557631033386e-01,-4.916614141960655160e-01,9.802834360626555554e-02,1.090302815240774825e-01,1.355465892383042048e-01,1.630489448823586041e-01,1.599223201722058119e-01,1.234071041187538853e-01,1.400445672324947266e-01,1.343461407828894227e-02,-3.917589810660250804e-01,4.723915560363108335e-01,3.254430373064655102e-01,3.767089252869053606e-01,4.262425047576088311e-01,2.082179175844721675e-01,7.643256465418350742e-02,1.389512999300648310e-01,1.964369255980682738e-01,-3.706110306124610343e-02,5.978352528485723072e-01,7.216508165832210553e-01,7.009581653285070768e-01,7.821628269776061959e-01,4.514026424909656776e-01,2.172461114266535376e-01,1.967773262438242132e-01,3.597274457035605777e-01,2.533301410494800399e-01,3.980902302263522041e-01,5.649219192746629536e-01,6.332464267139636949e-01,6.841017176298715974e-01,3.593940852511716688e-01,2.522645465141268861e-01,2.633600106125709717e-01,4.794735023351476277e-01,7.259686300302639061e-01
2.960785778959269976e+00,2.936475806611471562e+00,2.890840256354105797e+00,3.043091930858387695e+00,2.876206849360757545e+00,2.818410940711546075e+00,2.999144143946463892e+00,2.184405464920363915e+00,3.358169499447154482e-01,2.423941776174663332e+00,1.985327756991584369e+00,1.978229320434242045e+00,2.037807356102604661e+00,2.033580409486438700e+00,2.006768666706207238e+00,2.064700696437724137e+00,1.863329104322867025e+00,1.508532082483881043e+00,2.098308674923276662e+00,1.802513705990790083e+00,1.801873836279356045e+00,1.847633970608782317e+00,1.794090848185498466e+00,1.775140808033492279e+00,1.755554650933174532e+00,1.916983278617910624e+00,1.379661325340355571e+00,1.060670910016519475e+00,1.051328225409175365e+00,1.068192525206928423e+00,1.060593380638494843e+00,1.051908328752694466e+00,1.085997735314289780e+00,1.114614839408543112e+00,1.197407339872429866e+00,1.080984612398456779e+00,6.002749776378346613e-01,8.693663843150802872e-01,8.115344951054824785e-01,8.218485134279824855e-01,8.718365728403525416e-01,7.076395936434974887e-01,7.337588595274036063e-01,7.831842252171004048e-01,5.907112596702062124e-01,5.351657000376244255e-01,5.879052980157428721e-01,6.426397347924164283e-01,5.126760318604071109e-01,6.512424789203792308e-01,6.168304604394402313e-01,7.102997488269044979e-01,6.991714962805573030e-01,6.317034098125406949e-01,2.831707214766010505e-01,3.819647963618398312e-01,5.473678689465604208e-01,4.944722712307773049e-01,5.824351847601253462e-01,3.873457106017939022e-01,4.591514712890165661e-01,3.042240899225350792e-01,3.004158808938894865e-01
8.091087551776185993e-01,5.529631399277612491e-01,5.046069214199595532e-01,4.723922142237995114e-01,4.641186521872521231e-01,5.165992283667242280e-01,5.490899483032134487e-01,6.131357419026476352e-01,7.118638145972883136e-01,7.119202421269521519e-02,9.733192138895835344e-02,9.152160029115702367e-02,7.111187138143176822e-02,7.427649808525466080e-02,6.635815277976980786e-02,6.663353696240575941e-02,8.250837933321075734e-02,2.144769172164806559e-02,4.507286187654879761e-02,6.995571929858279692e-02,6.393432037782692534e-02,6.192547004628756735e-02,5.133726404484634243e-02,4.744396503329290082e-02,5.342175256478023937e-02,4.379263211334925854e-02,-8.351435054180084139e-02,1.256670470598874600e-01,1.049002760241935367e-01,8.839236693666741029e-02,8.274616709998017239e-02,6.951098570386188280e-02,7.024618313182573459e-02,6.727534038676280526e-02,7.639944327401246293e-02,5.888648520814493414e-02,5.985397251026641774e-02,3.906854449533606055e-02,3.141917072875446970e-02,7.812319905078174420e-02,-1.387501195833029666e-03,3.289515025992852115e-02,4.090535143029583320e-02,3.134616580511373485e-02,1.377669906724371396e-02,4.550568923452291692e-02,3.162939880711831964e-02,3.777144979737159791e-02,7.286734267607786197e-02,6.424311759249390352e-02,-1.036549828682957128e-02,1.495149234291209828e-02,2.657692285149262923e-02,3.455211235667191016e-02,2.241808410939960527e-03,3.418080064366901816e-02,2.349847920950676183e-02,8.180425119596243522e-02,2.223983994665601482e-01,4.186920518623118287e-02,4.857451972630272286e-02,8.884285932555280318e-02,9.576631012968989110e-02
-1.450199254909533053e+00,-1.287934685514814825e+00,-1.079711950653011066e+00,-1.006406406781273910e+00,-1.189924554670434231e+00,-1.124012539118646181e+00,-1.081306336156217629e+00,-1.268643122465110684e+00,-1.546110715456284312e+00,-7.110374494779282406e-01,-7.198829951927365745e-01,-6.343041194433496344e-01,-6.893171371312132312e-01,-7.591186909891933787e-01,-7.241255706410311133e-01,-6.644796695812318355e-01,-6.604541536323041973e-01,-4.972601710597571723e-01,-6.743459919438787864e-01,-6.479568018534316298e-01,-6.121179632338930032e-01,-6.372339674594624803e-01,-6.751907332142701446e-01,-6.409032461665753466e-01,-6.034681217666746367e-01,-5.361338676859046526e-01,-3.901518140272968171e-01,-5.887883401297835384e-01,-5.448743215683141683e-01,-5.397190564774384525e-01,-5.618346834405529844e-01,-5.829261054594790936e-01,-5.627860382226343994e-01,-5.692899992122240072e-01,-5.368567937633201836e-01,-5.028438136647802592e-01,-4.888255716892875857e-01,-3.397389615550825415e-01,-4.092646224277394773e-01,-3.975921802196389354e-01,-3.710860456990126011e-01,-2.629678673592870108e-01,-3.542226755490501255e-01,-4.232902046218344205e-01,-3.699410720550354581e-01,-3.170891448797587553e-01,-1.936464631268856040e-01,-1.772342890194631149e-01,-2.366759397668376230e-01,-2.020968710592545570e-01,-6.825612661086176425e-02,-1.240012522745936180e-01,-2.501476452258161176e-01,-6.100764133567465608e-02,-2.233200082654182572e-01,-2.169897778974575753e-01,-2.222616854376385787e-01,-2.639660252806046437e-01,-1.307572825670542394e-01,5.157448093135036382e-04,-6.172403035169652524e-02,-2.154195720060567976e-01,-1.775960430173564308e-01
9.398135808280696502e-01,1.179234498077377680e+00,1.111660573297860832e+00,1.158031137456680515e+00,1.254458383075497618e+00,1.279209357129411861e+00,1.283752036049137235e+00,1.492309738550910314e+00,-1.613668607878081529e-01,7.272249511749850903e-01,7.796914702779114137e-01,8.211651434101525648e-01,8.619764831845668773e-01,8.762967847762852536e-01,9.944635969950423871e-01,1.048715678814363450e+00,1.139350526485017001e+00,3.753819925789911860e-01,6.024113666743611262e-01,6.912733391985831366e-01,7.099593212542320009e-01,7.518151267143537986e-01,7.632084275942152551e-01,8.097283531031885806e-01,8.286691690541569955e-01,8.434453129052965625e-01,8.663347888264592012e-01,6.304972387316610805e-01,6.090594985236518211e-01,6.110678535297826564e-01,6.265303454611170775e-01,6.417052327096705033e-01,6.872237775224793177e-01,6.930877509681503401e-01,7.294159638958730429e-01,6.434617464335634640e-01,5.277414968396583195e-01,4.116307626581930945e-01,4.110887978365027062e-01,4.803010322920250874e-01,4.419574712979044140e-01,3.315037433254102162e-01,3.621979398757863011e-01,3.910491579838590859e-01,3.143885498324000549e-01,2.587123512471930509e-01,7.765048095240723036e-02,6.495541300613225100e-02,-1.055163460457247127e-01,1.469996325477695986e-01,1.563611226950148980e-01,2.081879162331036204e-01,3.223267390993024284e-01,1.780674059037943291e-01,5.463967484896795623e-01,4.158421855521159394e-01,3.791786437593986925e-01,2.004819286584928473e-01,3.868807995377738784e-01,6.180871498044707701e-01,6.290907582079028337e-01,6.154857770513076920e-01,4.033045304860449765e-01
2.009204290318801212e-01,-2.256026932086759029e-01,-1.850871296192599380e-01,-1.689858615893403693e-01,-4.451649307216842821e-02,-5.338782818694820520e-02,4.355474724051333624e-02,6.622871321806721445e-01,1.432600897486110636e+00,1.504547791756772335e-01,-3.128799485973943195e-03,-1.220318633911136597e-01,-4.991557598642387683e-02,5.658867475447258710e-02,1.182411394539272832e-02,-1.208428801156266955e-02,1.125451245948208556e-01,4.696587776160082162e-01,1.008110583651383452e-01,-7.573177120771382165e-02,-7.665977021947648073e-02,-5.727896870668895690e-02,2.442586487151493513e-02,4.091783048905242581e-03,2.416677182479914920e-02,6.079858534297136186e-02,3.798245122709966726e-01,-2.175789691003851833e-01,-1.667381190652110212e-01,-1.178490279440431721e-01,-9.364541554960259528e-02,-4.134610699047641669e-02,-1.093521111212817087e-01,-7.034000106524823659e-02,-3.915500624177056799e-02,1.968350620868767886e-01,-1.212579808752406452e-01,-2.266303060902064292e-01,-1.388058995751362823e-01,-2.190327760066100304e-01,-2.062447720547428698e-01,-5.720933372140336870e-02,4.987667125951267960e-03,7.523905173271994151e-02,2.642513666980084719e-01,-1.503784420993124482e-01,-1.131290983801203631e-01,-1.090199103484310317e-01,5.286808562027964231e-02,-1.161860090823090275e-01,-5.723335570534474059e-02,-1.096872652232546985e-01,-6.823682330773989113e-02,-5.346550644672315444e-02,-3.185872236552543812e-01,-1.432921273754426406e-01,-1.019987186628946996e-01,4.135137735902691403e-02,-3.168746065977964821e-02,3.522567171928368823e-02,4.044480177314914437e-02,2.330254605439064375e-01,3.006182590860457249e-01
-3.580635122930022618e-01,-1.262973988110989154e-01,-1.381268825660830757e-01,-1.544293821382169973e-01,-1.855038577384191534e-01,-1.677751989375813046e-01,-1.611045357048705995e-01,-1.169163608799577148e-01,-1.047060049767980505e-01,-1.619398576858248617e-01,-1.189390775586858240e-01,-1.140586656876860783e-01,-1.308132135742494651e-01,-1.653811868577454991e-01,-1.336625947910656809e-01,-1.146652959417671092e-01,-2.523207635906254964e-02,6.394495823359425124e-02,-1.641044914625509055e-01,-1.397638893460810827e-01,-1.485437962800970624e-01,-1.607747615459884649e-01,-1.657278685073648727e-01,-1.442409971088907117e-01,-1.363318613197674889e-01,-6.637023237783279406e-02,-4.045252329459447793e-02,-8.760548140552282259e-02,-8.483226423850709352e-02,-9.588086942812834579e-02,-1.011189126582738851e-01,-1.190012427928701655e-01,-9.794181291186376814e-02,-1.081566703653871198e-01,-1.037210772537360270e-01,-6.656308590731807584e-02,-8.514220958181378807e-02,-9.740943200854762507e-02,-1.177527011123451761e-01,-1.274202504822094240e-01,-6.846094260961488320e-02,-8.374598993477211373e-02,-1.081306878283303519e-01,-1.283776513647588713e-01,-1.759812683860668692e-01,-7.019596928289340010e-02,-8.912381531827312520e-02,-9.477728777655036740e-02,-8.799418083814425362e-02,-6.177871606193341414e-02,-9.085052433640194991e-02,-1.064250963250515936e-01,-1.135250935184285437e-01,-1.318119335265173220e-01,-5.077340156956400286e-02,-7.871487542892285916e-02,-6.817245262941618034e-02,-5.069916172507793473e-02,-5.172841307878078831e-02,-6.393115118653774909e-02,-4.285756189040990094e-02,-2.353297970330225919e-02,2.012830747363337780e-01
