2026-08-19 21:47:19,942 - INFO - Loading data...
2026-08-19 21:47:19,968 - INFO - Successfully loaded transformed data from /home/victor/Projects/regularized-MAR-vs-LSTM-in-forcasting-IVS/data/processed/centered_full_data.csv with shape (2647, 63)
2026-08-19 21:47:19,984 - INFO - Successfully loaded transformed data from /home/victor/Projects/regularized-MAR-vs-LSTM-in-forcasting-IVS/data/processed/centered_train_data.csv with shape (2117, 63)
2026-08-19 21:47:19,990 - INFO - Successfully loaded transformed data from /home/victor/Projects/regularized-MAR-vs-LSTM-in-forcasting-IVS/data/processed/centered_test_data.csv with shape (530, 63)
2026-08-19 21:47:19,990 - INFO - Loading and examining parameters...
2026-08-19 21:47:19,991 - INFO - A_lse: [[-0.07785755 -0.11929959 -0.03649817  0.04662039  0.01382947  0.00312509
   0.03259373 -0.04394369 -0.12407625]
 [-0.04804774 -0.15696689 -0.17711354  0.07525725  0.01028886  0.01150094
  -0.03903183  0.07965859 -0.06034658]
 [-0.00454798  0.06280496 -0.38953771  0.02122378  0.02478433  0.01387612
  -0.06721486  0.13119192 -0.09587232]
 [-0.01662746  0.04439567 -0.04671654 -0.27821465  0.01069125  0.00454842
  -0.0386583   0.09358025 -0.07520894]
 [-0.00482797  0.02290818 -0.12446559  0.09901204 -0.30130018 -0.00994449
  -0.0291243   0.16737406 -0.12088574]
 [ 0.05177278 -0.01184831 -0.067369    0.03753189  0.01236142 -0.29328064
  -0.09693951  0.10424108 -0.04202366]
 [ 0.06583276 -0.00128301 -0.07944455  0.03487853  0.02062617  0.02342369
  -0.41425837  0.08319418 -0.03785968]
 [ 0.04247029 -0.01084391 -0.05842775  0.0380549   0.0189878   0.03109182
  -0.10877329 -0.20918826 -0.04836444]
 [ 0.01393418 -0.01871747 -0.05431649  0.03972051  0.01747989  0.01309912
   0.00856686 -0.13383976 -0.19125958]]
2026-08-19 21:47:20,010 - INFO - Eigenvalues of A_lse: [-0.04097887+0.j         -0.13872223+0.j         -0.23022377+0.j
 -0.3125427 +0.04544479j -0.3125427 -0.04544479j -0.33779555+0.01541023j
 -0.33779555-0.01541023j -0.29330597+0.j         -0.3079565 +0.j        ]
2026-08-19 21:47:20,010 - INFO - Distance from A_lse to identity matrix of shape (9, 9): 3.8240982790319515
2026-08-19 21:47:20,010 - INFO - B_lse: [[-1.33513016 -0.1610484   0.0853345  -2.84108008 -0.02769684  0.76743764
   0.48618137]
 [ 0.0190207  -2.48533433 -1.05564876 -0.07457788  0.48148516  0.1375168
  -0.24313764]
 [ 0.01698583 -0.57088322 -2.29786527 -0.04886965 -0.46474627  0.07474962
   0.0521595 ]
 [ 0.09225565  0.3115089   0.11213262 -2.78378622 -0.08436084 -0.32820404
  -0.32894714]
 [ 0.02445745 -0.08769171 -0.90589854 -0.03347592 -2.32674379  0.00807293
   0.14911722]
 [ 0.08580976  0.30138933 -0.01378852 -0.17331414  0.0840447  -2.67649234
  -0.62206582]
 [ 0.039069    0.02269894 -0.54131866 -0.01260515  0.47251104 -0.00883325
  -3.09240501]]
2026-08-19 21:47:20,010 - INFO - Eigenvalues of B_lse: [-1.43294941 -1.28848158 -2.37400763 -2.6735533  -2.85342907 -3.25187618
 -3.12345995]
2026-08-19 21:47:20,010 - INFO - Distance from B_lse to identity matrix of shape (7, 7): 9.862738067961576
2026-08-19 21:47:20,011 - INFO - regularized_A: [[-0.24453291 -0.06644308 -0.          0.          0.01486134  0.
  -0.         -0.         -0.06946312]
 [-0.01389423 -0.35207796 -0.01054994  0.          0.01103478 -0.
  -0.         -0.         -0.        ]
 [-0.         -0.         -0.37484069 -0.          0.01273185 -0.
  -0.         -0.         -0.        ]
 [-0.         -0.         -0.00345191 -0.35457409  0.00353235 -0.
  -0.00608635 -0.         -0.        ]
 [-0.         -0.02280746 -0.          0.         -0.34010693  0.
   0.         -0.         -0.        ]
 [-0.         -0.         -0.         -0.          0.00542583 -0.37017835
  -0.         -0.         -0.        ]
 [-0.         -0.         -0.         -0.          0.01009241 -0.00310844
  -0.37154274 -0.         -0.        ]
 [-0.         -0.         -0.          0.          0.01329542 -0.
  -0.04162029 -0.27528637 -0.0612177 ]
 [-0.05963975 -0.         -0.          0.          0.01334245  0.
  -0.         -0.08070426 -0.23834626]]
2026-08-19 21:47:20,011 - INFO - Eigenvalues of regularized_A: [-0.35457409+0.j         -0.15154024+0.j         -0.25283366+0.j
 -0.33749508+0.j         -0.35137484+0.j         -0.36607304+0.00720719j
 -0.36607304-0.00720719j -0.37314852+0.j         -0.36837377+0.j        ]
2026-08-19 21:47:20,011 - INFO - Distance from regularized_A to identity matrix of shape (9, 9): 3.9803231735654596
2026-08-19 21:47:20,011 - INFO - regularized_B: [[-1.50491049  0.          0.         -1.1830329   0.         -0.
   0.        ]
 [-0.         -1.89505196 -0.37574098 -0.         -0.         -0.
  -0.36685782]
 [-0.         -0.81306941 -1.27602388 -0.         -0.4853606  -0.
  -0.        ]
 [-0.01212833 -0.         -0.         -2.26353677 -0.         -0.36955596
  -0.        ]
 [ 0.         -0.05108164 -1.10403718 -0.         -1.31450888 -0.
  -0.        ]
 [-0.         -0.         -0.         -0.24733103 -0.         -2.16963401
  -0.22963657]
 [-0.         -0.         -0.         -0.         -0.         -0.09750626
  -2.53617293]]
2026-08-19 21:47:20,011 - INFO - Eigenvalues of regularized_B: [-2.63908297 -2.44908413 -2.39693594 -1.48261781 -1.90346929 -1.63744452
 -0.45120425]
2026-08-19 21:47:20,011 - INFO - Distance from regularized_B to identity matrix of shape (7, 7): 7.902438749291333
2026-08-19 21:47:20,014 - INFO - Successfully saved to /home/victor/Projects/regularized-MAR-vs-LSTM-in-forcasting-IVS/data/result/MAR/MAR_eigenvalues.csv with shape (9, 4)
2026-08-19 21:47:20,015 - INFO - Successfully saved to /home/victor/Projects/regularized-MAR-vs-LSTM-in-forcasting-IVS/data/result/MAR/MAR_coefficient_matrix_distance_from_identity.csv with shape (1, 4)
2026-08-19 21:47:20,015 - INFO - Computing training MSE for MAR(1)...
2026-08-19 21:47:20,016 - WARNING - Not enough data to backtest for date 2016-04-01 00:00:00 - horizon 1
2026-08-19 21:47:20,854 - WARNING - Not enough data to backtest for date 2016-04-01 00:00:00 - horizon 14
2026-08-19 21:47:20,854 - WARNING - Not enough data to backtest for date 2016-04-04 00:00:00 - horizon 14
2026-08-19 21:47:20,854 - WARNING - Not enough data to backtest for date 2016-04-05 00:00:00 - horizon 14
2026-08-19 21:47:20,854 - WARNING - Not enough data to backtest for date 2016-04-06 00:00:00 - horizon 14
2026-08-19 21:47:20,854 - WARNING - Not enough data to backtest for date 2016-04-07 00:00:00 - horizon 14
2026-08-19 21:47:20,854 - WARNING - Not enough data to backtest for date 2016-04-08 00:00:00 - horizon 14
2026-08-19 21:47:20,854 - WARNING - Not enough data to backtest for date 2016-04-11 00:00:00 - horizon 14
2026-08-19 21:47:20,854 - WARNING - Not enough data to backtest for date 2016-04-12 00:00:00 - horizon 14
2026-08-19 21:47:20,854 - WARNING - Not enough data to backtest for date 2016-04-13 00:00:00 - horizon 14
2026-08-19 21:47:20,854 - WARNING - Not enough data to backtest for date 2016-04-14 00:00:00 - horizon 14
2026-08-19 21:47:20,854 - WARNING - Not enough data to backtest for date 2016-04-15 00:00:00 - horizon 14
2026-08-19 21:47:20,854 - WARNING - Not enough data to backtest for date 2016-04-18 00:00:00 - horizon 14
2026-08-19 21:47:20,854 - WARNING - Not enough data to backtest for date 2016-04-19 00:00:00 - horizon 14
2026-08-19 21:47:20,854 - WARNING - Not enough data to backtest for date 2016-04-20 00:00:00 - horizon 14
2026-08-19 21:47:21,726 - WARNING - Not enough data to backtest for date 2016-04-01 00:00:00 - horizon 30
2026-08-19 21:47:21,726 - WARNING - Not enough data to backtest for date 2016-04-04 00:00:00 - horizon 30
2026-08-19 21:47:21,726 - WARNING - Not enough data to backtest for date 2016-04-05 00:00:00 - horizon 30
2026-08-19 21:47:21,726 - WARNING - Not enough data to backtest for date 2016-04-06 00:00:00 - horizon 30
2026-08-19 21:47:21,726 - WARNING - Not enough data to backtest for date 2016-04-07 00:00:00 - horizon 30
2026-08-19 21:47:21,726 - WARNING - Not enough data to backtest for date 2016-04-08 00:00:00 - horizon 30
2026-08-19 21:47:21,726 - WARNING - Not enough data to backtest for date 2016-04-11 00:00:00 - horizon 30
2026-08-19 21:47:21,726 - WARNING - Not enough data to backtest for date 2016-04-12 00:00:00 - horizon 30
2026-08-19 21:47:21,726 - WARNING - Not enough data to backtest for date 2016-04-13 00:00:00 - horizon 30
2026-08-19 21:47:21,726 - WARNING - Not enough data to backtest for date 2016-04-14 00:00:00 - horizon 30
2026-08-19 21:47:21,726 - WARNING - Not enough data to backtest for date 2016-04-15 00:00:00 - horizon 30
2026-08-19 21:47:21,726 - WARNING - Not enough data to backtest for date 2016-04-18 00:00:00 - horizon 30
2026-08-19 21:47:21,726 - WARNING - Not enough data to backtest for date 2016-04-19 00:00:00 - horizon 30
2026-08-19 21:47:21,726 - WARNING - Not enough data to backtest for date 2016-04-20 00:00:00 - horizon 30
2026-08-19 21:47:21,726 - WARNING - Not enough data to backtest for date 2016-04-21 00:00:00 - horizon 30
2026-08-19 21:47:21,726 - WARNING - Not enough data to backtest for date 2016-04-22 00:00:00 - horizon 30
2026-08-19 21:47:21,726 - WARNING - Not enough data to backtest for date 2016-04-25 00:00:00 - horizon 30
2026-08-19 21:47:21,726 - WARNING - Not enough data to backtest for date 2016-04-26 00:00:00 - horizon 30
2026-08-19 21:47:21,726 - WARNING - Not enough data to backtest for date 2016-04-27 00:00:00 - horizon 30
2026-08-19 21:47:21,726 - WARNING - Not enough data to backtest for date 2016-04-28 00:00:00 - horizon 30
2026-08-19 21:47:21,726 - WARNING - Not enough data to backtest for date 2016-04-29 00:00:00 - horizon 30
2026-08-19 21:47:21,726 - WARNING - Not enough data to backtest for date 2016-05-02 00:00:00 - horizon 30
2026-08-19 21:47:21,726 - WARNING - Not enough data to backtest for date 2016-05-03 00:00:00 - horizon 30
2026-08-19 21:47:21,726 - WARNING - Not enough data to backtest for date 2016-05-04 00:00:00 - horizon 30
2026-08-19 21:47:21,726 - WARNING - Not enough data to backtest for date 2016-05-05 00:00:00 - horizon 30
2026-08-19 21:47:21,726 - WARNING - Not enough data to backtest for date 2016-05-06 00:00:00 - horizon 30
2026-08-19 21:47:21,726 - WARNING - Not enough data to backtest for date 2016-05-09 00:00:00 - horizon 30
2026-08-19 21:47:21,726 - WARNING - Not enough data to backtest for date 2016-05-10 00:00:00 - horizon 30
2026-08-19 21:47:21,726 - WARNING - Not enough data to backtest for date 2016-05-11 00:00:00 - horizon 30
2026-08-19 21:47:21,726 - WARNING - Not enough data to backtest for date 2016-05-12 00:00:00 - horizon 30
2026-08-19 21:47:22,647 - WARNING - Not enough data to backtest for date 2016-04-01 00:00:00 - horizon 90
2026-08-19 21:47:22,647 - WARNING - Not enough data to backtest for date 2016-04-04 00:00:00 - horizon 90
2026-08-19 21:47:22,647 - WARNING - Not enough data to backtest for date 2016-04-05 00:00:00 - horizon 90
2026-08-19 21:47:22,647 - WARNING - Not enough data to backtest for date 2016-04-06 00:00:00 - horizon 90
2026-08-19 21:47:22,647 - WARNING - Not enough data to backtest for date 2016-04-07 00:00:00 - horizon 90
2026-08-19 21:47:22,647 - WARNING - Not enough data to backtest for date 2016-04-08 00:00:00 - horizon 90
2026-08-19 21:47:22,647 - WARNING - Not enough data to backtest for date 2016-04-11 00:00:00 - horizon 90
2026-08-19 21:47:22,647 - WARNING - Not enough data to backtest for date 2016-04-12 00:00:00 - horizon 90
2026-08-19 21:47:22,647 - WARNING - Not enough data to backtest for date 2016-04-13 00:00:00 - horizon 90
2026-08-19 21:47:22,647 - WARNING - Not enough data to backtest for date 2016-04-14 00:00:00 - horizon 90
2026-08-19 21:47:22,647 - WARNING - Not enough data to backtest for date 2016-04-15 00:00:00 - horizon 90
2026-08-19 21:47:22,647 - WARNING - Not enough data to backtest for date 2016-04-18 00:00:00 - horizon 90
2026-08-19 21:47:22,647 - WARNING - Not enough data to backtest for date 2016-04-19 00:00:00 - horizon 90
2026-08-19 21:47:22,647 - WARNING - Not enough data to backtest for date 2016-04-20 00:00:00 - horizon 90
2026-08-19 21:47:22,647 - WARNING - Not enough data to backtest for date 2016-04-21 00:00:00 - horizon 90
2026-08-19 21:47:22,647 - WARNING - Not enough data to backtest for date 2016-04-22 00:00:00 - horizon 90
2026-08-19 21:47:22,647 - WARNING - Not enough data to backtest for date 2016-04-25 00:00:00 - horizon 90
2026-08-19 21:47:22,647 - WARNING - Not enough data to backtest for date 2016-04-26 00:00:00 - horizon 90
2026-08-19 21:47:22,648 - WARNING - Not enough data to backtest for date 2016-04-27 00:00:00 - horizon 90
2026-08-19 21:47:22,648 - WARNING - Not enough data to backtest for date 2016-04-28 00:00:00 - horizon 90
2026-08-19 21:47:22,648 - WARNING - Not enough data to backtest for date 2016-04-29 00:00:00 - horizon 90
2026-08-19 21:47:22,648 - WARNING - Not enough data to backtest for date 2016-05-02 00:00:00 - horizon 90
2026-08-19 21:47:22,648 - WARNING - Not enough data to backtest for date 2016-05-03 00:00:00 - horizon 90
2026-08-19 21:47:22,648 - WARNING - Not enough data to backtest for date 2016-05-04 00:00:00 - horizon 90
2026-08-19 21:47:22,648 - WARNING - Not enough data to backtest for date 2016-05-05 00:00:00 - horizon 90
2026-08-19 21:47:22,648 - WARNING - Not enough data to backtest for date 2016-05-06 00:00:00 - horizon 90
2026-08-19 21:47:22,648 - WARNING - Not enough data to backtest for date 2016-05-09 00:00:00 - horizon 90
2026-08-19 21:47:22,648 - WARNING - Not enough data to backtest for date 2016-05-10 00:00:00 - horizon 90
2026-08-19 21:47:22,648 - WARNING - Not enough data to backtest for date 2016-05-11 00:00:00 - horizon 90
2026-08-19 21:47:22,648 - WARNING - Not enough data to backtest for date 2016-05-12 00:00:00 - horizon 90
2026-08-19 21:47:22,648 - WARNING - Not enough data to backtest for date 2016-05-13 00:00:00 - horizon 90
2026-08-19 21:47:22,648 - WARNING - Not enough data to backtest for date 2016-05-16 00:00:00 - horizon 90
2026-08-19 21:47:22,648 - WARNING - Not enough data to backtest for date 2016-05-17 00:00:00 - horizon 90
2026-08-19 21:47:22,648 - WARNING - Not enough data to backtest for date 2016-05-18 00:00:00 - horizon 90
2026-08-19 21:47:22,648 - WARNING - Not enough data to backtest for date 2016-05-19 00:00:00 - horizon 90
2026-08-19 21:47:22,648 - WARNING - Not enough data to backtest for date 2016-05-20 00:00:00 - horizon 90
2026-08-19 21:47:22,648 - WARNING - Not enough data to backtest for date 2016-05-23 00:00:00 - horizon 90
2026-08-19 21:47:22,648 - WARNING - Not enough data to backtest for date 2016-05-24 00:00:00 - horizon 90
2026-08-19 21:47:22,648 - WARNING - Not enough data to backtest for date 2016-05-25 00:00:00 - horizon 90
2026-08-19 21:47:22,648 - WARNING - Not enough data to backtest for date 2016-05-26 00:00:00 - horizon 90
2026-08-19 21:47:22,648 - WARNING - Not enough data to backtest for date 2016-05-27 00:00:00 - horizon 90
2026-08-19 21:47:22,648 - WARNING - Not enough data to backtest for date 2016-05-30 00:00:00 - horizon 90
2026-08-19 21:47:22,648 - WARNING - Not enough data to backtest for date 2016-05-31 00:00:00 - horizon 90
2026-08-19 21:47:22,648 - WARNING - Not enough data to backtest for date 2016-06-01 00:00:00 - horizon 90
2026-08-19 21:47:22,648 - WARNING - Not enough data to backtest for date 2016-06-02 00:00:00 - horizon 90
2026-08-19 21:47:22,648 - WARNING - Not enough data to backtest for date 2016-06-03 00:00:00 - horizon 90
2026-08-19 21:47:22,648 - WARNING - Not enough data to backtest for date 2016-06-06 00:00:00 - horizon 90
2026-08-19 21:47:22,648 - WARNING - Not enough data to backtest for date 2016-06-07 00:00:00 - horizon 90
2026-08-19 21:47:22,648 - WARNING - Not enough data to backtest for date 2016-06-08 00:00:00 - horizon 90
2026-08-19 21:47:22,648 - WARNING - Not enough data to backtest for date 2016-06-09 00:00:00 - horizon 90
2026-08-19 21:47:22,648 - WARNING - Not enough data to backtest for date 2016-06-10 00:00:00 - horizon 90
2026-08-19 21:47:22,648 - WARNING - Not enough data to backtest for date 2016-06-13 00:00:00 - horizon 90
2026-08-19 21:47:22,648 - WARNING - Not enough data to backtest for date 2016-06-14 00:00:00 - horizon 90
2026-08-19 21:47:22,648 - WARNING - Not enough data to backtest for date 2016-06-15 00:00:00 - horizon 90
2026-08-19 21:47:22,648 - WARNING - Not enough data to backtest for date 2016-06-16 00:00:00 - horizon 90
2026-08-19 21:47:22,648 - WARNING - Not enough data to backtest for date 2016-06-17 00:00:00 - horizon 90
2026-08-19 21:47:22,648 - WARNING - Not enough data to backtest for date 2016-06-20 00:00:00 - horizon 90
2026-08-19 21:47:22,648 - WARNING - Not enough data to backtest for date 2016-06-21 00:00:00 - horizon 90
2026-08-19 21:47:22,648 - WARNING - Not enough data to backtest for date 2016-06-22 00:00:00 - horizon 90
2026-08-19 21:47:22,648 - WARNING - Not enough data to backtest for date 2016-06-23 00:00:00 - horizon 90
2026-08-19 21:47:22,648 - WARNING - Not enough data to backtest for date 2016-06-24 00:00:00 - horizon 90
2026-08-19 21:47:22,648 - WARNING - Not enough data to backtest for date 2016-06-27 00:00:00 - horizon 90
2026-08-19 21:47:22,648 - WARNING - Not enough data to backtest for date 2016-06-28 00:00:00 - horizon 90
2026-08-19 21:47:22,648 - WARNING - Not enough data to backtest for date 2016-06-29 00:00:00 - horizon 90
2026-08-19 21:47:22,648 - WARNING - Not enough data to backtest for date 2016-06-30 00:00:00 - horizon 90
2026-08-19 21:47:22,648 - WARNING - Not enough data to backtest for date 2016-07-01 00:00:00 - horizon 90
2026-08-19 21:47:22,648 - WARNING - Not enough data to backtest for date 2016-07-04 00:00:00 - horizon 90
2026-08-19 21:47:22,648 - WARNING - Not enough data to backtest for date 2016-07-05 00:00:00 - horizon 90
2026-08-19 21:47:22,648 - WARNING - Not enough data to backtest for date 2016-07-06 00:00:00 - horizon 90
2026-08-19 21:47:22,648 - WARNING - Not enough data to backtest for date 2016-07-07 00:00:00 - horizon 90
2026-08-19 21:47:22,648 - WARNING - Not enough data to backtest for date 2016-07-08 00:00:00 - horizon 90
2026-08-19 21:47:22,648 - WARNING - Not enough data to backtest for date 2016-07-11 00:00:00 - horizon 90
2026-08-19 21:47:22,648 - WARNING - Not enough data to backtest for date 2016-07-12 00:00:00 - horizon 90
2026-08-19 21:47:22,648 - WARNING - Not enough data to backtest for date 2016-07-13 00:00:00 - horizon 90
2026-08-19 21:47:22,648 - WARNING - Not enough data to backtest for date 2016-07-14 00:00:00 - horizon 90
2026-08-19 21:47:22,648 - WARNING - Not enough data to backtest for date 2016-07-15 00:00:00 - horizon 90
2026-08-19 21:47:22,648 - WARNING - Not enough data to backtest for date 2016-07-18 00:00:00 - horizon 90
2026-08-19 21:47:22,648 - WARNING - Not enough data to backtest for date 2016-07-19 00:00:00 - horizon 90
2026-08-19 21:47:22,648 - WARNING - Not enough data to backtest for date 2016-07-20 00:00:00 - horizon 90
2026-08-19 21:47:22,648 - WARNING - Not enough data to backtest for date 2016-07-21 00:00:00 - horizon 90
2026-08-19 21:47:22,648 - WARNING - Not enough data to backtest for date 2016-07-22 00:00:00 - horizon 90
2026-08-19 21:47:22,648 - WARNING - Not enough data to backtest for date 2016-07-25 00:00:00 - horizon 90
2026-08-19 21:47:22,648 - WARNING - Not enough data to backtest for date 2016-07-26 00:00:00 - horizon 90
2026-08-19 21:47:22,648 - WARNING - Not enough data to backtest for date 2016-07-27 00:00:00 - horizon 90
2026-08-19 21:47:22,648 - WARNING - Not enough data to backtest for date 2016-07-28 00:00:00 - horizon 90
2026-08-19 21:47:22,648 - WARNING - Not enough data to backtest for date 2016-07-29 00:00:00 - horizon 90
2026-08-19 21:47:22,648 - WARNING - Not enough data to backtest for date 2016-08-01 00:00:00 - horizon 90
2026-08-19 21:47:22,648 - WARNING - Not enough data to backtest for date 2016-08-02 00:00:00 - horizon 90
2026-08-19 21:47:22,648 - WARNING - Not enough data to backtest for date 2016-08-03 00:00:00 - horizon 90
2026-08-19 21:47:22,648 - WARNING - Not enough data to backtest for date 2016-08-04 00:00:00 - horizon 90
2026-08-19 21:47:23,741 - WARNING - Not enough data to backtest for date 2016-04-01 00:00:00 - horizon 180
2026-08-19 21:47:23,741 - WARNING - Not enough data to backtest for date 2016-04-04 00:00:00 - horizon 180
2026-08-19 21:47:23,741 - WARNING - Not enough data to backtest for date 2016-04-05 00:00:00 - horizon 180
2026-08-19 21:47:23,741 - WARNING - Not enough data to backtest for date 2016-04-06 00:00:00 - horizon 180
2026-08-19 21:47:23,741 - WARNING - Not enough data to backtest for date 2016-04-07 00:00:00 - horizon 180
2026-08-19 21:47:23,741 - WARNING - Not enough data to backtest for date 2016-04-08 00:00:00 - horizon 180
2026-08-19 21:47:23,741 - WARNING - Not enough data to backtest for date 2016-04-11 00:00:00 - horizon 180
2026-08-19 21:47:23,741 - WARNING - Not enough data to backtest for date 2016-04-12 00:00:00 - horizon 180
2026-08-19 21:47:23,741 - WARNING - Not enough data to backtest for date 2016-04-13 00:00:00 - horizon 180
2026-08-19 21:47:23,742 - WARNING - Not enough data to backtest for date 2016-04-14 00:00:00 - horizon 180
2026-08-19 21:47:23,742 - WARNING - Not enough data to backtest for date 2016-04-15 00:00:00 - horizon 180
2026-08-19 21:47:23,742 - WARNING - Not enough data to backtest for date 2016-04-18 00:00:00 - horizon 180
2026-08-19 21:47:23,742 - WARNING - Not enough data to backtest for date 2016-04-19 00:00:00 - horizon 180
2026-08-19 21:47:23,742 - WARNING - Not enough data to backtest for date 2016-04-20 00:00:00 - horizon 180
2026-08-19 21:47:23,742 - WARNING - Not enough data to backtest for date 2016-04-21 00:00:00 - horizon 180
2026-08-19 21:47:23,742 - WARNING - Not enough data to backtest for date 2016-04-22 00:00:00 - horizon 180
2026-08-19 21:47:23,742 - WARNING - Not enough data to backtest for date 2016-04-25 00:00:00 - horizon 180
2026-08-19 21:47:23,742 - WARNING - Not enough data to backtest for date 2016-04-26 00:00:00 - horizon 180
2026-08-19 21:47:23,742 - WARNING - Not enough data to backtest for date 2016-04-27 00:00:00 - horizon 180
2026-08-19 21:47:23,742 - WARNING - Not enough data to backtest for date 2016-04-28 00:00:00 - horizon 180
2026-08-19 21:47:23,742 - WARNING - Not enough data to backtest for date 2016-04-29 00:00:00 - horizon 180
2026-08-19 21:47:23,742 - WARNING - Not enough data to backtest for date 2016-05-02 00:00:00 - horizon 180
2026-08-19 21:47:23,742 - WARNING - Not enough data to backtest for date 2016-05-03 00:00:00 - horizon 180
2026-08-19 21:47:23,742 - WARNING - Not enough data to backtest for date 2016-05-04 00:00:00 - horizon 180
2026-08-19 21:47:23,742 - WARNING - Not enough data to backtest for date 2016-05-05 00:00:00 - horizon 180
2026-08-19 21:47:23,742 - WARNING - Not enough data to backtest for date 2016-05-06 00:00:00 - horizon 180
2026-08-19 21:47:23,742 - WARNING - Not enough data to backtest for date 2016-05-09 00:00:00 - horizon 180
2026-08-19 21:47:23,742 - WARNING - Not enough data to backtest for date 2016-05-10 00:00:00 - horizon 180
2026-08-19 21:47:23,742 - WARNING - Not enough data to backtest for date 2016-05-11 00:00:00 - horizon 180
2026-08-19 21:47:23,742 - WARNING - Not enough data to backtest for date 2016-05-12 00:00:00 - horizon 180
2026-08-19 21:47:23,742 - WARNING - Not enough data to backtest for date 2016-05-13 00:00:00 - horizon 180
2026-08-19 21:47:23,742 - WARNING - Not enough data to backtest for date 2016-05-16 00:00:00 - horizon 180
2026-08-19 21:47:23,742 - WARNING - Not enough data to backtest for date 2016-05-17 00:00:00 - horizon 180
2026-08-19 21:47:23,742 - WARNING - Not enough data to backtest for date 2016-05-18 00:00:00 - horizon 180
2026-08-19 21:47:23,742 - WARNING - Not enough data to backtest for date 2016-05-19 00:00:00 - horizon 180
2026-08-19 21:47:23,742 - WARNING - Not enough data to backtest for date 2016-05-20 00:00:00 - horizon 180
2026-08-19 21:47:23,742 - WARNING - Not enough data to backtest for date 2016-05-23 00:00:00 - horizon 180
2026-08-19 21:47:23,742 - WARNING - Not enough data to backtest for date 2016-05-24 00:00:00 - horizon 180
2026-08-19 21:47:23,742 - WARNING - Not enough data to backtest for date 2016-05-25 00:00:00 - horizon 180
2026-08-19 21:47:23,742 - WARNING - Not enough data to backtest for date 2016-05-26 00:00:00 - horizon 180
2026-08-19 21:47:23,742 - WARNING - Not enough data to backtest for date 2016-05-27 00:00:00 - horizon 180
2026-08-19 21:47:23,742 - WARNING - Not enough data to backtest for date 2016-05-30 00:00:00 - horizon 180
2026-08-19 21:47:23,742 - WARNING - Not enough data to backtest for date 2016-05-31 00:00:00 - horizon 180
2026-08-19 21:47:23,742 - WARNING - Not enough data to backtest for date 2016-06-01 00:00:00 - horizon 180
2026-08-19 21:47:23,742 - WARNING - Not enough data to backtest for date 2016-06-02 00:00:00 - horizon 180
2026-08-19 21:47:23,742 - WARNING - Not enough data to backtest for date 2016-06-03 00:00:00 - horizon 180
2026-08-19 21:47:23,742 - WARNING - Not enough data to backtest for date 2016-06-06 00:00:00 - horizon 180
2026-08-19 21:47:23,742 - WARNING - Not enough data to backtest for date 2016-06-07 00:00:00 - horizon 180
2026-08-19 21:47:23,742 - WARNING - Not enough data to backtest for date 2016-06-08 00:00:00 - horizon 180
2026-08-19 21:47:23,742 - WARNING - Not enough data to backtest for date 2016-06-09 00:00:00 - horizon 180
2026-08-19 21:47:23,742 - WARNING - Not enough data to backtest for date 2016-06-10 00:00:00 - horizon 180
2026-08-19 21:47:23,742 - WARNING - Not enough data to backtest for date 2016-06-13 00:00:00 - horizon 180
2026-08-19 21:47:23,742 - WARNING - Not enough data to backtest for date 2016-06-14 00:00:00 - horizon 180
2026-08-19 21:47:23,742 - WARNING - Not enough data to backtest for date 2016-06-15 00:00:00 - horizon 180
2026-08-19 21:47:23,742 - WARNING - Not enough data to backtest for date 2016-06-16 00:00:00 - horizon 180
2026-08-19 21:47:23,742 - WARNING - Not enough data to backtest for date 2016-06-17 00:00:00 - horizon 180
2026-08-19 21:47:23,742 - WARNING - Not enough data to backtest for date 2016-06-20 00:00:00 - horizon 180
2026-08-19 21:47:23,742 - WARNING - Not enough data to backtest for date 2016-06-21 00:00:00 - horizon 180
2026-08-19 21:47:23,742 - WARNING - Not enough data to backtest for date 2016-06-22 00:00:00 - horizon 180
2026-08-19 21:47:23,742 - WARNING - Not enough data to backtest for date 2016-06-23 00:00:00 - horizon 180
2026-08-19 21:47:23,742 - WARNING - Not enough data to backtest for date 2016-06-24 00:00:00 - horizon 180
2026-08-19 21:47:23,742 - WARNING - Not enough data to backtest for date 2016-06-27 00:00:00 - horizon 180
2026-08-19 21:47:23,742 - WARNING - Not enough data to backtest for date 2016-06-28 00:00:00 - horizon 180
2026-08-19 21:47:23,742 - WARNING - Not enough data to backtest for date 2016-06-29 00:00:00 - horizon 180
2026-08-19 21:47:23,742 - WARNING - Not enough data to backtest for date 2016-06-30 00:00:00 - horizon 180
2026-08-19 21:47:23,742 - WARNING - Not enough data to backtest for date 2016-07-01 00:00:00 - horizon 180
2026-08-19 21:47:23,742 - WARNING - Not enough data to backtest for date 2016-07-04 00:00:00 - horizon 180
2026-08-19 21:47:23,742 - WARNING - Not enough data to backtest for date 2016-07-05 00:00:00 - horizon 180
2026-08-19 21:47:23,742 - WARNING - Not enough data to backtest for date 2016-07-06 00:00:00 - horizon 180
2026-08-19 21:47:23,742 - WARNING - Not enough data to backtest for date 2016-07-07 00:00:00 - horizon 180
2026-08-19 21:47:23,742 - WARNING - Not enough data to backtest for date 2016-07-08 00:00:00 - horizon 180
2026-08-19 21:47:23,742 - WARNING - Not enough data to backtest for date 2016-07-11 00:00:00 - horizon 180
2026-08-19 21:47:23,742 - WARNING - Not enough data to backtest for date 2016-07-12 00:00:00 - horizon 180
2026-08-19 21:47:23,742 - WARNING - Not enough data to backtest for date 2016-07-13 00:00:00 - horizon 180
2026-08-19 21:47:23,742 - WARNING - Not enough data to backtest for date 2016-07-14 00:00:00 - horizon 180
2026-08-19 21:47:23,742 - WARNING - Not enough data to backtest for date 2016-07-15 00:00:00 - horizon 180
2026-08-19 21:47:23,742 - WARNING - Not enough data to backtest for date 2016-07-18 00:00:00 - horizon 180
2026-08-19 21:47:23,742 - WARNING - Not enough data to backtest for date 2016-07-19 00:00:00 - horizon 180
2026-08-19 21:47:23,742 - WARNING - Not enough data to backtest for date 2016-07-20 00:00:00 - horizon 180
2026-08-19 21:47:23,742 - WARNING - Not enough data to backtest for date 2016-07-21 00:00:00 - horizon 180
2026-08-19 21:47:23,742 - WARNING - Not enough data to backtest for date 2016-07-22 00:00:00 - horizon 180
2026-08-19 21:47:23,742 - WARNING - Not enough data to backtest for date 2016-07-25 00:00:00 - horizon 180
2026-08-19 21:47:23,742 - WARNING - Not enough data to backtest for date 2016-07-26 00:00:00 - horizon 180
2026-08-19 21:47:23,742 - WARNING - Not enough data to backtest for date 2016-07-27 00:00:00 - horizon 180
2026-08-19 21:47:23,742 - WARNING - Not enough data to backtest for date 2016-07-28 00:00:00 - horizon 180
2026-08-19 21:47:23,742 - WARNING - Not enough data to backtest for date 2016-07-29 00:00:00 - horizon 180
2026-08-19 21:47:23,742 - WARNING - Not enough data to backtest for date 2016-08-01 00:00:00 - horizon 180
2026-08-19 21:47:23,742 - WARNING - Not enough data to backtest for date 2016-08-02 00:00:00 - horizon 180
2026-08-19 21:47:23,743 - WARNING - Not enough data to backtest for date 2016-08-03 00:00:00 - horizon 180
2026-08-19 21:47:23,743 - WARNING - Not enough data to backtest for date 2016-08-04 00:00:00 - horizon 180
2026-08-19 21:47:23,743 - WARNING - Not enough data to backtest for date 2016-08-05 00:00:00 - horizon 180
2026-08-19 21:47:23,743 - WARNING - Not enough data to backtest for date 2016-08-08 00:00:00 - horizon 180
2026-08-19 21:47:23,743 - WARNING - Not enough data to backtest for date 2016-08-09 00:00:00 - horizon 180
2026-08-19 21:47:23,743 - WARNING - Not enough data to backtest for date 2016-08-10 00:00:00 - horizon 180
2026-08-19 21:47:23,743 - WARNING - Not enough data to backtest for date 2016-08-11 00:00:00 - horizon 180
2026-08-19 21:47:23,743 - WARNING - Not enough data to backtest for date 2016-08-12 00:00:00 - horizon 180
2026-08-19 21:47:23,743 - WARNING - Not enough data to backtest for date 2016-08-15 00:00:00 - horizon 180
2026-08-19 21:47:23,743 - WARNING - Not enough data to backtest for date 2016-08-16 00:00:00 - horizon 180
2026-08-19 21:47:23,743 - WARNING - Not enough data to backtest for date 2016-08-17 00:00:00 - horizon 180
2026-08-19 21:47:23,743 - WARNING - Not enough data to backtest for date 2016-08-18 00:00:00 - horizon 180
2026-08-19 21:47:23,743 - WARNING - Not enough data to backtest for date 2016-08-19 00:00:00 - horizon 180
2026-08-19 21:47:23,743 - WARNING - Not enough data to backtest for date 2016-08-22 00:00:00 - horizon 180
2026-08-19 21:47:23,743 - WARNING - Not enough data to backtest for date 2016-08-23 00:00:00 - horizon 180
2026-08-19 21:47:23,743 - WARNING - Not enough data to backtest for date 2016-08-24 00:00:00 - horizon 180
2026-08-19 21:47:23,743 - WARNING - Not enough data to backtest for date 2016-08-25 00:00:00 - horizon 180
2026-08-19 21:47:23,743 - WARNING - Not enough data to backtest for date 2016-08-26 00:00:00 - horizon 180
2026-08-19 21:47:23,743 - WARNING - Not enough data to backtest for date 2016-08-29 00:00:00 - horizon 180
2026-08-19 21:47:23,743 - WARNING - Not enough data to backtest for date 2016-08-30 00:00:00 - horizon 180
2026-08-19 21:47:23,743 - WARNING - Not enough data to backtest for date 2016-08-31 00:00:00 - horizon 180
2026-08-19 21:47:23,743 - WARNING - Not enough data to backtest for date 2016-09-01 00:00:00 - horizon 180
2026-08-19 21:47:23,743 - WARNING - Not enough data to backtest for date 2016-09-02 00:00:00 - horizon 180
2026-08-19 21:47:23,743 - WARNING - Not enough data to backtest for date 2016-09-05 00:00:00 - horizon 180
2026-08-19 21:47:23,743 - WARNING - Not enough data to backtest for date 2016-09-06 00:00:00 - horizon 180
2026-08-19 21:47:23,743 - WARNING - Not enough data to backtest for date 2016-09-07 00:00:00 - horizon 180
2026-08-19 21:47:23,743 - WARNING - Not enough data to backtest for date 2016-09-08 00:00:00 - horizon 180
2026-08-19 21:47:23,743 - WARNING - Not enough data to backtest for date 2016-09-09 00:00:00 - horizon 180
2026-08-19 21:47:23,743 - WARNING - Not enough data to backtest for date 2016-09-12 00:00:00 - horizon 180
2026-08-19 21:47:23,743 - WARNING - Not enough data to backtest for date 2016-09-13 00:00:00 - horizon 180
2026-08-19 21:47:23,743 - WARNING - Not enough data to backtest for date 2016-09-14 00:00:00 - horizon 180
2026-08-19 21:47:23,743 - WARNING - Not enough data to backtest for date 2016-09-15 00:00:00 - horizon 180
2026-08-19 21:47:23,743 - WARNING - Not enough data to backtest for date 2016-09-16 00:00:00 - horizon 180
2026-08-19 21:47:23,743 - WARNING - Not enough data to backtest for date 2016-09-19 00:00:00 - horizon 180
2026-08-19 21:47:23,743 - WARNING - Not enough data to backtest for date 2016-09-20 00:00:00 - horizon 180
2026-08-19 21:47:23,743 - WARNING - Not enough data to backtest for date 2016-09-21 00:00:00 - horizon 180
2026-08-19 21:47:23,743 - WARNING - Not enough data to backtest for date 2016-09-22 00:00:00 - horizon 180
2026-08-19 21:47:23,743 - WARNING - Not enough data to backtest for date 2016-09-23 00:00:00 - horizon 180
2026-08-19 21:47:23,743 - WARNING - Not enough data to backtest for date 2016-09-26 00:00:00 - horizon 180
2026-08-19 21:47:23,743 - WARNING - Not enough data to backtest for date 2016-09-27 00:00:00 - horizon 180
2026-08-19 21:47:23,743 - WARNING - Not enough data to backtest for date 2016-09-28 00:00:00 - horizon 180
2026-08-19 21:47:23,743 - WARNING - Not enough data to backtest for date 2016-09-29 00:00:00 - horizon 180
2026-08-19 21:47:23,743 - WARNING - Not enough data to backtest for date 2016-09-30 00:00:00 - horizon 180
2026-08-19 21:47:23,743 - WARNING - Not enough data to backtest for date 2016-10-03 00:00:00 - horizon 180
2026-08-19 21:47:23,743 - WARNING - Not enough data to backtest for date 2016-10-04 00:00:00 - horizon 180
2026-08-19 21:47:23,743 - WARNING - Not enough data to backtest for date 2016-10-05 00:00:00 - horizon 180
2026-08-19 21:47:23,743 - WARNING - Not enough data to backtest for date 2016-10-06 00:00:00 - horizon 180
2026-08-19 21:47:23,743 - WARNING - Not enough data to backtest for date 2016-10-07 00:00:00 - horizon 180
2026-08-19 21:47:23,743 - WARNING - Not enough data to backtest for date 2016-10-10 00:00:00 - horizon 180
2026-08-19 21:47:23,743 - WARNING - Not enough data to backtest for date 2016-10-11 00:00:00 - horizon 180
2026-08-19 21:47:23,743 - WARNING - Not enough data to backtest for date 2016-10-12 00:00:00 - horizon 180
2026-08-19 21:47:23,743 - WARNING - Not enough data to backtest for date 2016-10-13 00:00:00 - horizon 180
2026-08-19 21:47:23,743 - WARNING - Not enough data to backtest for date 2016-10-14 00:00:00 - horizon 180
2026-08-19 21:47:23,743 - WARNING - Not enough data to backtest for date 2016-10-17 00:00:00 - horizon 180
2026-08-19 21:47:23,743 - WARNING - Not enough data to backtest for date 2016-10-18 00:00:00 - horizon 180
2026-08-19 21:47:23,743 - WARNING - Not enough data to backtest for date 2016-10-19 00:00:00 - horizon 180
2026-08-19 21:47:23,743 - WARNING - Not enough data to backtest for date 2016-10-20 00:00:00 - horizon 180
2026-08-19 21:47:23,743 - WARNING - Not enough data to backtest for date 2016-10-21 00:00:00 - horizon 180
2026-08-19 21:47:23,743 - WARNING - Not enough data to backtest for date 2016-10-24 00:00:00 - horizon 180
2026-08-19 21:47:23,743 - WARNING - Not enough data to backtest for date 2016-10-25 00:00:00 - horizon 180
2026-08-19 21:47:23,743 - WARNING - Not enough data to backtest for date 2016-10-26 00:00:00 - horizon 180
2026-08-19 21:47:23,743 - WARNING - Not enough data to backtest for date 2016-10-27 00:00:00 - horizon 180
2026-08-19 21:47:23,743 - WARNING - Not enough data to backtest for date 2016-10-28 00:00:00 - horizon 180
2026-08-19 21:47:23,743 - WARNING - Not enough data to backtest for date 2016-10-31 00:00:00 - horizon 180
2026-08-19 21:47:23,743 - WARNING - Not enough data to backtest for date 2016-11-01 00:00:00 - horizon 180
2026-08-19 21:47:23,743 - WARNING - Not enough data to backtest for date 2016-11-02 00:00:00 - horizon 180
2026-08-19 21:47:23,743 - WARNING - Not enough data to backtest for date 2016-11-03 00:00:00 - horizon 180
2026-08-19 21:47:23,743 - WARNING - Not enough data to backtest for date 2016-11-04 00:00:00 - horizon 180
2026-08-19 21:47:23,743 - WARNING - Not enough data to backtest for date 2016-11-07 00:00:00 - horizon 180
2026-08-19 21:47:23,743 - WARNING - Not enough data to backtest for date 2016-11-08 00:00:00 - horizon 180
2026-08-19 21:47:23,743 - WARNING - Not enough data to backtest for date 2016-11-09 00:00:00 - horizon 180
2026-08-19 21:47:23,743 - WARNING - Not enough data to backtest for date 2016-11-10 00:00:00 - horizon 180
2026-08-19 21:47:23,743 - WARNING - Not enough data to backtest for date 2016-11-11 00:00:00 - horizon 180
2026-08-19 21:47:23,743 - WARNING - Not enough data to backtest for date 2016-11-14 00:00:00 - horizon 180
2026-08-19 21:47:23,743 - WARNING - Not enough data to backtest for date 2016-11-15 00:00:00 - horizon 180
2026-08-19 21:47:23,743 - WARNING - Not enough data to backtest for date 2016-11-16 00:00:00 - horizon 180
2026-08-19 21:47:23,743 - WARNING - Not enough data to backtest for date 2016-11-17 00:00:00 - horizon 180
2026-08-19 21:47:23,743 - WARNING - Not enough data to backtest for date 2016-11-18 00:00:00 - horizon 180
2026-08-19 21:47:23,743 - WARNING - Not enough data to backtest for date 2016-11-21 00:00:00 - horizon 180
2026-08-19 21:47:23,743 - WARNING - Not enough data to backtest for date 2016-11-22 00:00:00 - horizon 180
2026-08-19 21:47:23,743 - WARNING - Not enough data to backtest for date 2016-11-23 00:00:00 - horizon 180
2026-08-19 21:47:23,744 - WARNING - Not enough data to backtest for date 2016-11-24 00:00:00 - horizon 180
2026-08-19 21:47:23,744 - WARNING - Not enough data to backtest for date 2016-11-25 00:00:00 - horizon 180
2026-08-19 21:47:23,744 - WARNING - Not enough data to backtest for date 2016-11-28 00:00:00 - horizon 180
2026-08-19 21:47:23,744 - WARNING - Not enough data to backtest for date 2016-11-29 00:00:00 - horizon 180
2026-08-19 21:47:23,744 - WARNING - Not enough data to backtest for date 2016-11-30 00:00:00 - horizon 180
2026-08-19 21:47:23,744 - WARNING - Not enough data to backtest for date 2016-12-01 00:00:00 - horizon 180
2026-08-19 21:47:23,744 - WARNING - Not enough data to backtest for date 2016-12-02 00:00:00 - horizon 180
2026-08-19 21:47:23,744 - WARNING - Not enough data to backtest for date 2016-12-05 00:00:00 - horizon 180
2026-08-19 21:47:23,744 - WARNING - Not enough data to backtest for date 2016-12-06 00:00:00 - horizon 180
2026-08-19 21:47:23,744 - WARNING - Not enough data to backtest for date 2016-12-07 00:00:00 - horizon 180
2026-08-19 21:47:23,744 - WARNING - Not enough data to backtest for date 2016-12-08 00:00:00 - horizon 180
2026-08-19 21:47:25,104 - WARNING - Not enough data to backtest for date 2016-04-01 00:00:00 - horizon 365
2026-08-19 21:47:25,105 - WARNING - Not enough data to backtest for date 2016-04-04 00:00:00 - horizon 365
2026-08-19 21:47:25,105 - WARNING - Not enough data to backtest for date 2016-04-05 00:00:00 - horizon 365
2026-08-19 21:47:25,105 - WARNING - Not enough data to backtest for date 2016-04-06 00:00:00 - horizon 365
2026-08-19 21:47:25,105 - WARNING - Not enough data to backtest for date 2016-04-07 00:00:00 - horizon 365
2026-08-19 21:47:25,105 - WARNING - Not enough data to backtest for date 2016-04-08 00:00:00 - horizon 365
2026-08-19 21:47:25,105 - WARNING - Not enough data to backtest for date 2016-04-11 00:00:00 - horizon 365
2026-08-19 21:47:25,105 - WARNING - Not enough data to backtest for date 2016-04-12 00:00:00 - horizon 365
2026-08-19 21:47:25,105 - WARNING - Not enough data to backtest for date 2016-04-13 00:00:00 - horizon 365
2026-08-19 21:47:25,105 - WARNING - Not enough data to backtest for date 2016-04-14 00:00:00 - horizon 365
2026-08-19 21:47:25,105 - WARNING - Not enough data to backtest for date 2016-04-15 00:00:00 - horizon 365
2026-08-19 21:47:25,105 - WARNING - Not enough data to backtest for date 2016-04-18 00:00:00 - horizon 365
2026-08-19 21:47:25,105 - WARNING - Not enough data to backtest for date 2016-04-19 00:00:00 - horizon 365
2026-08-19 21:47:25,105 - WARNING - Not enough data to backtest for date 2016-04-20 00:00:00 - horizon 365
2026-08-19 21:47:25,105 - WARNING - Not enough data to backtest for date 2016-04-21 00:00:00 - horizon 365
2026-08-19 21:47:25,105 - WARNING - Not enough data to backtest for date 2016-04-22 00:00:00 - horizon 365
2026-08-19 21:47:25,105 - WARNING - Not enough data to backtest for date 2016-04-25 00:00:00 - horizon 365
2026-08-19 21:47:25,105 - WARNING - Not enough data to backtest for date 2016-04-26 00:00:00 - horizon 365
2026-08-19 21:47:25,105 - WARNING - Not enough data to backtest for date 2016-04-27 00:00:00 - horizon 365
2026-08-19 21:47:25,105 - WARNING - Not enough data to backtest for date 2016-04-28 00:00:00 - horizon 365
2026-08-19 21:47:25,105 - WARNING - Not enough data to backtest for date 2016-04-29 00:00:00 - horizon 365
2026-08-19 21:47:25,105 - WARNING - Not enough data to backtest for date 2016-05-02 00:00:00 - horizon 365
2026-08-19 21:47:25,105 - WARNING - Not enough data to backtest for date 2016-05-03 00:00:00 - horizon 365
2026-08-19 21:47:25,105 - WARNING - Not enough data to backtest for date 2016-05-04 00:00:00 - horizon 365
2026-08-19 21:47:25,105 - WARNING - Not enough data to backtest for date 2016-05-05 00:00:00 - horizon 365
2026-08-19 21:47:25,105 - WARNING - Not enough data to backtest for date 2016-05-06 00:00:00 - horizon 365
2026-08-19 21:47:25,105 - WARNING - Not enough data to backtest for date 2016-05-09 00:00:00 - horizon 365
2026-08-19 21:47:25,105 - WARNING - Not enough data to backtest for date 2016-05-10 00:00:00 - horizon 365
2026-08-19 21:47:25,105 - WARNING - Not enough data to backtest for date 2016-05-11 00:00:00 - horizon 365
2026-08-19 21:47:25,105 - WARNING - Not enough data to backtest for date 2016-05-12 00:00:00 - horizon 365
2026-08-19 21:47:25,105 - WARNING - Not enough data to backtest for date 2016-05-13 00:00:00 - horizon 365
2026-08-19 21:47:25,105 - WARNING - Not enough data to backtest for date 2016-05-16 00:00:00 - horizon 365
2026-08-19 21:47:25,105 - WARNING - Not enough data to backtest for date 2016-05-17 00:00:00 - horizon 365
2026-08-19 21:47:25,105 - WARNING - Not enough data to backtest for date 2016-05-18 00:00:00 - horizon 365
2026-08-19 21:47:25,105 - WARNING - Not enough data to backtest for date 2016-05-19 00:00:00 - horizon 365
2026-08-19 21:47:25,105 - WARNING - Not enough data to backtest for date 2016-05-20 00:00:00 - horizon 365
2026-08-19 21:47:25,105 - WARNING - Not enough data to backtest for date 2016-05-23 00:00:00 - horizon 365
2026-08-19 21:47:25,105 - WARNING - Not enough data to backtest for date 2016-05-24 00:00:00 - horizon 365
2026-08-19 21:47:25,105 - WARNING - Not enough data to backtest for date 2016-05-25 00:00:00 - horizon 365
2026-08-19 21:47:25,105 - WARNING - Not enough data to backtest for date 2016-05-26 00:00:00 - horizon 365
2026-08-19 21:47:25,105 - WARNING - Not enough data to backtest for date 2016-05-27 00:00:00 - horizon 365
2026-08-19 21:47:25,105 - WARNING - Not enough data to backtest for date 2016-05-30 00:00:00 - horizon 365
2026-08-19 21:47:25,105 - WARNING - Not enough data to backtest for date 2016-05-31 00:00:00 - horizon 365
2026-08-19 21:47:25,105 - WARNING - Not enough data to backtest for date 2016-06-01 00:00:00 - horizon 365
2026-08-19 21:47:25,105 - WARNING - Not enough data to backtest for date 2016-06-02 00:00:00 - horizon 365
2026-08-19 21:47:25,105 - WARNING - Not enough data to backtest for date 2016-06-03 00:00:00 - horizon 365
2026-08-19 21:47:25,105 - WARNING - Not enough data to backtest for date 2016-06-06 00:00:00 - horizon 365
2026-08-19 21:47:25,105 - WARNING - Not enough data to backtest for date 2016-06-07 00:00:00 - horizon 365
2026-08-19 21:47:25,105 - WARNING - Not enough data to backtest for date 2016-06-08 00:00:00 - horizon 365
2026-08-19 21:47:25,105 - WARNING - Not enough data to backtest for date 2016-06-09 00:00:00 - horizon 365
2026-08-19 21:47:25,105 - WARNING - Not enough data to backtest for date 2016-06-10 00:00:00 - horizon 365
2026-08-19 21:47:25,105 - WARNING - Not enough data to backtest for date 2016-06-13 00:00:00 - horizon 365
2026-08-19 21:47:25,105 - WARNING - Not enough data to backtest for date 2016-06-14 00:00:00 - horizon 365
2026-08-19 21:47:25,105 - WARNING - Not enough data to backtest for date 2016-06-15 00:00:00 - horizon 365
2026-08-19 21:47:25,105 - WARNING - Not enough data to backtest for date 2016-06-16 00:00:00 - horizon 365
2026-08-19 21:47:25,105 - WARNING - Not enough data to backtest for date 2016-06-17 00:00:00 - horizon 365
2026-08-19 21:47:25,105 - WARNING - Not enough data to backtest for date 2016-06-20 00:00:00 - horizon 365
2026-08-19 21:47:25,105 - WARNING - Not enough data to backtest for date 2016-06-21 00:00:00 - horizon 365
2026-08-19 21:47:25,105 - WARNING - Not enough data to backtest for date 2016-06-22 00:00:00 - horizon 365
2026-08-19 21:47:25,105 - WARNING - Not enough data to backtest for date 2016-06-23 00:00:00 - horizon 365
2026-08-19 21:47:25,105 - WARNING - Not enough data to backtest for date 2016-06-24 00:00:00 - horizon 365
2026-08-19 21:47:25,105 - WARNING - Not enough data to backtest for date 2016-06-27 00:00:00 - horizon 365
2026-08-19 21:47:25,105 - WARNING - Not enough data to backtest for date 2016-06-28 00:00:00 - horizon 365
2026-08-19 21:47:25,105 - WARNING - Not enough data to backtest for date 2016-06-29 00:00:00 - horizon 365
2026-08-19 21:47:25,105 - WARNING - Not enough data to backtest for date 2016-06-30 00:00:00 - horizon 365
2026-08-19 21:47:25,105 - WARNING - Not enough data to backtest for date 2016-07-01 00:00:00 - horizon 365
2026-08-19 21:47:25,105 - WARNING - Not enough data to backtest for date 2016-07-04 00:00:00 - horizon 365
2026-08-19 21:47:25,105 - WARNING - Not enough data to backtest for date 2016-07-05 00:00:00 - horizon 365
2026-08-19 21:47:25,105 - WARNING - Not enough data to backtest for date 2016-07-06 00:00:00 - horizon 365
2026-08-19 21:47:25,105 - WARNING - Not enough data to backtest for date 2016-07-07 00:00:00 - horizon 365
2026-08-19 21:47:25,105 - WARNING - Not enough data to backtest for date 2016-07-08 00:00:00 - horizon 365
2026-08-19 21:47:25,105 - WARNING - Not enough data to backtest for date 2016-07-11 00:00:00 - horizon 365
2026-08-19 21:47:25,105 - WARNING - Not enough data to backtest for date 2016-07-12 00:00:00 - horizon 365
2026-08-19 21:47:25,105 - WARNING - Not enough data to backtest for date 2016-07-13 00:00:00 - horizon 365
2026-08-19 21:47:25,105 - WARNING - Not enough data to backtest for date 2016-07-14 00:00:00 - horizon 365
2026-08-19 21:47:25,106 - WARNING - Not enough data to backtest for date 2016-07-15 00:00:00 - horizon 365
2026-08-19 21:47:25,106 - WARNING - Not enough data to backtest for date 2016-07-18 00:00:00 - horizon 365
2026-08-19 21:47:25,106 - WARNING - Not enough data to backtest for date 2016-07-19 00:00:00 - horizon 365
2026-08-19 21:47:25,106 - WARNING - Not enough data to backtest for date 2016-07-20 00:00:00 - horizon 365
2026-08-19 21:47:25,106 - WARNING - Not enough data to backtest for date 2016-07-21 00:00:00 - horizon 365
2026-08-19 21:47:25,106 - WARNING - Not enough data to backtest for date 2016-07-22 00:00:00 - horizon 365
2026-08-19 21:47:25,106 - WARNING - Not enough data to backtest for date 2016-07-25 00:00:00 - horizon 365
2026-08-19 21:47:25,106 - WARNING - Not enough data to backtest for date 2016-07-26 00:00:00 - horizon 365
2026-08-19 21:47:25,106 - WARNING - Not enough data to backtest for date 2016-07-27 00:00:00 - horizon 365
2026-08-19 21:47:25,106 - WARNING - Not enough data to backtest for date 2016-07-28 00:00:00 - horizon 365
2026-08-19 21:47:25,106 - WARNING - Not enough data to backtest for date 2016-07-29 00:00:00 - horizon 365
2026-08-19 21:47:25,106 - WARNING - Not enough data to backtest for date 2016-08-01 00:00:00 - horizon 365
2026-08-19 21:47:25,106 - WARNING - Not enough data to backtest for date 2016-08-02 00:00:00 - horizon 365
2026-08-19 21:47:25,106 - WARNING - Not enough data to backtest for date 2016-08-03 00:00:00 - horizon 365
2026-08-19 21:47:25,106 - WARNING - Not enough data to backtest for date 2016-08-04 00:00:00 - horizon 365
2026-08-19 21:47:25,106 - WARNING - Not enough data to backtest for date 2016-08-05 00:00:00 - horizon 365
2026-08-19 21:47:25,106 - WARNING - Not enough data to backtest for date 2016-08-08 00:00:00 - horizon 365
2026-08-19 21:47:25,106 - WARNING - Not enough data to backtest for date 2016-08-09 00:00:00 - horizon 365
2026-08-19 21:47:25,106 - WARNING - Not enough data to backtest for date 2016-08-10 00:00:00 - horizon 365
2026-08-19 21:47:25,106 - WARNING - Not enough data to backtest for date 2016-08-11 00:00:00 - horizon 365
2026-08-19 21:47:25,106 - WARNING - Not enough data to backtest for date 2016-08-12 00:00:00 - horizon 365
2026-08-19 21:47:25,106 - WARNING - Not enough data to backtest for date 2016-08-15 00:00:00 - horizon 365
2026-08-19 21:47:25,106 - WARNING - Not enough data to backtest for date 2016-08-16 00:00:00 - horizon 365
2026-08-19 21:47:25,106 - WARNING - Not enough data to backtest for date 2016-08-17 00:00:00 - horizon 365
2026-08-19 21:47:25,106 - WARNING - Not enough data to backtest for date 2016-08-18 00:00:00 - horizon 365
2026-08-19 21:47:25,106 - WARNING - Not enough data to backtest for date 2016-08-19 00:00:00 - horizon 365
2026-08-19 21:47:25,106 - WARNING - Not enough data to backtest for date 2016-08-22 00:00:00 - horizon 365
2026-08-19 21:47:25,106 - WARNING - Not enough data to backtest for date 2016-08-23 00:00:00 - horizon 365
2026-08-19 21:47:25,106 - WARNING - Not enough data to backtest for date 2016-08-24 00:00:00 - horizon 365
2026-08-19 21:47:25,106 - WARNING - Not enough data to backtest for date 2016-08-25 00:00:00 - horizon 365
2026-08-19 21:47:25,106 - WARNING - Not enough data to backtest for date 2016-08-26 00:00:00 - horizon 365
2026-08-19 21:47:25,106 - WARNING - Not enough data to backtest for date 2016-08-29 00:00:00 - horizon 365
2026-08-19 21:47:25,106 - WARNING - Not enough data to backtest for date 2016-08-30 00:00:00 - horizon 365
2026-08-19 21:47:25,106 - WARNING - Not enough data to backtest for date 2016-08-31 00:00:00 - horizon 365
2026-08-19 21:47:25,106 - WARNING - Not enough data to backtest for date 2016-09-01 00:00:00 - horizon 365
2026-08-19 21:47:25,106 - WARNING - Not enough data to backtest for date 2016-09-02 00:00:00 - horizon 365
2026-08-19 21:47:25,106 - WARNING - Not enough data to backtest for date 2016-09-05 00:00:00 - horizon 365
2026-08-19 21:47:25,106 - WARNING - Not enough data to backtest for date 2016-09-06 00:00:00 - horizon 365
2026-08-19 21:47:25,106 - WARNING - Not enough data to backtest for date 2016-09-07 00:00:00 - horizon 365
2026-08-19 21:47:25,106 - WARNING - Not enough data to backtest for date 2016-09-08 00:00:00 - horizon 365
2026-08-19 21:47:25,106 - WARNING - Not enough data to backtest for date 2016-09-09 00:00:00 - horizon 365
2026-08-19 21:47:25,106 - WARNING - Not enough data to backtest for date 2016-09-12 00:00:00 - horizon 365
2026-08-19 21:47:25,106 - WARNING - Not enough data to backtest for date 2016-09-13 00:00:00 - horizon 365
2026-08-19 21:47:25,106 - WARNING - Not enough data to backtest for date 2016-09-14 00:00:00 - horizon 365
2026-08-19 21:47:25,106 - WARNING - Not enough data to backtest for date 2016-09-15 00:00:00 - horizon 365
2026-08-19 21:47:25,106 - WARNING - Not enough data to backtest for date 2016-09-16 00:00:00 - horizon 365
2026-08-19 21:47:25,106 - WARNING - Not enough data to backtest for date 2016-09-19 00:00:00 - horizon 365
2026-08-19 21:47:25,106 - WARNING - Not enough data to backtest for date 2016-09-20 00:00:00 - horizon 365
2026-08-19 21:47:25,106 - WARNING - Not enough data to backtest for date 2016-09-21 00:00:00 - horizon 365
2026-08-19 21:47:25,106 - WARNING - Not enough data to backtest for date 2016-09-22 00:00:00 - horizon 365
2026-08-19 21:47:25,106 - WARNING - Not enough data to backtest for date 2016-09-23 00:00:00 - horizon 365
2026-08-19 21:47:25,106 - WARNING - Not enough data to backtest for date 2016-09-26 00:00:00 - horizon 365
2026-08-19 21:47:25,106 - WARNING - Not enough data to backtest for date 2016-09-27 00:00:00 - horizon 365
2026-08-19 21:47:25,106 - WARNING - Not enough data to backtest for date 2016-09-28 00:00:00 - horizon 365
2026-08-19 21:47:25,106 - WARNING - Not enough data to backtest for date 2016-09-29 00:00:00 - horizon 365
2026-08-19 21:47:25,106 - WARNING - Not enough data to backtest for date 2016-09-30 00:00:00 - horizon 365
2026-08-19 21:47:25,106 - WARNING - Not enough data to backtest for date 2016-10-03 00:00:00 - horizon 365
2026-08-19 21:47:25,106 - WARNING - Not enough data to backtest for date 2016-10-04 00:00:00 - horizon 365
2026-08-19 21:47:25,106 - WARNING - Not enough data to backtest for date 2016-10-05 00:00:00 - horizon 365
2026-08-19 21:47:25,106 - WARNING - Not enough data to backtest for date 2016-10-06 00:00:00 - horizon 365
2026-08-19 21:47:25,106 - WARNING - Not enough data to backtest for date 2016-10-07 00:00:00 - horizon 365
2026-08-19 21:47:25,106 - WARNING - Not enough data to backtest for date 2016-10-10 00:00:00 - horizon 365
2026-08-19 21:47:25,106 - WARNING - Not enough data to backtest for date 2016-10-11 00:00:00 - horizon 365
2026-08-19 21:47:25,106 - WARNING - Not enough data to backtest for date 2016-10-12 00:00:00 - horizon 365
2026-08-19 21:47:25,106 - WARNING - Not enough data to backtest for date 2016-10-13 00:00:00 - horizon 365
2026-08-19 21:47:25,106 - WARNING - Not enough data to backtest for date 2016-10-14 00:00:00 - horizon 365
2026-08-19 21:47:25,106 - WARNING - Not enough data to backtest for date 2016-10-17 00:00:00 - horizon 365
2026-08-19 21:47:25,106 - WARNING - Not enough data to backtest for date 2016-10-18 00:00:00 - horizon 365
2026-08-19 21:47:25,106 - WARNING - Not enough data to backtest for date 2016-10-19 00:00:00 - horizon 365
2026-08-19 21:47:25,106 - WARNING - Not enough data to backtest for date 2016-10-20 00:00:00 - horizon 365
2026-08-19 21:47:25,106 - WARNING - Not enough data to backtest for date 2016-10-21 00:00:00 - horizon 365
2026-08-19 21:47:25,106 - WARNING - Not enough data to backtest for date 2016-10-24 00:00:00 - horizon 365
2026-08-19 21:47:25,106 - WARNING - Not enough data to backtest for date 2016-10-25 00:00:00 - horizon 365
2026-08-19 21:47:25,106 - WARNING - Not enough data to backtest for date 2016-10-26 00:00:00 - horizon 365
2026-08-19 21:47:25,106 - WARNING - Not enough data to backtest for date 2016-10-27 00:00:00 - horizon 365
2026-08-19 21:47:25,106 - WARNING - Not enough data to backtest for date 2016-10-28 00:00:00 - horizon 365
2026-08-19 21:47:25,106 - WARNING - Not enough data to backtest for date 2016-10-31 00:00:00 - horizon 365
2026-08-19 21:47:25,106 - WARNING - Not enough data to backtest for date 2016-11-01 00:00:00 - horizon 365
2026-08-19 21:47:25,106 - WARNING - Not enough data to backtest for date 2016-11-02 00:00:00 - horizon 365
2026-08-19 21:47:25,106 - WARNING - Not enough data to backtest for date 2016-11-03 00:00:00 - horizon 365
2026-08-19 21:47:25,106 - WARNING - Not enough data to backtest for date 2016-11-04 00:00:00 - horizon 365
2026-08-19 21:47:25,106 - WARNING - Not enough data to backtest for date 2016-11-07 00:00:00 - horizon 365
2026-08-19 21:47:25,106 - WARNING - Not enough data to backtest for date 2016-11-08 00:00:00 - horizon 365
2026-08-19 21:47:25,107 - WARNING - Not enough data to backtest for date 2016-11-09 00:00:00 - horizon 365
2026-08-19 21:47:25,107 - WARNING - Not enough data to backtest for date 2016-11-10 00:00:00 - horizon 365
2026-08-19 21:47:25,107 - WARNING - Not enough data to backtest for date 2016-11-11 00:00:00 - horizon 365
2026-08-19 21:47:25,107 - WARNING - Not enough data to backtest for date 2016-11-14 00:00:00 - horizon 365
2026-08-19 21:47:25,107 - WARNING - Not enough data to backtest for date 2016-11-15 00:00:00 - horizon 365
2026-08-19 21:47:25,107 - WARNING - Not enough data to backtest for date 2016-11-16 00:00:00 - horizon 365
2026-08-19 21:47:25,107 - WARNING - Not enough data to backtest for date 2016-11-17 00:00:00 - horizon 365
2026-08-19 21:47:25,107 - WARNING - Not enough data to backtest for date 2016-11-18 00:00:00 - horizon 365
2026-08-19 21:47:25,107 - WARNING - Not enough data to backtest for date 2016-11-21 00:00:00 - horizon 365
2026-08-19 21:47:25,107 - WARNING - Not enough data to backtest for date 2016-11-22 00:00:00 - horizon 365
2026-08-19 21:47:25,107 - WARNING - Not enough data to backtest for date 2016-11-23 00:00:00 - horizon 365
2026-08-19 21:47:25,107 - WARNING - Not enough data to backtest for date 2016-11-24 00:00:00 - horizon 365
2026-08-19 21:47:25,107 - WARNING - Not enough data to backtest for date 2016-11-25 00:00:00 - horizon 365
2026-08-19 21:47:25,107 - WARNING - Not enough data to backtest for date 2016-11-28 00:00:00 - horizon 365
2026-08-19 21:47:25,107 - WARNING - Not enough data to backtest for date 2016-11-29 00:00:00 - horizon 365
2026-08-19 21:47:25,107 - WARNING - Not enough data to backtest for date 2016-11-30 00:00:00 - horizon 365
2026-08-19 21:47:25,107 - WARNING - Not enough data to backtest for date 2016-12-01 00:00:00 - horizon 365
2026-08-19 21:47:25,107 - WARNING - Not enough data to backtest for date 2016-12-02 00:00:00 - horizon 365
2026-08-19 21:47:25,107 - WARNING - Not enough data to backtest for date 2016-12-05 00:00:00 - horizon 365
2026-08-19 21:47:25,107 - WARNING - Not enough data to backtest for date 2016-12-06 00:00:00 - horizon 365
2026-08-19 21:47:25,107 - WARNING - Not enough data to backtest for date 2016-12-07 00:00:00 - horizon 365
2026-08-19 21:47:25,107 - WARNING - Not enough data to backtest for date 2016-12-08 00:00:00 - horizon 365
2026-08-19 21:47:25,107 - WARNING - Not enough data to backtest for date 2016-12-09 00:00:00 - horizon 365
2026-08-19 21:47:25,107 - WARNING - Not enough data to backtest for date 2016-12-12 00:00:00 - horizon 365
2026-08-19 21:47:25,107 - WARNING - Not enough data to backtest for date 2016-12-13 00:00:00 - horizon 365
2026-08-19 21:47:25,107 - WARNING - Not enough data to backtest for date 2016-12-14 00:00:00 - horizon 365
2026-08-19 21:47:25,107 - WARNING - Not enough data to backtest for date 2016-12-15 00:00:00 - horizon 365
2026-08-19 21:47:25,107 - WARNING - Not enough data to backtest for date 2016-12-16 00:00:00 - horizon 365
2026-08-19 21:47:25,107 - WARNING - Not enough data to backtest for date 2016-12-19 00:00:00 - horizon 365
2026-08-19 21:47:25,107 - WARNING - Not enough data to backtest for date 2016-12-20 00:00:00 - horizon 365
2026-08-19 21:47:25,107 - WARNING - Not enough data to backtest for date 2016-12-21 00:00:00 - horizon 365
2026-08-19 21:47:25,107 - WARNING - Not enough data to backtest for date 2016-12-22 00:00:00 - horizon 365
2026-08-19 21:47:25,107 - WARNING - Not enough data to backtest for date 2016-12-23 00:00:00 - horizon 365
2026-08-19 21:47:25,107 - WARNING - Not enough data to backtest for date 2016-12-26 00:00:00 - horizon 365
2026-08-19 21:47:25,107 - WARNING - Not enough data to backtest for date 2016-12-27 00:00:00 - horizon 365
2026-08-19 21:47:25,107 - WARNING - Not enough data to backtest for date 2016-12-28 00:00:00 - horizon 365
2026-08-19 21:47:25,107 - WARNING - Not enough data to backtest for date 2016-12-29 00:00:00 - horizon 365
2026-08-19 21:47:25,107 - WARNING - Not enough data to backtest for date 2016-12-30 00:00:00 - horizon 365
2026-08-19 21:47:25,107 - WARNING - Not enough data to backtest for date 2017-01-02 00:00:00 - horizon 365
2026-08-19 21:47:25,107 - WARNING - Not enough data to backtest for date 2017-01-03 00:00:00 - horizon 365
2026-08-19 21:47:25,107 - WARNING - Not enough data to backtest for date 2017-01-04 00:00:00 - horizon 365
2026-08-19 21:47:25,107 - WARNING - Not enough data to backtest for date 2017-01-05 00:00:00 - horizon 365
2026-08-19 21:47:25,107 - WARNING - Not enough data to backtest for date 2017-01-06 00:00:00 - horizon 365
2026-08-19 21:47:25,107 - WARNING - Not enough data to backtest for date 2017-01-09 00:00:00 - horizon 365
2026-08-19 21:47:25,107 - WARNING - Not enough data to backtest for date 2017-01-10 00:00:00 - horizon 365
2026-08-19 21:47:25,107 - WARNING - Not enough data to backtest for date 2017-01-11 00:00:00 - horizon 365
2026-08-19 21:47:25,107 - WARNING - Not enough data to backtest for date 2017-01-12 00:00:00 - horizon 365
2026-08-19 21:47:25,107 - WARNING - Not enough data to backtest for date 2017-01-13 00:00:00 - horizon 365
2026-08-19 21:47:25,107 - WARNING - Not enough data to backtest for date 2017-01-16 00:00:00 - horizon 365
2026-08-19 21:47:25,107 - WARNING - Not enough data to backtest for date 2017-01-17 00:00:00 - horizon 365
2026-08-19 21:47:25,107 - WARNING - Not enough data to backtest for date 2017-01-18 00:00:00 - horizon 365
2026-08-19 21:47:25,107 - WARNING - Not enough data to backtest for date 2017-01-19 00:00:00 - horizon 365
2026-08-19 21:47:25,107 - WARNING - Not enough data to backtest for date 2017-01-20 00:00:00 - horizon 365
2026-08-19 21:47:25,107 - WARNING - Not enough data to backtest for date 2017-01-23 00:00:00 - horizon 365
2026-08-19 21:47:25,107 - WARNING - Not enough data to backtest for date 2017-01-24 00:00:00 - horizon 365
2026-08-19 21:47:25,107 - WARNING - Not enough data to backtest for date 2017-01-25 00:00:00 - horizon 365
2026-08-19 21:47:25,107 - WARNING - Not enough data to backtest for date 2017-01-26 00:00:00 - horizon 365
2026-08-19 21:47:25,107 - WARNING - Not enough data to backtest for date 2017-01-27 00:00:00 - horizon 365
2026-08-19 21:47:25,107 - WARNING - Not enough data to backtest for date 2017-01-30 00:00:00 - horizon 365
2026-08-19 21:47:25,107 - WARNING - Not enough data to backtest for date 2017-01-31 00:00:00 - horizon 365
2026-08-19 21:47:25,107 - WARNING - Not enough data to backtest for date 2017-02-01 00:00:00 - horizon 365
2026-08-19 21:47:25,107 - WARNING - Not enough data to backtest for date 2017-02-02 00:00:00 - horizon 365
2026-08-19 21:47:25,107 - WARNING - Not enough data to backtest for date 2017-02-03 00:00:00 - horizon 365
2026-08-19 21:47:25,107 - WARNING - Not enough data to backtest for date 2017-02-06 00:00:00 - horizon 365
2026-08-19 21:47:25,107 - WARNING - Not enough data to backtest for date 2017-02-07 00:00:00 - horizon 365
2026-08-19 21:47:25,107 - WARNING - Not enough data to backtest for date 2017-02-08 00:00:00 - horizon 365
2026-08-19 21:47:25,107 - WARNING - Not enough data to backtest for date 2017-02-09 00:00:00 - horizon 365
2026-08-19 21:47:25,107 - WARNING - Not enough data to backtest for date 2017-02-10 00:00:00 - horizon 365
2026-08-19 21:47:25,107 - WARNING - Not enough data to backtest for date 2017-02-13 00:00:00 - horizon 365
2026-08-19 21:47:25,107 - WARNING - Not enough data to backtest for date 2017-02-14 00:00:00 - horizon 365
2026-08-19 21:47:25,107 - WARNING - Not enough data to backtest for date 2017-02-15 00:00:00 - horizon 365
2026-08-19 21:47:25,107 - WARNING - Not enough data to backtest for date 2017-02-16 00:00:00 - horizon 365
2026-08-19 21:47:25,107 - WARNING - Not enough data to backtest for date 2017-02-17 00:00:00 - horizon 365
2026-08-19 21:47:25,107 - WARNING - Not enough data to backtest for date 2017-02-20 00:00:00 - horizon 365
2026-08-19 21:47:25,107 - WARNING - Not enough data to backtest for date 2017-02-21 00:00:00 - horizon 365
2026-08-19 21:47:25,107 - WARNING - Not enough data to backtest for date 2017-02-22 00:00:00 - horizon 365
2026-08-19 21:47:25,107 - WARNING - Not enough data to backtest for date 2017-02-23 00:00:00 - horizon 365
2026-08-19 21:47:25,107 - WARNING - Not enough data to backtest for date 2017-02-24 00:00:00 - horizon 365
2026-08-19 21:47:25,107 - WARNING - Not enough data to backtest for date 2017-02-27 00:00:00 - horizon 365
2026-08-19 21:47:25,107 - WARNING - Not enough data to backtest for date 2017-02-28 00:00:00 - horizon 365
2026-08-19 21:47:25,107 - WARNING - Not enough data to backtest for date 2017-03-01 00:00:00 - horizon 365
2026-08-19 21:47:25,107 - WARNING - Not enough data to backtest for date 2017-03-02 00:00:00 - horizon 365
2026-08-19 21:47:25,107 - WARNING - Not enough data to backtest for date 2017-03-03 00:00:00 - horizon 365
2026-08-19 21:47:25,107 - WARNING - Not enough data to backtest for date 2017-03-06 00:00:00 - horizon 365
2026-08-19 21:47:25,108 - WARNING - Not enough data to backtest for date 2017-03-07 00:00:00 - horizon 365
2026-08-19 21:47:25,108 - WARNING - Not enough data to backtest for date 2017-03-08 00:00:00 - horizon 365
2026-08-19 21:47:25,108 - WARNING - Not enough data to backtest for date 2017-03-09 00:00:00 - horizon 365
2026-08-19 21:47:25,108 - WARNING - Not enough data to backtest for date 2017-03-10 00:00:00 - horizon 365
2026-08-19 21:47:25,108 - WARNING - Not enough data to backtest for date 2017-03-13 00:00:00 - horizon 365
2026-08-19 21:47:25,108 - WARNING - Not enough data to backtest for date 2017-03-14 00:00:00 - horizon 365
2026-08-19 21:47:25,108 - WARNING - Not enough data to backtest for date 2017-03-15 00:00:00 - horizon 365
2026-08-19 21:47:25,108 - WARNING - Not enough data to backtest for date 2017-03-16 00:00:00 - horizon 365
2026-08-19 21:47:25,108 - WARNING - Not enough data to backtest for date 2017-03-17 00:00:00 - horizon 365
2026-08-19 21:47:25,108 - WARNING - Not enough data to backtest for date 2017-03-20 00:00:00 - horizon 365
2026-08-19 21:47:25,108 - WARNING - Not enough data to backtest for date 2017-03-21 00:00:00 - horizon 365
2026-08-19 21:47:25,108 - WARNING - Not enough data to backtest for date 2017-03-22 00:00:00 - horizon 365
2026-08-19 21:47:25,108 - WARNING - Not enough data to backtest for date 2017-03-23 00:00:00 - horizon 365
2026-08-19 21:47:25,108 - WARNING - Not enough data to backtest for date 2017-03-24 00:00:00 - horizon 365
2026-08-19 21:47:25,108 - WARNING - Not enough data to backtest for date 2017-03-27 00:00:00 - horizon 365
2026-08-19 21:47:25,108 - WARNING - Not enough data to backtest for date 2017-03-28 00:00:00 - horizon 365
2026-08-19 21:47:25,108 - WARNING - Not enough data to backtest for date 2017-03-29 00:00:00 - horizon 365
2026-08-19 21:47:25,108 - WARNING - Not enough data to backtest for date 2017-03-30 00:00:00 - horizon 365
2026-08-19 21:47:25,108 - WARNING - Not enough data to backtest for date 2017-03-31 00:00:00 - horizon 365
2026-08-19 21:47:25,108 - WARNING - Not enough data to backtest for date 2017-04-03 00:00:00 - horizon 365
2026-08-19 21:47:25,108 - WARNING - Not enough data to backtest for date 2017-04-04 00:00:00 - horizon 365
2026-08-19 21:47:25,108 - WARNING - Not enough data to backtest for date 2017-04-05 00:00:00 - horizon 365
2026-08-19 21:47:25,108 - WARNING - Not enough data to backtest for date 2017-04-06 00:00:00 - horizon 365
2026-08-19 21:47:25,108 - WARNING - Not enough data to backtest for date 2017-04-07 00:00:00 - horizon 365
2026-08-19 21:47:25,108 - WARNING - Not enough data to backtest for date 2017-04-10 00:00:00 - horizon 365
2026-08-19 21:47:25,108 - WARNING - Not enough data to backtest for date 2017-04-11 00:00:00 - horizon 365
2026-08-19 21:47:25,108 - WARNING - Not enough data to backtest for date 2017-04-12 00:00:00 - horizon 365
2026-08-19 21:47:25,108 - WARNING - Not enough data to backtest for date 2017-04-13 00:00:00 - horizon 365
2026-08-19 21:47:25,108 - WARNING - Not enough data to backtest for date 2017-04-14 00:00:00 - horizon 365
2026-08-19 21:47:25,108 - WARNING - Not enough data to backtest for date 2017-04-17 00:00:00 - horizon 365
2026-08-19 21:47:25,108 - WARNING - Not enough data to backtest for date 2017-04-18 00:00:00 - horizon 365
2026-08-19 21:47:25,108 - WARNING - Not enough data to backtest for date 2017-04-19 00:00:00 - horizon 365
2026-08-19 21:47:25,108 - WARNING - Not enough data to backtest for date 2017-04-20 00:00:00 - horizon 365
2026-08-19 21:47:25,108 - WARNING - Not enough data to backtest for date 2017-04-21 00:00:00 - horizon 365
2026-08-19 21:47:25,108 - WARNING - Not enough data to backtest for date 2017-04-24 00:00:00 - horizon 365
2026-08-19 21:47:25,108 - WARNING - Not enough data to backtest for date 2017-04-25 00:00:00 - horizon 365
2026-08-19 21:47:25,108 - WARNING - Not enough data to backtest for date 2017-04-26 00:00:00 - horizon 365
2026-08-19 21:47:25,108 - WARNING - Not enough data to backtest for date 2017-04-27 00:00:00 - horizon 365
2026-08-19 21:47:25,108 - WARNING - Not enough data to backtest for date 2017-04-28 00:00:00 - horizon 365
2026-08-19 21:47:25,108 - WARNING - Not enough data to backtest for date 2017-05-01 00:00:00 - horizon 365
2026-08-19 21:47:25,108 - WARNING - Not enough data to backtest for date 2017-05-02 00:00:00 - horizon 365
2026-08-19 21:47:25,108 - WARNING - Not enough data to backtest for date 2017-05-03 00:00:00 - horizon 365
2026-08-19 21:47:25,108 - WARNING - Not enough data to backtest for date 2017-05-04 00:00:00 - horizon 365
2026-08-19 21:47:25,108 - WARNING - Not enough data to backtest for date 2017-05-05 00:00:00 - horizon 365
2026-08-19 21:47:25,108 - WARNING - Not enough data to backtest for date 2017-05-08 00:00:00 - horizon 365
2026-08-19 21:47:25,108 - WARNING - Not enough data to backtest for date 2017-05-09 00:00:00 - horizon 365
2026-08-19 21:47:25,108 - WARNING - Not enough data to backtest for date 2017-05-10 00:00:00 - horizon 365
2026-08-19 21:47:25,108 - WARNING - Not enough data to backtest for date 2017-05-11 00:00:00 - horizon 365
2026-08-19 21:47:25,108 - WARNING - Not enough data to backtest for date 2017-05-12 00:00:00 - horizon 365
2026-08-19 21:47:25,108 - WARNING - Not enough data to backtest for date 2017-05-15 00:00:00 - horizon 365
2026-08-19 21:47:25,108 - WARNING - Not enough data to backtest for date 2017-05-16 00:00:00 - horizon 365
2026-08-19 21:47:25,108 - WARNING - Not enough data to backtest for date 2017-05-17 00:00:00 - horizon 365
2026-08-19 21:47:25,108 - WARNING - Not enough data to backtest for date 2017-05-18 00:00:00 - horizon 365
2026-08-19 21:47:25,108 - WARNING - Not enough data to backtest for date 2017-05-19 00:00:00 - horizon 365
2026-08-19 21:47:25,108 - WARNING - Not enough data to backtest for date 2017-05-22 00:00:00 - horizon 365
2026-08-19 21:47:25,108 - WARNING - Not enough data to backtest for date 2017-05-23 00:00:00 - horizon 365
2026-08-19 21:47:25,108 - WARNING - Not enough data to backtest for date 2017-05-24 00:00:00 - horizon 365
2026-08-19 21:47:25,108 - WARNING - Not enough data to backtest for date 2017-05-25 00:00:00 - horizon 365
2026-08-19 21:47:25,108 - WARNING - Not enough data to backtest for date 2017-05-26 00:00:00 - horizon 365
2026-08-19 21:47:25,108 - WARNING - Not enough data to backtest for date 2017-05-29 00:00:00 - horizon 365
2026-08-19 21:47:25,108 - WARNING - Not enough data to backtest for date 2017-05-30 00:00:00 - horizon 365
2026-08-19 21:47:25,108 - WARNING - Not enough data to backtest for date 2017-05-31 00:00:00 - horizon 365
2026-08-19 21:47:25,108 - WARNING - Not enough data to backtest for date 2017-06-01 00:00:00 - horizon 365
2026-08-19 21:47:25,108 - WARNING - Not enough data to backtest for date 2017-06-02 00:00:00 - horizon 365
2026-08-19 21:47:25,108 - WARNING - Not enough data to backtest for date 2017-06-05 00:00:00 - horizon 365
2026-08-19 21:47:25,108 - WARNING - Not enough data to backtest for date 2017-06-06 00:00:00 - horizon 365
2026-08-19 21:47:25,108 - WARNING - Not enough data to backtest for date 2017-06-07 00:00:00 - horizon 365
2026-08-19 21:47:25,108 - WARNING - Not enough data to backtest for date 2017-06-08 00:00:00 - horizon 365
2026-08-19 21:47:25,108 - WARNING - Not enough data to backtest for date 2017-06-09 00:00:00 - horizon 365
2026-08-19 21:47:25,108 - WARNING - Not enough data to backtest for date 2017-06-12 00:00:00 - horizon 365
2026-08-19 21:47:25,108 - WARNING - Not enough data to backtest for date 2017-06-13 00:00:00 - horizon 365
2026-08-19 21:47:25,108 - WARNING - Not enough data to backtest for date 2017-06-14 00:00:00 - horizon 365
2026-08-19 21:47:25,108 - WARNING - Not enough data to backtest for date 2017-06-15 00:00:00 - horizon 365
2026-08-19 21:47:25,108 - WARNING - Not enough data to backtest for date 2017-06-16 00:00:00 - horizon 365
2026-08-19 21:47:25,108 - WARNING - Not enough data to backtest for date 2017-06-19 00:00:00 - horizon 365
2026-08-19 21:47:25,108 - WARNING - Not enough data to backtest for date 2017-06-20 00:00:00 - horizon 365
2026-08-19 21:47:25,108 - WARNING - Not enough data to backtest for date 2017-06-21 00:00:00 - horizon 365
2026-08-19 21:47:25,108 - WARNING - Not enough data to backtest for date 2017-06-22 00:00:00 - horizon 365
2026-08-19 21:47:25,108 - WARNING - Not enough data to backtest for date 2017-06-23 00:00:00 - horizon 365
2026-08-19 21:47:25,108 - WARNING - Not enough data to backtest for date 2017-06-26 00:00:00 - horizon 365
2026-08-19 21:47:25,108 - WARNING - Not enough data to backtest for date 2017-06-27 00:00:00 - horizon 365
2026-08-19 21:47:25,108 - WARNING - Not enough data to backtest for date 2017-06-28 00:00:00 - horizon 365
2026-08-19 21:47:25,109 - WARNING - Not enough data to backtest for date 2017-06-29 00:00:00 - horizon 365
2026-08-19 21:47:25,109 - WARNING - Not enough data to backtest for date 2017-06-30 00:00:00 - horizon 365
2026-08-19 21:47:25,109 - WARNING - Not enough data to backtest for date 2017-07-03 00:00:00 - horizon 365
2026-08-19 21:47:25,109 - WARNING - Not enough data to backtest for date 2017-07-04 00:00:00 - horizon 365
2026-08-19 21:47:25,109 - WARNING - Not enough data to backtest for date 2017-07-05 00:00:00 - horizon 365
2026-08-19 21:47:25,109 - WARNING - Not enough data to backtest for date 2017-07-06 00:00:00 - horizon 365
2026-08-19 21:47:25,109 - WARNING - Not enough data to backtest for date 2017-07-07 00:00:00 - horizon 365
2026-08-19 21:47:25,109 - WARNING - Not enough data to backtest for date 2017-07-10 00:00:00 - horizon 365
2026-08-19 21:47:25,109 - WARNING - Not enough data to backtest for date 2017-07-11 00:00:00 - horizon 365
2026-08-19 21:47:25,109 - WARNING - Not enough data to backtest for date 2017-07-12 00:00:00 - horizon 365
2026-08-19 21:47:25,109 - WARNING - Not enough data to backtest for date 2017-07-13 00:00:00 - horizon 365
2026-08-19 21:47:25,109 - WARNING - Not enough data to backtest for date 2017-07-14 00:00:00 - horizon 365
2026-08-19 21:47:25,109 - WARNING - Not enough data to backtest for date 2017-07-17 00:00:00 - horizon 365
2026-08-19 21:47:25,109 - WARNING - Not enough data to backtest for date 2017-07-18 00:00:00 - horizon 365
2026-08-19 21:47:25,109 - WARNING - Not enough data to backtest for date 2017-07-19 00:00:00 - horizon 365
2026-08-19 21:47:25,109 - WARNING - Not enough data to backtest for date 2017-07-20 00:00:00 - horizon 365
2026-08-19 21:47:25,109 - WARNING - Not enough data to backtest for date 2017-07-21 00:00:00 - horizon 365
2026-08-19 21:47:25,109 - WARNING - Not enough data to backtest for date 2017-07-24 00:00:00 - horizon 365
2026-08-19 21:47:25,109 - WARNING - Not enough data to backtest for date 2017-07-25 00:00:00 - horizon 365
2026-08-19 21:47:25,109 - WARNING - Not enough data to backtest for date 2017-07-26 00:00:00 - horizon 365
2026-08-19 21:47:25,109 - WARNING - Not enough data to backtest for date 2017-07-27 00:00:00 - horizon 365
2026-08-19 21:47:25,109 - WARNING - Not enough data to backtest for date 2017-07-28 00:00:00 - horizon 365
2026-08-19 21:47:25,109 - WARNING - Not enough data to backtest for date 2017-07-31 00:00:00 - horizon 365
2026-08-19 21:47:25,109 - WARNING - Not enough data to backtest for date 2017-08-01 00:00:00 - horizon 365
2026-08-19 21:47:25,109 - WARNING - Not enough data to backtest for date 2017-08-02 00:00:00 - horizon 365
2026-08-19 21:47:25,109 - WARNING - Not enough data to backtest for date 2017-08-03 00:00:00 - horizon 365
2026-08-19 21:47:25,109 - WARNING - Not enough data to backtest for date 2017-08-04 00:00:00 - horizon 365
2026-08-19 21:47:25,109 - WARNING - Not enough data to backtest for date 2017-08-07 00:00:00 - horizon 365
2026-08-19 21:47:25,109 - WARNING - Not enough data to backtest for date 2017-08-08 00:00:00 - horizon 365
2026-08-19 21:47:25,109 - WARNING - Not enough data to backtest for date 2017-08-09 00:00:00 - horizon 365
2026-08-19 21:47:25,109 - WARNING - Not enough data to backtest for date 2017-08-10 00:00:00 - horizon 365
2026-08-19 21:47:25,109 - WARNING - Not enough data to backtest for date 2017-08-11 00:00:00 - horizon 365
2026-08-19 21:47:25,109 - WARNING - Not enough data to backtest for date 2017-08-14 00:00:00 - horizon 365
2026-08-19 21:47:25,109 - WARNING - Not enough data to backtest for date 2017-08-15 00:00:00 - horizon 365
2026-08-19 21:47:25,109 - WARNING - Not enough data to backtest for date 2017-08-16 00:00:00 - horizon 365
2026-08-19 21:47:25,109 - WARNING - Not enough data to backtest for date 2017-08-17 00:00:00 - horizon 365
2026-08-19 21:47:25,109 - WARNING - Not enough data to backtest for date 2017-08-18 00:00:00 - horizon 365
2026-08-19 21:47:25,109 - WARNING - Not enough data to backtest for date 2017-08-21 00:00:00 - horizon 365
2026-08-19 21:47:25,109 - WARNING - Not enough data to backtest for date 2017-08-22 00:00:00 - horizon 365
2026-08-19 21:47:25,109 - WARNING - Not enough data to backtest for date 2017-08-23 00:00:00 - horizon 365
2026-08-19 21:47:25,109 - WARNING - Not enough data to backtest for date 2017-08-24 00:00:00 - horizon 365
2026-08-19 21:47:26,858 - INFO - Successfully saved to /home/victor/Projects/regularized-MAR-vs-LSTM-in-forcasting-IVS/data/result/MAR/MAR(1)_training_mse.csv with shape (6, 2)
2026-08-19 21:47:26,858 - INFO - Computing training MSE for Regularized MAR...
2026-08-19 21:47:26,859 - WARNING - Not enough data to backtest for date 2016-04-01 00:00:00 - horizon 1
2026-08-19 21:47:27,697 - WARNING - Not enough data to backtest for date 2016-04-01 00:00:00 - horizon 14
2026-08-19 21:47:27,697 - WARNING - Not enough data to backtest for date 2016-04-04 00:00:00 - horizon 14
2026-08-19 21:47:27,697 - WARNING - Not enough data to backtest for date 2016-04-05 00:00:00 - horizon 14
2026-08-19 21:47:27,697 - WARNING - Not enough data to backtest for date 2016-04-06 00:00:00 - horizon 14
2026-08-19 21:47:27,697 - WARNING - Not enough data to backtest for date 2016-04-07 00:00:00 - horizon 14
2026-08-19 21:47:27,697 - WARNING - Not enough data to backtest for date 2016-04-08 00:00:00 - horizon 14
2026-08-19 21:47:27,697 - WARNING - Not enough data to backtest for date 2016-04-11 00:00:00 - horizon 14
2026-08-19 21:47:27,697 - WARNING - Not enough data to backtest for date 2016-04-12 00:00:00 - horizon 14
2026-08-19 21:47:27,697 - WARNING - Not enough data to backtest for date 2016-04-13 00:00:00 - horizon 14
2026-08-19 21:47:27,697 - WARNING - Not enough data to backtest for date 2016-04-14 00:00:00 - horizon 14
2026-08-19 21:47:27,697 - WARNING - Not enough data to backtest for date 2016-04-15 00:00:00 - horizon 14
2026-08-19 21:47:27,698 - WARNING - Not enough data to backtest for date 2016-04-18 00:00:00 - horizon 14
2026-08-19 21:47:27,698 - WARNING - Not enough data to backtest for date 2016-04-19 00:00:00 - horizon 14
2026-08-19 21:47:27,698 - WARNING - Not enough data to backtest for date 2016-04-20 00:00:00 - horizon 14
2026-08-19 21:47:28,579 - WARNING - Not enough data to backtest for date 2016-04-01 00:00:00 - horizon 30
2026-08-19 21:47:28,579 - WARNING - Not enough data to backtest for date 2016-04-04 00:00:00 - horizon 30
2026-08-19 21:47:28,579 - WARNING - Not enough data to backtest for date 2016-04-05 00:00:00 - horizon 30
2026-08-19 21:47:28,579 - WARNING - Not enough data to backtest for date 2016-04-06 00:00:00 - horizon 30
2026-08-19 21:47:28,579 - WARNING - Not enough data to backtest for date 2016-04-07 00:00:00 - horizon 30
2026-08-19 21:47:28,579 - WARNING - Not enough data to backtest for date 2016-04-08 00:00:00 - horizon 30
2026-08-19 21:47:28,579 - WARNING - Not enough data to backtest for date 2016-04-11 00:00:00 - horizon 30
2026-08-19 21:47:28,579 - WARNING - Not enough data to backtest for date 2016-04-12 00:00:00 - horizon 30
2026-08-19 21:47:28,579 - WARNING - Not enough data to backtest for date 2016-04-13 00:00:00 - horizon 30
2026-08-19 21:47:28,579 - WARNING - Not enough data to backtest for date 2016-04-14 00:00:00 - horizon 30
2026-08-19 21:47:28,579 - WARNING - Not enough data to backtest for date 2016-04-15 00:00:00 - horizon 30
2026-08-19 21:47:28,579 - WARNING - Not enough data to backtest for date 2016-04-18 00:00:00 - horizon 30
2026-08-19 21:47:28,579 - WARNING - Not enough data to backtest for date 2016-04-19 00:00:00 - horizon 30
2026-08-19 21:47:28,579 - WARNING - Not enough data to backtest for date 2016-04-20 00:00:00 - horizon 30
2026-08-19 21:47:28,579 - WARNING - Not enough data to backtest for date 2016-04-21 00:00:00 - horizon 30
2026-08-19 21:47:28,579 - WARNING - Not enough data to backtest for date 2016-04-22 00:00:00 - horizon 30
2026-08-19 21:47:28,579 - WARNING - Not enough data to backtest for date 2016-04-25 00:00:00 - horizon 30
2026-08-19 21:47:28,579 - WARNING - Not enough data to backtest for date 2016-04-26 00:00:00 - horizon 30
2026-08-19 21:47:28,579 - WARNING - Not enough data to backtest for date 2016-04-27 00:00:00 - horizon 30
2026-08-19 21:47:28,579 - WARNING - Not enough data to backtest for date 2016-04-28 00:00:00 - horizon 30
2026-08-19 21:47:28,579 - WARNING - Not enough data to backtest for date 2016-04-29 00:00:00 - horizon 30
2026-08-19 21:47:28,579 - WARNING - Not enough data to backtest for date 2016-05-02 00:00:00 - horizon 30
2026-08-19 21:47:28,579 - WARNING - Not enough data to backtest for date 2016-05-03 00:00:00 - horizon 30
2026-08-19 21:47:28,579 - WARNING - Not enough data to backtest for date 2016-05-04 00:00:00 - horizon 30
2026-08-19 21:47:28,579 - WARNING - Not enough data to backtest for date 2016-05-05 00:00:00 - horizon 30
2026-08-19 21:47:28,579 - WARNING - Not enough data to backtest for date 2016-05-06 00:00:00 - horizon 30
2026-08-19 21:47:28,579 - WARNING - Not enough data to backtest for date 2016-05-09 00:00:00 - horizon 30
2026-08-19 21:47:28,579 - WARNING - Not enough data to backtest for date 2016-05-10 00:00:00 - horizon 30
2026-08-19 21:47:28,579 - WARNING - Not enough data to backtest for date 2016-05-11 00:00:00 - horizon 30
2026-08-19 21:47:28,579 - WARNING - Not enough data to backtest for date 2016-05-12 00:00:00 - horizon 30
2026-08-19 21:47:29,512 - WARNING - Not enough data to backtest for date 2016-04-01 00:00:00 - horizon 90
2026-08-19 21:47:29,512 - WARNING - Not enough data to backtest for date 2016-04-04 00:00:00 - horizon 90
2026-08-19 21:47:29,512 - WARNING - Not enough data to backtest for date 2016-04-05 00:00:00 - horizon 90
2026-08-19 21:47:29,512 - WARNING - Not enough data to backtest for date 2016-04-06 00:00:00 - horizon 90
2026-08-19 21:47:29,512 - WARNING - Not enough data to backtest for date 2016-04-07 00:00:00 - horizon 90
2026-08-19 21:47:29,512 - WARNING - Not enough data to backtest for date 2016-04-08 00:00:00 - horizon 90
2026-08-19 21:47:29,512 - WARNING - Not enough data to backtest for date 2016-04-11 00:00:00 - horizon 90
2026-08-19 21:47:29,512 - WARNING - Not enough data to backtest for date 2016-04-12 00:00:00 - horizon 90
2026-08-19 21:47:29,512 - WARNING - Not enough data to backtest for date 2016-04-13 00:00:00 - horizon 90
2026-08-19 21:47:29,512 - WARNING - Not enough data to backtest for date 2016-04-14 00:00:00 - horizon 90
2026-08-19 21:47:29,512 - WARNING - Not enough data to backtest for date 2016-04-15 00:00:00 - horizon 90
2026-08-19 21:47:29,512 - WARNING - Not enough data to backtest for date 2016-04-18 00:00:00 - horizon 90
2026-08-19 21:47:29,513 - WARNING - Not enough data to backtest for date 2016-04-19 00:00:00 - horizon 90
2026-08-19 21:47:29,513 - WARNING - Not enough data to backtest for date 2016-04-20 00:00:00 - horizon 90
2026-08-19 21:47:29,513 - WARNING - Not enough data to backtest for date 2016-04-21 00:00:00 - horizon 90
2026-08-19 21:47:29,513 - WARNING - Not enough data to backtest for date 2016-04-22 00:00:00 - horizon 90
2026-08-19 21:47:29,513 - WARNING - Not enough data to backtest for date 2016-04-25 00:00:00 - horizon 90
2026-08-19 21:47:29,513 - WARNING - Not enough data to backtest for date 2016-04-26 00:00:00 - horizon 90
2026-08-19 21:47:29,513 - WARNING - Not enough data to backtest for date 2016-04-27 00:00:00 - horizon 90
2026-08-19 21:47:29,513 - WARNING - Not enough data to backtest for date 2016-04-28 00:00:00 - horizon 90
2026-08-19 21:47:29,513 - WARNING - Not enough data to backtest for date 2016-04-29 00:00:00 - horizon 90
2026-08-19 21:47:29,513 - WARNING - Not enough data to backtest for date 2016-05-02 00:00:00 - horizon 90
2026-08-19 21:47:29,513 - WARNING - Not enough data to backtest for date 2016-05-03 00:00:00 - horizon 90
2026-08-19 21:47:29,513 - WARNING - Not enough data to backtest for date 2016-05-04 00:00:00 - horizon 90
2026-08-19 21:47:29,513 - WARNING - Not enough data to backtest for date 2016-05-05 00:00:00 - horizon 90
2026-08-19 21:47:29,513 - WARNING - Not enough data to backtest for date 2016-05-06 00:00:00 - horizon 90
2026-08-19 21:47:29,513 - WARNING - Not enough data to backtest for date 2016-05-09 00:00:00 - horizon 90
2026-08-19 21:47:29,513 - WARNING - Not enough data to backtest for date 2016-05-10 00:00:00 - horizon 90
2026-08-19 21:47:29,513 - WARNING - Not enough data to backtest for date 2016-05-11 00:00:00 - horizon 90
2026-08-19 21:47:29,513 - WARNING - Not enough data to backtest for date 2016-05-12 00:00:00 - horizon 90
2026-08-19 21:47:29,513 - WARNING - Not enough data to backtest for date 2016-05-13 00:00:00 - horizon 90
2026-08-19 21:47:29,513 - WARNING - Not enough data to backtest for date 2016-05-16 00:00:00 - horizon 90
2026-08-19 21:47:29,513 - WARNING - Not enough data to backtest for date 2016-05-17 00:00:00 - horizon 90
2026-08-19 21:47:29,513 - WARNING - Not enough data to backtest for date 2016-05-18 00:00:00 - horizon 90
2026-08-19 21:47:29,513 - WARNING - Not enough data to backtest for date 2016-05-19 00:00:00 - horizon 90
2026-08-19 21:47:29,513 - WARNING - Not enough data to backtest for date 2016-05-20 00:00:00 - horizon 90
2026-08-19 21:47:29,513 - WARNING - Not enough data to backtest for date 2016-05-23 00:00:00 - horizon 90
2026-08-19 21:47:29,513 - WARNING - Not enough data to backtest for date 2016-05-24 00:00:00 - horizon 90
2026-08-19 21:47:29,513 - WARNING - Not enough data to backtest for date 2016-05-25 00:00:00 - horizon 90
2026-08-19 21:47:29,513 - WARNING - Not enough data to backtest for date 2016-05-26 00:00:00 - horizon 90
2026-08-19 21:47:29,513 - WARNING - Not enough data to backtest for date 2016-05-27 00:00:00 - horizon 90
2026-08-19 21:47:29,513 - WARNING - Not enough data to backtest for date 2016-05-30 00:00:00 - horizon 90
2026-08-19 21:47:29,513 - WARNING - Not enough data to backtest for date 2016-05-31 00:00:00 - horizon 90
2026-08-19 21:47:29,513 - WARNING - Not enough data to backtest for date 2016-06-01 00:00:00 - horizon 90
2026-08-19 21:47:29,513 - WARNING - Not enough data to backtest for date 2016-06-02 00:00:00 - horizon 90
2026-08-19 21:47:29,513 - WARNING - Not enough data to backtest for date 2016-06-03 00:00:00 - horizon 90
2026-08-19 21:47:29,513 - WARNING - Not enough data to backtest for date 2016-06-06 00:00:00 - horizon 90
2026-08-19 21:47:29,513 - WARNING - Not enough data to backtest for date 2016-06-07 00:00:00 - horizon 90
2026-08-19 21:47:29,513 - WARNING - Not enough data to backtest for date 2016-06-08 00:00:00 - horizon 90
2026-08-19 21:47:29,513 - WARNING - Not enough data to backtest for date 2016-06-09 00:00:00 - horizon 90
2026-08-19 21:47:29,513 - WARNING - Not enough data to backtest for date 2016-06-10 00:00:00 - horizon 90
2026-08-19 21:47:29,513 - WARNING - Not enough data to backtest for date 2016-06-13 00:00:00 - horizon 90
2026-08-19 21:47:29,513 - WARNING - Not enough data to backtest for date 2016-06-14 00:00:00 - horizon 90
2026-08-19 21:47:29,513 - WARNING - Not enough data to backtest for date 2016-06-15 00:00:00 - horizon 90
2026-08-19 21:47:29,513 - WARNING - Not enough data to backtest for date 2016-06-16 00:00:00 - horizon 90
2026-08-19 21:47:29,513 - WARNING - Not enough data to backtest for date 2016-06-17 00:00:00 - horizon 90
2026-08-19 21:47:29,513 - WARNING - Not enough data to backtest for date 2016-06-20 00:00:00 - horizon 90
2026-08-19 21:47:29,513 - WARNING - Not enough data to backtest for date 2016-06-21 00:00:00 - horizon 90
2026-08-19 21:47:29,513 - WARNING - Not enough data to backtest for date 2016-06-22 00:00:00 - horizon 90
2026-08-19 21:47:29,513 - WARNING - Not enough data to backtest for date 2016-06-23 00:00:00 - horizon 90
2026-08-19 21:47:29,513 - WARNING - Not enough data to backtest for date 2016-06-24 00:00:00 - horizon 90
2026-08-19 21:47:29,513 - WARNING - Not enough data to backtest for date 2016-06-27 00:00:00 - horizon 90
2026-08-19 21:47:29,513 - WARNING - Not enough data to backtest for date 2016-06-28 00:00:00 - horizon 90
2026-08-19 21:47:29,513 - WARNING - Not enough data to backtest for date 2016-06-29 00:00:00 - horizon 90
2026-08-19 21:47:29,513 - WARNING - Not enough data to backtest for date 2016-06-30 00:00:00 - horizon 90
2026-08-19 21:47:29,513 - WARNING - Not enough data to backtest for date 2016-07-01 00:00:00 - horizon 90
2026-08-19 21:47:29,513 - WARNING - Not enough data to backtest for date 2016-07-04 00:00:00 - horizon 90
2026-08-19 21:47:29,513 - WARNING - Not enough data to backtest for date 2016-07-05 00:00:00 - horizon 90
2026-08-19 21:47:29,513 - WARNING - Not enough data to backtest for date 2016-07-06 00:00:00 - horizon 90
2026-08-19 21:47:29,513 - WARNING - Not enough data to backtest for date 2016-07-07 00:00:00 - horizon 90
2026-08-19 21:47:29,513 - WARNING - Not enough data to backtest for date 2016-07-08 00:00:00 - horizon 90
2026-08-19 21:47:29,513 - WARNING - Not enough data to backtest for date 2016-07-11 00:00:00 - horizon 90
2026-08-19 21:47:29,513 - WARNING - Not enough data to backtest for date 2016-07-12 00:00:00 - horizon 90
2026-08-19 21:47:29,513 - WARNING - Not enough data to backtest for date 2016-07-13 00:00:00 - horizon 90
2026-08-19 21:47:29,513 - WARNING - Not enough data to backtest for date 2016-07-14 00:00:00 - horizon 90
2026-08-19 21:47:29,513 - WARNING - Not enough data to backtest for date 2016-07-15 00:00:00 - horizon 90
2026-08-19 21:47:29,513 - WARNING - Not enough data to backtest for date 2016-07-18 00:00:00 - horizon 90
2026-08-19 21:47:29,513 - WARNING - Not enough data to backtest for date 2016-07-19 00:00:00 - horizon 90
2026-08-19 21:47:29,513 - WARNING - Not enough data to backtest for date 2016-07-20 00:00:00 - horizon 90
2026-08-19 21:47:29,513 - WARNING - Not enough data to backtest for date 2016-07-21 00:00:00 - horizon 90
2026-08-19 21:47:29,513 - WARNING - Not enough data to backtest for date 2016-07-22 00:00:00 - horizon 90
2026-08-19 21:47:29,513 - WARNING - Not enough data to backtest for date 2016-07-25 00:00:00 - horizon 90
2026-08-19 21:47:29,513 - WARNING - Not enough data to backtest for date 2016-07-26 00:00:00 - horizon 90
2026-08-19 21:47:29,513 - WARNING - Not enough data to backtest for date 2016-07-27 00:00:00 - horizon 90
2026-08-19 21:47:29,513 - WARNING - Not enough data to backtest for date 2016-07-28 00:00:00 - horizon 90
2026-08-19 21:47:29,513 - WARNING - Not enough data to backtest for date 2016-07-29 00:00:00 - horizon 90
2026-08-19 21:47:29,513 - WARNING - Not enough data to backtest for date 2016-08-01 00:00:00 - horizon 90
2026-08-19 21:47:29,513 - WARNING - Not enough data to backtest for date 2016-08-02 00:00:00 - horizon 90
2026-08-19 21:47:29,513 - WARNING - Not enough data to backtest for date 2016-08-03 00:00:00 - horizon 90
2026-08-19 21:47:29,513 - WARNING - Not enough data to backtest for date 2016-08-04 00:00:00 - horizon 90
2026-08-19 21:47:30,604 - WARNING - Not enough data to backtest for date 2016-04-01 00:00:00 - horizon 180
2026-08-19 21:47:30,604 - WARNING - Not enough data to backtest for date 2016-04-04 00:00:00 - horizon 180
2026-08-19 21:47:30,604 - WARNING - Not enough data to backtest for date 2016-04-05 00:00:00 - horizon 180
2026-08-19 21:47:30,604 - WARNING - Not enough data to backtest for date 2016-04-06 00:00:00 - horizon 180
2026-08-19 21:47:30,604 - WARNING - Not enough data to backtest for date 2016-04-07 00:00:00 - horizon 180
2026-08-19 21:47:30,604 - WARNING - Not enough data to backtest for date 2016-04-08 00:00:00 - horizon 180
2026-08-19 21:47:30,604 - WARNING - Not enough data to backtest for date 2016-04-11 00:00:00 - horizon 180
2026-08-19 21:47:30,604 - WARNING - Not enough data to backtest for date 2016-04-12 00:00:00 - horizon 180
2026-08-19 21:47:30,604 - WARNING - Not enough data to backtest for date 2016-04-13 00:00:00 - horizon 180
2026-08-19 21:47:30,604 - WARNING - Not enough data to backtest for date 2016-04-14 00:00:00 - horizon 180
2026-08-19 21:47:30,604 - WARNING - Not enough data to backtest for date 2016-04-15 00:00:00 - horizon 180
2026-08-19 21:47:30,604 - WARNING - Not enough data to backtest for date 2016-04-18 00:00:00 - horizon 180
2026-08-19 21:47:30,604 - WARNING - Not enough data to backtest for date 2016-04-19 00:00:00 - horizon 180
2026-08-19 21:47:30,605 - WARNING - Not enough data to backtest for date 2016-04-20 00:00:00 - horizon 180
2026-08-19 21:47:30,605 - WARNING - Not enough data to backtest for date 2016-04-21 00:00:00 - horizon 180
2026-08-19 21:47:30,605 - WARNING - Not enough data to backtest for date 2016-04-22 00:00:00 - horizon 180
2026-08-19 21:47:30,605 - WARNING - Not enough data to backtest for date 2016-04-25 00:00:00 - horizon 180
2026-08-19 21:47:30,605 - WARNING - Not enough data to backtest for date 2016-04-26 00:00:00 - horizon 180
2026-08-19 21:47:30,605 - WARNING - Not enough data to backtest for date 2016-04-27 00:00:00 - horizon 180
2026-08-19 21:47:30,605 - WARNING - Not enough data to backtest for date 2016-04-28 00:00:00 - horizon 180
2026-08-19 21:47:30,605 - WARNING - Not enough data to backtest for date 2016-04-29 00:00:00 - horizon 180
2026-08-19 21:47:30,605 - WARNING - Not enough data to backtest for date 2016-05-02 00:00:00 - horizon 180
2026-08-19 21:47:30,605 - WARNING - Not enough data to backtest for date 2016-05-03 00:00:00 - horizon 180
2026-08-19 21:47:30,605 - WARNING - Not enough data to backtest for date 2016-05-04 00:00:00 - horizon 180
2026-08-19 21:47:30,605 - WARNING - Not enough data to backtest for date 2016-05-05 00:00:00 - horizon 180
2026-08-19 21:47:30,605 - WARNING - Not enough data to backtest for date 2016-05-06 00:00:00 - horizon 180
2026-08-19 21:47:30,605 - WARNING - Not enough data to backtest for date 2016-05-09 00:00:00 - horizon 180
2026-08-19 21:47:30,605 - WARNING - Not enough data to backtest for date 2016-05-10 00:00:00 - horizon 180
2026-08-19 21:47:30,605 - WARNING - Not enough data to backtest for date 2016-05-11 00:00:00 - horizon 180
2026-08-19 21:47:30,605 - WARNING - Not enough data to backtest for date 2016-05-12 00:00:00 - horizon 180
2026-08-19 21:47:30,605 - WARNING - Not enough data to backtest for date 2016-05-13 00:00:00 - horizon 180
2026-08-19 21:47:30,605 - WARNING - Not enough data to backtest for date 2016-05-16 00:00:00 - horizon 180
2026-08-19 21:47:30,605 - WARNING - Not enough data to backtest for date 2016-05-17 00:00:00 - horizon 180
2026-08-19 21:47:30,605 - WARNING - Not enough data to backtest for date 2016-05-18 00:00:00 - horizon 180
2026-08-19 21:47:30,605 - WARNING - Not enough data to backtest for date 2016-05-19 00:00:00 - horizon 180
2026-08-19 21:47:30,605 - WARNING - Not enough data to backtest for date 2016-05-20 00:00:00 - horizon 180
2026-08-19 21:47:30,605 - WARNING - Not enough data to backtest for date 2016-05-23 00:00:00 - horizon 180
2026-08-19 21:47:30,605 - WARNING - Not enough data to backtest for date 2016-05-24 00:00:00 - horizon 180
2026-08-19 21:47:30,605 - WARNING - Not enough data to backtest for date 2016-05-25 00:00:00 - horizon 180
2026-08-19 21:47:30,605 - WARNING - Not enough data to backtest for date 2016-05-26 00:00:00 - horizon 180
2026-08-19 21:47:30,605 - WARNING - Not enough data to backtest for date 2016-05-27 00:00:00 - horizon 180
2026-08-19 21:47:30,605 - WARNING - Not enough data to backtest for date 2016-05-30 00:00:00 - horizon 180
2026-08-19 21:47:30,605 - WARNING - Not enough data to backtest for date 2016-05-31 00:00:00 - horizon 180
2026-08-19 21:47:30,605 - WARNING - Not enough data to backtest for date 2016-06-01 00:00:00 - horizon 180
2026-08-19 21:47:30,605 - WARNING - Not enough data to backtest for date 2016-06-02 00:00:00 - horizon 180
2026-08-19 21:47:30,605 - WARNING - Not enough data to backtest for date 2016-06-03 00:00:00 - horizon 180
2026-08-19 21:47:30,605 - WARNING - Not enough data to backtest for date 2016-06-06 00:00:00 - horizon 180
2026-08-19 21:47:30,605 - WARNING - Not enough data to backtest for date 2016-06-07 00:00:00 - horizon 180
2026-08-19 21:47:30,605 - WARNING - Not enough data to backtest for date 2016-06-08 00:00:00 - horizon 180
2026-08-19 21:47:30,605 - WARNING - Not enough data to backtest for date 2016-06-09 00:00:00 - horizon 180
2026-08-19 21:47:30,605 - WARNING - Not enough data to backtest for date 2016-06-10 00:00:00 - horizon 180
2026-08-19 21:47:30,605 - WARNING - Not enough data to backtest for date 2016-06-13 00:00:00 - horizon 180
2026-08-19 21:47:30,605 - WARNING - Not enough data to backtest for date 2016-06-14 00:00:00 - horizon 180
2026-08-19 21:47:30,605 - WARNING - Not enough data to backtest for date 2016-06-15 00:00:00 - horizon 180
2026-08-19 21:47:30,605 - WARNING - Not enough data to backtest for date 2016-06-16 00:00:00 - horizon 180
2026-08-19 21:47:30,605 - WARNING - Not enough data to backtest for date 2016-06-17 00:00:00 - horizon 180
2026-08-19 21:47:30,605 - WARNING - Not enough data to backtest for date 2016-06-20 00:00:00 - horizon 180
2026-08-19 21:47:30,605 - WARNING - Not enough data to backtest for date 2016-06-21 00:00:00 - horizon 180
2026-08-19 21:47:30,605 - WARNING - Not enough data to backtest for date 2016-06-22 00:00:00 - horizon 180
2026-08-19 21:47:30,605 - WARNING - Not enough data to backtest for date 2016-06-23 00:00:00 - horizon 180
2026-08-19 21:47:30,605 - WARNING - Not enough data to backtest for date 2016-06-24 00:00:00 - horizon 180
2026-08-19 21:47:30,605 - WARNING - Not enough data to backtest for date 2016-06-27 00:00:00 - horizon 180
2026-08-19 21:47:30,605 - WARNING - Not enough data to backtest for date 2016-06-28 00:00:00 - horizon 180
2026-08-19 21:47:30,605 - WARNING - Not enough data to backtest for date 2016-06-29 00:00:00 - horizon 180
2026-08-19 21:47:30,605 - WARNING - Not enough data to backtest for date 2016-06-30 00:00:00 - horizon 180
2026-08-19 21:47:30,605 - WARNING - Not enough data to backtest for date 2016-07-01 00:00:00 - horizon 180
2026-08-19 21:47:30,605 - WARNING - Not enough data to backtest for date 2016-07-04 00:00:00 - horizon 180
2026-08-19 21:47:30,605 - WARNING - Not enough data to backtest for date 2016-07-05 00:00:00 - horizon 180
2026-08-19 21:47:30,605 - WARNING - Not enough data to backtest for date 2016-07-06 00:00:00 - horizon 180
2026-08-19 21:47:30,605 - WARNING - Not enough data to backtest for date 2016-07-07 00:00:00 - horizon 180
2026-08-19 21:47:30,605 - WARNING - Not enough data to backtest for date 2016-07-08 00:00:00 - horizon 180
2026-08-19 21:47:30,605 - WARNING - Not enough data to backtest for date 2016-07-11 00:00:00 - horizon 180
2026-08-19 21:47:30,605 - WARNING - Not enough data to backtest for date 2016-07-12 00:00:00 - horizon 180
2026-08-19 21:47:30,605 - WARNING - Not enough data to backtest for date 2016-07-13 00:00:00 - horizon 180
2026-08-19 21:47:30,605 - WARNING - Not enough data to backtest for date 2016-07-14 00:00:00 - horizon 180
2026-08-19 21:47:30,605 - WARNING - Not enough data to backtest for date 2016-07-15 00:00:00 - horizon 180
2026-08-19 21:47:30,605 - WARNING - Not enough data to backtest for date 2016-07-18 00:00:00 - horizon 180
2026-08-19 21:47:30,605 - WARNING - Not enough data to backtest for date 2016-07-19 00:00:00 - horizon 180
2026-08-19 21:47:30,605 - WARNING - Not enough data to backtest for date 2016-07-20 00:00:00 - horizon 180
2026-08-19 21:47:30,605 - WARNING - Not enough data to backtest for date 2016-07-21 00:00:00 - horizon 180
2026-08-19 21:47:30,605 - WARNING - Not enough data to backtest for date 2016-07-22 00:00:00 - horizon 180
2026-08-19 21:47:30,605 - WARNING - Not enough data to backtest for date 2016-07-25 00:00:00 - horizon 180
2026-08-19 21:47:30,605 - WARNING - Not enough data to backtest for date 2016-07-26 00:00:00 - horizon 180
2026-08-19 21:47:30,605 - WARNING - Not enough data to backtest for date 2016-07-27 00:00:00 - horizon 180
2026-08-19 21:47:30,605 - WARNING - Not enough data to backtest for date 2016-07-28 00:00:00 - horizon 180
2026-08-19 21:47:30,605 - WARNING - Not enough data to backtest for date 2016-07-29 00:00:00 - horizon 180
2026-08-19 21:47:30,605 - WARNING - Not enough data to backtest for date 2016-08-01 00:00:00 - horizon 180
2026-08-19 21:47:30,605 - WARNING - Not enough data to backtest for date 2016-08-02 00:00:00 - horizon 180
2026-08-19 21:47:30,605 - WARNING - Not enough data to backtest for date 2016-08-03 00:00:00 - horizon 180
2026-08-19 21:47:30,605 - WARNING - Not enough data to backtest for date 2016-08-04 00:00:00 - horizon 180
2026-08-19 21:47:30,605 - WARNING - Not enough data to backtest for date 2016-08-05 00:00:00 - horizon 180
2026-08-19 21:47:30,605 - WARNING - Not enough data to backtest for date 2016-08-08 00:00:00 - horizon 180
2026-08-19 21:47:30,605 - WARNING - Not enough data to backtest for date 2016-08-09 00:00:00 - horizon 180
2026-08-19 21:47:30,605 - WARNING - Not enough data to backtest for date 2016-08-10 00:00:00 - horizon 180
2026-08-19 21:47:30,605 - WARNING - Not enough data to backtest for date 2016-08-11 00:00:00 - horizon 180
2026-08-19 21:47:30,605 - WARNING - Not enough data to backtest for date 2016-08-12 00:00:00 - horizon 180
2026-08-19 21:47:30,606 - WARNING - Not enough data to backtest for date 2016-08-15 00:00:00 - horizon 180
2026-08-19 21:47:30,606 - WARNING - Not enough data to backtest for date 2016-08-16 00:00:00 - horizon 180
2026-08-19 21:47:30,606 - WARNING - Not enough data to backtest for date 2016-08-17 00:00:00 - horizon 180
2026-08-19 21:47:30,606 - WARNING - Not enough data to backtest for date 2016-08-18 00:00:00 - horizon 180
2026-08-19 21:47:30,606 - WARNING - Not enough data to backtest for date 2016-08-19 00:00:00 - horizon 180
2026-08-19 21:47:30,606 - WARNING - Not enough data to backtest for date 2016-08-22 00:00:00 - horizon 180
2026-08-19 21:47:30,606 - WARNING - Not enough data to backtest for date 2016-08-23 00:00:00 - horizon 180
2026-08-19 21:47:30,606 - WARNING - Not enough data to backtest for date 2016-08-24 00:00:00 - horizon 180
2026-08-19 21:47:30,606 - WARNING - Not enough data to backtest for date 2016-08-25 00:00:00 - horizon 180
2026-08-19 21:47:30,606 - WARNING - Not enough data to backtest for date 2016-08-26 00:00:00 - horizon 180
2026-08-19 21:47:30,606 - WARNING - Not enough data to backtest for date 2016-08-29 00:00:00 - horizon 180
2026-08-19 21:47:30,606 - WARNING - Not enough data to backtest for date 2016-08-30 00:00:00 - horizon 180
2026-08-19 21:47:30,606 - WARNING - Not enough data to backtest for date 2016-08-31 00:00:00 - horizon 180
2026-08-19 21:47:30,606 - WARNING - Not enough data to backtest for date 2016-09-01 00:00:00 - horizon 180
2026-08-19 21:47:30,606 - WARNING - Not enough data to backtest for date 2016-09-02 00:00:00 - horizon 180
2026-08-19 21:47:30,606 - WARNING - Not enough data to backtest for date 2016-09-05 00:00:00 - horizon 180
2026-08-19 21:47:30,606 - WARNING - Not enough data to backtest for date 2016-09-06 00:00:00 - horizon 180
2026-08-19 21:47:30,606 - WARNING - Not enough data to backtest for date 2016-09-07 00:00:00 - horizon 180
2026-08-19 21:47:30,606 - WARNING - Not enough data to backtest for date 2016-09-08 00:00:00 - horizon 180
2026-08-19 21:47:30,606 - WARNING - Not enough data to backtest for date 2016-09-09 00:00:00 - horizon 180
2026-08-19 21:47:30,606 - WARNING - Not enough data to backtest for date 2016-09-12 00:00:00 - horizon 180
2026-08-19 21:47:30,606 - WARNING - Not enough data to backtest for date 2016-09-13 00:00:00 - horizon 180
2026-08-19 21:47:30,606 - WARNING - Not enough data to backtest for date 2016-09-14 00:00:00 - horizon 180
2026-08-19 21:47:30,606 - WARNING - Not enough data to backtest for date 2016-09-15 00:00:00 - horizon 180
2026-08-19 21:47:30,606 - WARNING - Not enough data to backtest for date 2016-09-16 00:00:00 - horizon 180
2026-08-19 21:47:30,606 - WARNING - Not enough data to backtest for date 2016-09-19 00:00:00 - horizon 180
2026-08-19 21:47:30,606 - WARNING - Not enough data to backtest for date 2016-09-20 00:00:00 - horizon 180
2026-08-19 21:47:30,606 - WARNING - Not enough data to backtest for date 2016-09-21 00:00:00 - horizon 180
2026-08-19 21:47:30,606 - WARNING - Not enough data to backtest for date 2016-09-22 00:00:00 - horizon 180
2026-08-19 21:47:30,606 - WARNING - Not enough data to backtest for date 2016-09-23 00:00:00 - horizon 180
2026-08-19 21:47:30,606 - WARNING - Not enough data to backtest for date 2016-09-26 00:00:00 - horizon 180
2026-08-19 21:47:30,606 - WARNING - Not enough data to backtest for date 2016-09-27 00:00:00 - horizon 180
2026-08-19 21:47:30,606 - WARNING - Not enough data to backtest for date 2016-09-28 00:00:00 - horizon 180
2026-08-19 21:47:30,606 - WARNING - Not enough data to backtest for date 2016-09-29 00:00:00 - horizon 180
2026-08-19 21:47:30,606 - WARNING - Not enough data to backtest for date 2016-09-30 00:00:00 - horizon 180
2026-08-19 21:47:30,606 - WARNING - Not enough data to backtest for date 2016-10-03 00:00:00 - horizon 180
2026-08-19 21:47:30,606 - WARNING - Not enough data to backtest for date 2016-10-04 00:00:00 - horizon 180
2026-08-19 21:47:30,606 - WARNING - Not enough data to backtest for date 2016-10-05 00:00:00 - horizon 180
2026-08-19 21:47:30,606 - WARNING - Not enough data to backtest for date 2016-10-06 00:00:00 - horizon 180
2026-08-19 21:47:30,606 - WARNING - Not enough data to backtest for date 2016-10-07 00:00:00 - horizon 180
2026-08-19 21:47:30,606 - WARNING - Not enough data to backtest for date 2016-10-10 00:00:00 - horizon 180
2026-08-19 21:47:30,606 - WARNING - Not enough data to backtest for date 2016-10-11 00:00:00 - horizon 180
2026-08-19 21:47:30,606 - WARNING - Not enough data to backtest for date 2016-10-12 00:00:00 - horizon 180
2026-08-19 21:47:30,606 - WARNING - Not enough data to backtest for date 2016-10-13 00:00:00 - horizon 180
2026-08-19 21:47:30,606 - WARNING - Not enough data to backtest for date 2016-10-14 00:00:00 - horizon 180
2026-08-19 21:47:30,606 - WARNING - Not enough data to backtest for date 2016-10-17 00:00:00 - horizon 180
2026-08-19 21:47:30,606 - WARNING - Not enough data to backtest for date 2016-10-18 00:00:00 - horizon 180
2026-08-19 21:47:30,606 - WARNING - Not enough data to backtest for date 2016-10-19 00:00:00 - horizon 180
2026-08-19 21:47:30,606 - WARNING - Not enough data to backtest for date 2016-10-20 00:00:00 - horizon 180
2026-08-19 21:47:30,606 - WARNING - Not enough data to backtest for date 2016-10-21 00:00:00 - horizon 180
2026-08-19 21:47:30,606 - WARNING - Not enough data to backtest for date 2016-10-24 00:00:00 - horizon 180
2026-08-19 21:47:30,606 - WARNING - Not enough data to backtest for date 2016-10-25 00:00:00 - horizon 180
2026-08-19 21:47:30,606 - WARNING - Not enough data to backtest for date 2016-10-26 00:00:00 - horizon 180
2026-08-19 21:47:30,606 - WARNING - Not enough data to backtest for date 2016-10-27 00:00:00 - horizon 180
2026-08-19 21:47:30,606 - WARNING - Not enough data to backtest for date 2016-10-28 00:00:00 - horizon 180
2026-08-19 21:47:30,606 - WARNING - Not enough data to backtest for date 2016-10-31 00:00:00 - horizon 180
2026-08-19 21:47:30,606 - WARNING - Not enough data to backtest for date 2016-11-01 00:00:00 - horizon 180
2026-08-19 21:47:30,606 - WARNING - Not enough data to backtest for date 2016-11-02 00:00:00 - horizon 180
2026-08-19 21:47:30,606 - WARNING - Not enough data to backtest for date 2016-11-03 00:00:00 - horizon 180
2026-08-19 21:47:30,606 - WARNING - Not enough data to backtest for date 2016-11-04 00:00:00 - horizon 180
2026-08-19 21:47:30,606 - WARNING - Not enough data to backtest for date 2016-11-07 00:00:00 - horizon 180
2026-08-19 21:47:30,606 - WARNING - Not enough data to backtest for date 2016-11-08 00:00:00 - horizon 180
2026-08-19 21:47:30,606 - WARNING - Not enough data to backtest for date 2016-11-09 00:00:00 - horizon 180
2026-08-19 21:47:30,606 - WARNING - Not enough data to backtest for date 2016-11-10 00:00:00 - horizon 180
2026-08-19 21:47:30,606 - WARNING - Not enough data to backtest for date 2016-11-11 00:00:00 - horizon 180
2026-08-19 21:47:30,606 - WARNING - Not enough data to backtest for date 2016-11-14 00:00:00 - horizon 180
2026-08-19 21:47:30,606 - WARNING - Not enough data to backtest for date 2016-11-15 00:00:00 - horizon 180
2026-08-19 21:47:30,606 - WARNING - Not enough data to backtest for date 2016-11-16 00:00:00 - horizon 180
2026-08-19 21:47:30,606 - WARNING - Not enough data to backtest for date 2016-11-17 00:00:00 - horizon 180
2026-08-19 21:47:30,606 - WARNING - Not enough data to backtest for date 2016-11-18 00:00:00 - horizon 180
2026-08-19 21:47:30,606 - WARNING - Not enough data to backtest for date 2016-11-21 00:00:00 - horizon 180
2026-08-19 21:47:30,606 - WARNING - Not enough data to backtest for date 2016-11-22 00:00:00 - horizon 180
2026-08-19 21:47:30,606 - WARNING - Not enough data to backtest for date 2016-11-23 00:00:00 - horizon 180
2026-08-19 21:47:30,606 - WARNING - Not enough data to backtest for date 2016-11-24 00:00:00 - horizon 180
2026-08-19 21:47:30,606 - WARNING - Not enough data to backtest for date 2016-11-25 00:00:00 - horizon 180
2026-08-19 21:47:30,606 - WARNING - Not enough data to backtest for date 2016-11-28 00:00:00 - horizon 180
2026-08-19 21:47:30,606 - WARNING - Not enough data to backtest for date 2016-11-29 00:00:00 - horizon 180
2026-08-19 21:47:30,606 - WARNING - Not enough data to backtest for date 2016-11-30 00:00:00 - horizon 180
2026-08-19 21:47:30,606 - WARNING - Not enough data to backtest for date 2016-12-01 00:00:00 - horizon 180
2026-08-19 21:47:30,606 - WARNING - Not enough data to backtest for date 2016-12-02 00:00:00 - horizon 180
2026-08-19 21:47:30,606 - WARNING - Not enough data to backtest for date 2016-12-05 00:00:00 - horizon 180
2026-08-19 21:47:30,606 - WARNING - Not enough data to backtest for date 2016-12-06 00:00:00 - horizon 180
2026-08-19 21:47:30,606 - WARNING - Not enough data to backtest for date 2016-12-07 00:00:00 - horizon 180
2026-08-19 21:47:30,606 - WARNING - Not enough data to backtest for date 2016-12-08 00:00:00 - horizon 180
2026-08-19 21:47:31,959 - WARNING - Not enough data to backtest for date 2016-04-01 00:00:00 - horizon 365
2026-08-19 21:47:31,960 - WARNING - Not enough data to backtest for date 2016-04-04 00:00:00 - horizon 365
2026-08-19 21:47:31,960 - WARNING - Not enough data to backtest for date 2016-04-05 00:00:00 - horizon 365
2026-08-19 21:47:31,960 - WARNING - Not enough data to backtest for date 2016-04-06 00:00:00 - horizon 365
2026-08-19 21:47:31,960 - WARNING - Not enough data to backtest for date 2016-04-07 00:00:00 - horizon 365
2026-08-19 21:47:31,960 - WARNING - Not enough data to backtest for date 2016-04-08 00:00:00 - horizon 365
2026-08-19 21:47:31,960 - WARNING - Not enough data to backtest for date 2016-04-11 00:00:00 - horizon 365
2026-08-19 21:47:31,960 - WARNING - Not enough data to backtest for date 2016-04-12 00:00:00 - horizon 365
2026-08-19 21:47:31,960 - WARNING - Not enough data to backtest for date 2016-04-13 00:00:00 - horizon 365
2026-08-19 21:47:31,960 - WARNING - Not enough data to backtest for date 2016-04-14 00:00:00 - horizon 365
2026-08-19 21:47:31,960 - WARNING - Not enough data to backtest for date 2016-04-15 00:00:00 - horizon 365
2026-08-19 21:47:31,960 - WARNING - Not enough data to backtest for date 2016-04-18 00:00:00 - horizon 365
2026-08-19 21:47:31,960 - WARNING - Not enough data to backtest for date 2016-04-19 00:00:00 - horizon 365
2026-08-19 21:47:31,960 - WARNING - Not enough data to backtest for date 2016-04-20 00:00:00 - horizon 365
2026-08-19 21:47:31,960 - WARNING - Not enough data to backtest for date 2016-04-21 00:00:00 - horizon 365
2026-08-19 21:47:31,960 - WARNING - Not enough data to backtest for date 2016-04-22 00:00:00 - horizon 365
2026-08-19 21:47:31,960 - WARNING - Not enough data to backtest for date 2016-04-25 00:00:00 - horizon 365
2026-08-19 21:47:31,960 - WARNING - Not enough data to backtest for date 2016-04-26 00:00:00 - horizon 365
2026-08-19 21:47:31,960 - WARNING - Not enough data to backtest for date 2016-04-27 00:00:00 - horizon 365
2026-08-19 21:47:31,960 - WARNING - Not enough data to backtest for date 2016-04-28 00:00:00 - horizon 365
2026-08-19 21:47:31,960 - WARNING - Not enough data to backtest for date 2016-04-29 00:00:00 - horizon 365
2026-08-19 21:47:31,960 - WARNING - Not enough data to backtest for date 2016-05-02 00:00:00 - horizon 365
2026-08-19 21:47:31,960 - WARNING - Not enough data to backtest for date 2016-05-03 00:00:00 - horizon 365
2026-08-19 21:47:31,960 - WARNING - Not enough data to backtest for date 2016-05-04 00:00:00 - horizon 365
2026-08-19 21:47:31,960 - WARNING - Not enough data to backtest for date 2016-05-05 00:00:00 - horizon 365
2026-08-19 21:47:31,960 - WARNING - Not enough data to backtest for date 2016-05-06 00:00:00 - horizon 365
2026-08-19 21:47:31,960 - WARNING - Not enough data to backtest for date 2016-05-09 00:00:00 - horizon 365
2026-08-19 21:47:31,960 - WARNING - Not enough data to backtest for date 2016-05-10 00:00:00 - horizon 365
2026-08-19 21:47:31,960 - WARNING - Not enough data to backtest for date 2016-05-11 00:00:00 - horizon 365
2026-08-19 21:47:31,960 - WARNING - Not enough data to backtest for date 2016-05-12 00:00:00 - horizon 365
2026-08-19 21:47:31,960 - WARNING - Not enough data to backtest for date 2016-05-13 00:00:00 - horizon 365
2026-08-19 21:47:31,960 - WARNING - Not enough data to backtest for date 2016-05-16 00:00:00 - horizon 365
2026-08-19 21:47:31,960 - WARNING - Not enough data to backtest for date 2016-05-17 00:00:00 - horizon 365
2026-08-19 21:47:31,960 - WARNING - Not enough data to backtest for date 2016-05-18 00:00:00 - horizon 365
2026-08-19 21:47:31,960 - WARNING - Not enough data to backtest for date 2016-05-19 00:00:00 - horizon 365
2026-08-19 21:47:31,960 - WARNING - Not enough data to backtest for date 2016-05-20 00:00:00 - horizon 365
2026-08-19 21:47:31,960 - WARNING - Not enough data to backtest for date 2016-05-23 00:00:00 - horizon 365
2026-08-19 21:47:31,960 - WARNING - Not enough data to backtest for date 2016-05-24 00:00:00 - horizon 365
2026-08-19 21:47:31,960 - WARNING - Not enough data to backtest for date 2016-05-25 00:00:00 - horizon 365
2026-08-19 21:47:31,960 - WARNING - Not enough data to backtest for date 2016-05-26 00:00:00 - horizon 365
2026-08-19 21:47:31,960 - WARNING - Not enough data to backtest for date 2016-05-27 00:00:00 - horizon 365
2026-08-19 21:47:31,960 - WARNING - Not enough data to backtest for date 2016-05-30 00:00:00 - horizon 365
2026-08-19 21:47:31,960 - WARNING - Not enough data to backtest for date 2016-05-31 00:00:00 - horizon 365
2026-08-19 21:47:31,960 - WARNING - Not enough data to backtest for date 2016-06-01 00:00:00 - horizon 365
2026-08-19 21:47:31,960 - WARNING - Not enough data to backtest for date 2016-06-02 00:00:00 - horizon 365
2026-08-19 21:47:31,960 - WARNING - Not enough data to backtest for date 2016-06-03 00:00:00 - horizon 365
2026-08-19 21:47:31,960 - WARNING - Not enough data to backtest for date 2016-06-06 00:00:00 - horizon 365
2026-08-19 21:47:31,960 - WARNING - Not enough data to backtest for date 2016-06-07 00:00:00 - horizon 365
2026-08-19 21:47:31,960 - WARNING - Not enough data to backtest for date 2016-06-08 00:00:00 - horizon 365
2026-08-19 21:47:31,960 - WARNING - Not enough data to backtest for date 2016-06-09 00:00:00 - horizon 365
2026-08-19 21:47:31,960 - WARNING - Not enough data to backtest for date 2016-06-10 00:00:00 - horizon 365
2026-08-19 21:47:31,960 - WARNING - Not enough data to backtest for date 2016-06-13 00:00:00 - horizon 365
2026-08-19 21:47:31,960 - WARNING - Not enough data to backtest for date 2016-06-14 00:00:00 - horizon 365
2026-08-19 21:47:31,960 - WARNING - Not enough data to backtest for date 2016-06-15 00:00:00 - horizon 365
2026-08-19 21:47:31,960 - WARNING - Not enough data to backtest for date 2016-06-16 00:00:00 - horizon 365
2026-08-19 21:47:31,960 - WARNING - Not enough data to backtest for date 2016-06-17 00:00:00 - horizon 365
2026-08-19 21:47:31,960 - WARNING - Not enough data to backtest for date 2016-06-20 00:00:00 - horizon 365
2026-08-19 21:47:31,960 - WARNING - Not enough data to backtest for date 2016-06-21 00:00:00 - horizon 365
2026-08-19 21:47:31,960 - WARNING - Not enough data to backtest for date 2016-06-22 00:00:00 - horizon 365
2026-08-19 21:47:31,960 - WARNING - Not enough data to backtest for date 2016-06-23 00:00:00 - horizon 365
2026-08-19 21:47:31,960 - WARNING - Not enough data to backtest for date 2016-06-24 00:00:00 - horizon 365
2026-08-19 21:47:31,960 - WARNING - Not enough data to backtest for date 2016-06-27 00:00:00 - horizon 365
2026-08-19 21:47:31,960 - WARNING - Not enough data to backtest for date 2016-06-28 00:00:00 - horizon 365
2026-08-19 21:47:31,960 - WARNING - Not enough data to backtest for date 2016-06-29 00:00:00 - horizon 365
2026-08-19 21:47:31,960 - WARNING - Not enough data to backtest for date 2016-06-30 00:00:00 - horizon 365
2026-08-19 21:47:31,960 - WARNING - Not enough data to backtest for date 2016-07-01 00:00:00 - horizon 365
2026-08-19 21:47:31,960 - WARNING - Not enough data to backtest for date 2016-07-04 00:00:00 - horizon 365
2026-08-19 21:47:31,961 - WARNING - Not enough data to backtest for date 2016-07-05 00:00:00 - horizon 365
2026-08-19 21:47:31,961 - WARNING - Not enough data to backtest for date 2016-07-06 00:00:00 - horizon 365
2026-08-19 21:47:31,961 - WARNING - Not enough data to backtest for date 2016-07-07 00:00:00 - horizon 365
2026-08-19 21:47:31,961 - WARNING - Not enough data to backtest for date 2016-07-08 00:00:00 - horizon 365
2026-08-19 21:47:31,961 - WARNING - Not enough data to backtest for date 2016-07-11 00:00:00 - horizon 365
2026-08-19 21:47:31,961 - WARNING - Not enough data to backtest for date 2016-07-12 00:00:00 - horizon 365
2026-08-19 21:47:31,961 - WARNING - Not enough data to backtest for date 2016-07-13 00:00:00 - horizon 365
2026-08-19 21:47:31,961 - WARNING - Not enough data to backtest for date 2016-07-14 00:00:00 - horizon 365
2026-08-19 21:47:31,961 - WARNING - Not enough data to backtest for date 2016-07-15 00:00:00 - horizon 365
2026-08-19 21:47:31,961 - WARNING - Not enough data to backtest for date 2016-07-18 00:00:00 - horizon 365
2026-08-19 21:47:31,961 - WARNING - Not enough data to backtest for date 2016-07-19 00:00:00 - horizon 365
2026-08-19 21:47:31,961 - WARNING - Not enough data to backtest for date 2016-07-20 00:00:00 - horizon 365
2026-08-19 21:47:31,961 - WARNING - Not enough data to backtest for date 2016-07-21 00:00:00 - horizon 365
2026-08-19 21:47:31,961 - WARNING - Not enough data to backtest for date 2016-07-22 00:00:00 - horizon 365
2026-08-19 21:47:31,961 - WARNING - Not enough data to backtest for date 2016-07-25 00:00:00 - horizon 365
2026-08-19 21:47:31,961 - WARNING - Not enough data to backtest for date 2016-07-26 00:00:00 - horizon 365
2026-08-19 21:47:31,961 - WARNING - Not enough data to backtest for date 2016-07-27 00:00:00 - horizon 365
2026-08-19 21:47:31,961 - WARNING - Not enough data to backtest for date 2016-07-28 00:00:00 - horizon 365
2026-08-19 21:47:31,961 - WARNING - Not enough data to backtest for date 2016-07-29 00:00:00 - horizon 365
2026-08-19 21:47:31,961 - WARNING - Not enough data to backtest for date 2016-08-01 00:00:00 - horizon 365
2026-08-19 21:47:31,961 - WARNING - Not enough data to backtest for date 2016-08-02 00:00:00 - horizon 365
2026-08-19 21:47:31,961 - WARNING - Not enough data to backtest for date 2016-08-03 00:00:00 - horizon 365
2026-08-19 21:47:31,961 - WARNING - Not enough data to backtest for date 2016-08-04 00:00:00 - horizon 365
2026-08-19 21:47:31,961 - WARNING - Not enough data to backtest for date 2016-08-05 00:00:00 - horizon 365
2026-08-19 21:47:31,961 - WARNING - Not enough data to backtest for date 2016-08-08 00:00:00 - horizon 365
2026-08-19 21:47:31,961 - WARNING - Not enough data to backtest for date 2016-08-09 00:00:00 - horizon 365
2026-08-19 21:47:31,961 - WARNING - Not enough data to backtest for date 2016-08-10 00:00:00 - horizon 365
2026-08-19 21:47:31,961 - WARNING - Not enough data to backtest for date 2016-08-11 00:00:00 - horizon 365
2026-08-19 21:47:31,961 - WARNING - Not enough data to backtest for date 2016-08-12 00:00:00 - horizon 365
2026-08-19 21:47:31,961 - WARNING - Not enough data to backtest for date 2016-08-15 00:00:00 - horizon 365
2026-08-19 21:47:31,961 - WARNING - Not enough data to backtest for date 2016-08-16 00:00:00 - horizon 365
2026-08-19 21:47:31,961 - WARNING - Not enough data to backtest for date 2016-08-17 00:00:00 - horizon 365
2026-08-19 21:47:31,961 - WARNING - Not enough data to backtest for date 2016-08-18 00:00:00 - horizon 365
2026-08-19 21:47:31,961 - WARNING - Not enough data to backtest for date 2016-08-19 00:00:00 - horizon 365
2026-08-19 21:47:31,961 - WARNING - Not enough data to backtest for date 2016-08-22 00:00:00 - horizon 365
2026-08-19 21:47:31,961 - WARNING - Not enough data to backtest for date 2016-08-23 00:00:00 - horizon 365
2026-08-19 21:47:31,961 - WARNING - Not enough data to backtest for date 2016-08-24 00:00:00 - horizon 365
2026-08-19 21:47:31,961 - WARNING - Not enough data to backtest for date 2016-08-25 00:00:00 - horizon 365
2026-08-19 21:47:31,961 - WARNING - Not enough data to backtest for date 2016-08-26 00:00:00 - horizon 365
2026-08-19 21:47:31,961 - WARNING - Not enough data to backtest for date 2016-08-29 00:00:00 - horizon 365
2026-08-19 21:47:31,961 - WARNING - Not enough data to backtest for date 2016-08-30 00:00:00 - horizon 365
2026-08-19 21:47:31,961 - WARNING - Not enough data to backtest for date 2016-08-31 00:00:00 - horizon 365
2026-08-19 21:47:31,961 - WARNING - Not enough data to backtest for date 2016-09-01 00:00:00 - horizon 365
2026-08-19 21:47:31,961 - WARNING - Not enough data to backtest for date 2016-09-02 00:00:00 - horizon 365
2026-08-19 21:47:31,961 - WARNING - Not enough data to backtest for date 2016-09-05 00:00:00 - horizon 365
2026-08-19 21:47:31,961 - WARNING - Not enough data to backtest for date 2016-09-06 00:00:00 - horizon 365
2026-08-19 21:47:31,961 - WARNING - Not enough data to backtest for date 2016-09-07 00:00:00 - horizon 365
2026-08-19 21:47:31,961 - WARNING - Not enough data to backtest for date 2016-09-08 00:00:00 - horizon 365
2026-08-19 21:47:31,961 - WARNING - Not enough data to backtest for date 2016-09-09 00:00:00 - horizon 365
2026-08-19 21:47:31,961 - WARNING - Not enough data to backtest for date 2016-09-12 00:00:00 - horizon 365
2026-08-19 21:47:31,961 - WARNING - Not enough data to backtest for date 2016-09-13 00:00:00 - horizon 365
2026-08-19 21:47:31,961 - WARNING - Not enough data to backtest for date 2016-09-14 00:00:00 - horizon 365
2026-08-19 21:47:31,961 - WARNING - Not enough data to backtest for date 2016-09-15 00:00:00 - horizon 365
2026-08-19 21:47:31,961 - WARNING - Not enough data to backtest for date 2016-09-16 00:00:00 - horizon 365
2026-08-19 21:47:31,961 - WARNING - Not enough data to backtest for date 2016-09-19 00:00:00 - horizon 365
2026-08-19 21:47:31,961 - WARNING - Not enough data to backtest for date 2016-09-20 00:00:00 - horizon 365
2026-08-19 21:47:31,961 - WARNING - Not enough data to backtest for date 2016-09-21 00:00:00 - horizon 365
2026-08-19 21:47:31,961 - WARNING - Not enough data to backtest for date 2016-09-22 00:00:00 - horizon 365
2026-08-19 21:47:31,961 - WARNING - Not enough data to backtest for date 2016-09-23 00:00:00 - horizon 365
2026-08-19 21:47:31,961 - WARNING - Not enough data to backtest for date 2016-09-26 00:00:00 - horizon 365
2026-08-19 21:47:31,961 - WARNING - Not enough data to backtest for date 2016-09-27 00:00:00 - horizon 365
2026-08-19 21:47:31,961 - WARNING - Not enough data to backtest for date 2016-09-28 00:00:00 - horizon 365
2026-08-19 21:47:31,961 - WARNING - Not enough data to backtest for date 2016-09-29 00:00:00 - horizon 365
2026-08-19 21:47:31,961 - WARNING - Not enough data to backtest for date 2016-09-30 00:00:00 - horizon 365
2026-08-19 21:47:31,961 - WARNING - Not enough data to backtest for date 2016-10-03 00:00:00 - horizon 365
2026-08-19 21:47:31,961 - WARNING - Not enough data to backtest for date 2016-10-04 00:00:00 - horizon 365
2026-08-19 21:47:31,961 - WARNING - Not enough data to backtest for date 2016-10-05 00:00:00 - horizon 365
2026-08-19 21:47:31,961 - WARNING - Not enough data to backtest for date 2016-10-06 00:00:00 - horizon 365
2026-08-19 21:47:31,961 - WARNING - Not enough data to backtest for date 2016-10-07 00:00:00 - horizon 365
2026-08-19 21:47:31,961 - WARNING - Not enough data to backtest for date 2016-10-10 00:00:00 - horizon 365
2026-08-19 21:47:31,961 - WARNING - Not enough data to backtest for date 2016-10-11 00:00:00 - horizon 365
2026-08-19 21:47:31,961 - WARNING - Not enough data to backtest for date 2016-10-12 00:00:00 - horizon 365
2026-08-19 21:47:31,961 - WARNING - Not enough data to backtest for date 2016-10-13 00:00:00 - horizon 365
2026-08-19 21:47:31,961 - WARNING - Not enough data to backtest for date 2016-10-14 00:00:00 - horizon 365
2026-08-19 21:47:31,961 - WARNING - Not enough data to backtest for date 2016-10-17 00:00:00 - horizon 365
2026-08-19 21:47:31,961 - WARNING - Not enough data to backtest for date 2016-10-18 00:00:00 - horizon 365
2026-08-19 21:47:31,961 - WARNING - Not enough data to backtest for date 2016-10-19 00:00:00 - horizon 365
2026-08-19 21:47:31,961 - WARNING - Not enough data to backtest for date 2016-10-20 00:00:00 - horizon 365
2026-08-19 21:47:31,961 - WARNING - Not enough data to backtest for date 2016-10-21 00:00:00 - horizon 365
2026-08-19 21:47:31,961 - WARNING - Not enough data to backtest for date 2016-10-24 00:00:00 - horizon 365
2026-08-19 21:47:31,961 - WARNING - Not enough data to backtest for date 2016-10-25 00:00:00 - horizon 365
2026-08-19 21:47:31,961 - WARNING - Not enough data to backtest for date 2016-10-26 00:00:00 - horizon 365
2026-08-19 21:47:31,961 - WARNING - Not enough data to backtest for date 2016-10-27 00:00:00 - horizon 365
2026-08-19 21:47:31,961 - WARNING - Not enough data to backtest for date 2016-10-28 00:00:00 - horizon 365
2026-08-19 21:47:31,961 - WARNING - Not enough data to backtest for date 2016-10-31 00:00:00 - horizon 365
2026-08-19 21:47:31,961 - WARNING - Not enough data to backtest for date 2016-11-01 00:00:00 - horizon 365
2026-08-19 21:47:31,962 - WARNING - Not enough data to backtest for date 2016-11-02 00:00:00 - horizon 365
2026-08-19 21:47:31,962 - WARNING - Not enough data to backtest for date 2016-11-03 00:00:00 - horizon 365
2026-08-19 21:47:31,962 - WARNING - Not enough data to backtest for date 2016-11-04 00:00:00 - horizon 365
2026-08-19 21:47:31,962 - WARNING - Not enough data to backtest for date 2016-11-07 00:00:00 - horizon 365
2026-08-19 21:47:31,962 - WARNING - Not enough data to backtest for date 2016-11-08 00:00:00 - horizon 365
2026-08-19 21:47:31,962 - WARNING - Not enough data to backtest for date 2016-11-09 00:00:00 - horizon 365
2026-08-19 21:47:31,962 - WARNING - Not enough data to backtest for date 2016-11-10 00:00:00 - horizon 365
2026-08-19 21:47:31,962 - WARNING - Not enough data to backtest for date 2016-11-11 00:00:00 - horizon 365
2026-08-19 21:47:31,962 - WARNING - Not enough data to backtest for date 2016-11-14 00:00:00 - horizon 365
2026-08-19 21:47:31,962 - WARNING - Not enough data to backtest for date 2016-11-15 00:00:00 - horizon 365
2026-08-19 21:47:31,962 - WARNING - Not enough data to backtest for date 2016-11-16 00:00:00 - horizon 365
2026-08-19 21:47:31,962 - WARNING - Not enough data to backtest for date 2016-11-17 00:00:00 - horizon 365
2026-08-19 21:47:31,962 - WARNING - Not enough data to backtest for date 2016-11-18 00:00:00 - horizon 365
2026-08-19 21:47:31,962 - WARNING - Not enough data to backtest for date 2016-11-21 00:00:00 - horizon 365
2026-08-19 21:47:31,962 - WARNING - Not enough data to backtest for date 2016-11-22 00:00:00 - horizon 365
2026-08-19 21:47:31,962 - WARNING - Not enough data to backtest for date 2016-11-23 00:00:00 - horizon 365
2026-08-19 21:47:31,962 - WARNING - Not enough data to backtest for date 2016-11-24 00:00:00 - horizon 365
2026-08-19 21:47:31,962 - WARNING - Not enough data to backtest for date 2016-11-25 00:00:00 - horizon 365
2026-08-19 21:47:31,962 - WARNING - Not enough data to backtest for date 2016-11-28 00:00:00 - horizon 365
2026-08-19 21:47:31,962 - WARNING - Not enough data to backtest for date 2016-11-29 00:00:00 - horizon 365
2026-08-19 21:47:31,962 - WARNING - Not enough data to backtest for date 2016-11-30 00:00:00 - horizon 365
2026-08-19 21:47:31,962 - WARNING - Not enough data to backtest for date 2016-12-01 00:00:00 - horizon 365
2026-08-19 21:47:31,962 - WARNING - Not enough data to backtest for date 2016-12-02 00:00:00 - horizon 365
2026-08-19 21:47:31,962 - WARNING - Not enough data to backtest for date 2016-12-05 00:00:00 - horizon 365
2026-08-19 21:47:31,962 - WARNING - Not enough data to backtest for date 2016-12-06 00:00:00 - horizon 365
2026-08-19 21:47:31,962 - WARNING - Not enough data to backtest for date 2016-12-07 00:00:00 - horizon 365
2026-08-19 21:47:31,962 - WARNING - Not enough data to backtest for date 2016-12-08 00:00:00 - horizon 365
2026-08-19 21:47:31,962 - WARNING - Not enough data to backtest for date 2016-12-09 00:00:00 - horizon 365
2026-08-19 21:47:31,962 - WARNING - Not enough data to backtest for date 2016-12-12 00:00:00 - horizon 365
2026-08-19 21:47:31,962 - WARNING - Not enough data to backtest for date 2016-12-13 00:00:00 - horizon 365
2026-08-19 21:47:31,962 - WARNING - Not enough data to backtest for date 2016-12-14 00:00:00 - horizon 365
2026-08-19 21:47:31,962 - WARNING - Not enough data to backtest for date 2016-12-15 00:00:00 - horizon 365
2026-08-19 21:47:31,962 - WARNING - Not enough data to backtest for date 2016-12-16 00:00:00 - horizon 365
2026-08-19 21:47:31,962 - WARNING - Not enough data to backtest for date 2016-12-19 00:00:00 - horizon 365
2026-08-19 21:47:31,962 - WARNING - Not enough data to backtest for date 2016-12-20 00:00:00 - horizon 365
2026-08-19 21:47:31,962 - WARNING - Not enough data to backtest for date 2016-12-21 00:00:00 - horizon 365
2026-08-19 21:47:31,962 - WARNING - Not enough data to backtest for date 2016-12-22 00:00:00 - horizon 365
2026-08-19 21:47:31,962 - WARNING - Not enough data to backtest for date 2016-12-23 00:00:00 - horizon 365
2026-08-19 21:47:31,962 - WARNING - Not enough data to backtest for date 2016-12-26 00:00:00 - horizon 365
2026-08-19 21:47:31,962 - WARNING - Not enough data to backtest for date 2016-12-27 00:00:00 - horizon 365
2026-08-19 21:47:31,962 - WARNING - Not enough data to backtest for date 2016-12-28 00:00:00 - horizon 365
2026-08-19 21:47:31,962 - WARNING - Not enough data to backtest for date 2016-12-29 00:00:00 - horizon 365
2026-08-19 21:47:31,962 - WARNING - Not enough data to backtest for date 2016-12-30 00:00:00 - horizon 365
2026-08-19 21:47:31,962 - WARNING - Not enough data to backtest for date 2017-01-02 00:00:00 - horizon 365
2026-08-19 21:47:31,962 - WARNING - Not enough data to backtest for date 2017-01-03 00:00:00 - horizon 365
2026-08-19 21:47:31,962 - WARNING - Not enough data to backtest for date 2017-01-04 00:00:00 - horizon 365
2026-08-19 21:47:31,962 - WARNING - Not enough data to backtest for date 2017-01-05 00:00:00 - horizon 365
2026-08-19 21:47:31,962 - WARNING - Not enough data to backtest for date 2017-01-06 00:00:00 - horizon 365
2026-08-19 21:47:31,962 - WARNING - Not enough data to backtest for date 2017-01-09 00:00:00 - horizon 365
2026-08-19 21:47:31,962 - WARNING - Not enough data to backtest for date 2017-01-10 00:00:00 - horizon 365
2026-08-19 21:47:31,962 - WARNING - Not enough data to backtest for date 2017-01-11 00:00:00 - horizon 365
2026-08-19 21:47:31,962 - WARNING - Not enough data to backtest for date 2017-01-12 00:00:00 - horizon 365
2026-08-19 21:47:31,962 - WARNING - Not enough data to backtest for date 2017-01-13 00:00:00 - horizon 365
2026-08-19 21:47:31,962 - WARNING - Not enough data to backtest for date 2017-01-16 00:00:00 - horizon 365
2026-08-19 21:47:31,962 - WARNING - Not enough data to backtest for date 2017-01-17 00:00:00 - horizon 365
2026-08-19 21:47:31,962 - WARNING - Not enough data to backtest for date 2017-01-18 00:00:00 - horizon 365
2026-08-19 21:47:31,962 - WARNING - Not enough data to backtest for date 2017-01-19 00:00:00 - horizon 365
2026-08-19 21:47:31,962 - WARNING - Not enough data to backtest for date 2017-01-20 00:00:00 - horizon 365
2026-08-19 21:47:31,962 - WARNING - Not enough data to backtest for date 2017-01-23 00:00:00 - horizon 365
2026-08-19 21:47:31,962 - WARNING - Not enough data to backtest for date 2017-01-24 00:00:00 - horizon 365
2026-08-19 21:47:31,962 - WARNING - Not enough data to backtest for date 2017-01-25 00:00:00 - horizon 365
2026-08-19 21:47:31,962 - WARNING - Not enough data to backtest for date 2017-01-26 00:00:00 - horizon 365
2026-08-19 21:47:31,962 - WARNING - Not enough data to backtest for date 2017-01-27 00:00:00 - horizon 365
2026-08-19 21:47:31,962 - WARNING - Not enough data to backtest for date 2017-01-30 00:00:00 - horizon 365
2026-08-19 21:47:31,962 - WARNING - Not enough data to backtest for date 2017-01-31 00:00:00 - horizon 365
2026-08-19 21:47:31,962 - WARNING - Not enough data to backtest for date 2017-02-01 00:00:00 - horizon 365
2026-08-19 21:47:31,962 - WARNING - Not enough data to backtest for date 2017-02-02 00:00:00 - horizon 365
2026-08-19 21:47:31,962 - WARNING - Not enough data to backtest for date 2017-02-03 00:00:00 - horizon 365
2026-08-19 21:47:31,962 - WARNING - Not enough data to backtest for date 2017-02-06 00:00:00 - horizon 365
2026-08-19 21:47:31,962 - WARNING - Not enough data to backtest for date 2017-02-07 00:00:00 - horizon 365
2026-08-19 21:47:31,962 - WARNING - Not enough data to backtest for date 2017-02-08 00:00:00 - horizon 365
2026-08-19 21:47:31,962 - WARNING - Not enough data to backtest for date 2017-02-09 00:00:00 - horizon 365
2026-08-19 21:47:31,962 - WARNING - Not enough data to backtest for date 2017-02-10 00:00:00 - horizon 365
2026-08-19 21:47:31,962 - WARNING - Not enough data to backtest for date 2017-02-13 00:00:00 - horizon 365
2026-08-19 21:47:31,962 - WARNING - Not enough data to backtest for date 2017-02-14 00:00:00 - horizon 365
2026-08-19 21:47:31,962 - WARNING - Not enough data to backtest for date 2017-02-15 00:00:00 - horizon 365
2026-08-19 21:47:31,962 - WARNING - Not enough data to backtest for date 2017-02-16 00:00:00 - horizon 365
2026-08-19 21:47:31,962 - WARNING - Not enough data to backtest for date 2017-02-17 00:00:00 - horizon 365
2026-08-19 21:47:31,962 - WARNING - Not enough data to backtest for date 2017-02-20 00:00:00 - horizon 365
2026-08-19 21:47:31,962 - WARNING - Not enough data to backtest for date 2017-02-21 00:00:00 - horizon 365
2026-08-19 21:47:31,962 - WARNING - Not enough data to backtest for date 2017-02-22 00:00:00 - horizon 365
2026-08-19 21:47:31,962 - WARNING - Not enough data to backtest for date 2017-02-23 00:00:00 - horizon 365
2026-08-19 21:47:31,962 - WARNING - Not enough data to backtest for date 2017-02-24 00:00:00 - horizon 365
2026-08-19 21:47:31,962 - WARNING - Not enough data to backtest for date 2017-02-27 00:00:00 - horizon 365
2026-08-19 21:47:31,962 - WARNING - Not enough data to backtest for date 2017-02-28 00:00:00 - horizon 365
2026-08-19 21:47:31,963 - WARNING - Not enough data to backtest for date 2017-03-01 00:00:00 - horizon 365
2026-08-19 21:47:31,963 - WARNING - Not enough data to backtest for date 2017-03-02 00:00:00 - horizon 365
2026-08-19 21:47:31,963 - WARNING - Not enough data to backtest for date 2017-03-03 00:00:00 - horizon 365
2026-08-19 21:47:31,963 - WARNING - Not enough data to backtest for date 2017-03-06 00:00:00 - horizon 365
2026-08-19 21:47:31,963 - WARNING - Not enough data to backtest for date 2017-03-07 00:00:00 - horizon 365
2026-08-19 21:47:31,963 - WARNING - Not enough data to backtest for date 2017-03-08 00:00:00 - horizon 365
2026-08-19 21:47:31,963 - WARNING - Not enough data to backtest for date 2017-03-09 00:00:00 - horizon 365
2026-08-19 21:47:31,963 - WARNING - Not enough data to backtest for date 2017-03-10 00:00:00 - horizon 365
2026-08-19 21:47:31,963 - WARNING - Not enough data to backtest for date 2017-03-13 00:00:00 - horizon 365
2026-08-19 21:47:31,963 - WARNING - Not enough data to backtest for date 2017-03-14 00:00:00 - horizon 365
2026-08-19 21:47:31,963 - WARNING - Not enough data to backtest for date 2017-03-15 00:00:00 - horizon 365
2026-08-19 21:47:31,963 - WARNING - Not enough data to backtest for date 2017-03-16 00:00:00 - horizon 365
2026-08-19 21:47:31,963 - WARNING - Not enough data to backtest for date 2017-03-17 00:00:00 - horizon 365
2026-08-19 21:47:31,963 - WARNING - Not enough data to backtest for date 2017-03-20 00:00:00 - horizon 365
2026-08-19 21:47:31,963 - WARNING - Not enough data to backtest for date 2017-03-21 00:00:00 - horizon 365
2026-08-19 21:47:31,963 - WARNING - Not enough data to backtest for date 2017-03-22 00:00:00 - horizon 365
2026-08-19 21:47:31,963 - WARNING - Not enough data to backtest for date 2017-03-23 00:00:00 - horizon 365
2026-08-19 21:47:31,963 - WARNING - Not enough data to backtest for date 2017-03-24 00:00:00 - horizon 365
2026-08-19 21:47:31,963 - WARNING - Not enough data to backtest for date 2017-03-27 00:00:00 - horizon 365
2026-08-19 21:47:31,963 - WARNING - Not enough data to backtest for date 2017-03-28 00:00:00 - horizon 365
2026-08-19 21:47:31,963 - WARNING - Not enough data to backtest for date 2017-03-29 00:00:00 - horizon 365
2026-08-19 21:47:31,963 - WARNING - Not enough data to backtest for date 2017-03-30 00:00:00 - horizon 365
2026-08-19 21:47:31,963 - WARNING - Not enough data to backtest for date 2017-03-31 00:00:00 - horizon 365
2026-08-19 21:47:31,963 - WARNING - Not enough data to backtest for date 2017-04-03 00:00:00 - horizon 365
2026-08-19 21:47:31,963 - WARNING - Not enough data to backtest for date 2017-04-04 00:00:00 - horizon 365
2026-08-19 21:47:31,963 - WARNING - Not enough data to backtest for date 2017-04-05 00:00:00 - horizon 365
2026-08-19 21:47:31,963 - WARNING - Not enough data to backtest for date 2017-04-06 00:00:00 - horizon 365
2026-08-19 21:47:31,963 - WARNING - Not enough data to backtest for date 2017-04-07 00:00:00 - horizon 365
2026-08-19 21:47:31,963 - WARNING - Not enough data to backtest for date 2017-04-10 00:00:00 - horizon 365
2026-08-19 21:47:31,963 - WARNING - Not enough data to backtest for date 2017-04-11 00:00:00 - horizon 365
2026-08-19 21:47:31,963 - WARNING - Not enough data to backtest for date 2017-04-12 00:00:00 - horizon 365
2026-08-19 21:47:31,963 - WARNING - Not enough data to backtest for date 2017-04-13 00:00:00 - horizon 365
2026-08-19 21:47:31,963 - WARNING - Not enough data to backtest for date 2017-04-14 00:00:00 - horizon 365
2026-08-19 21:47:31,963 - WARNING - Not enough data to backtest for date 2017-04-17 00:00:00 - horizon 365
2026-08-19 21:47:31,963 - WARNING - Not enough data to backtest for date 2017-04-18 00:00:00 - horizon 365
2026-08-19 21:47:31,963 - WARNING - Not enough data to backtest for date 2017-04-19 00:00:00 - horizon 365
2026-08-19 21:47:31,963 - WARNING - Not enough data to backtest for date 2017-04-20 00:00:00 - horizon 365
2026-08-19 21:47:31,963 - WARNING - Not enough data to backtest for date 2017-04-21 00:00:00 - horizon 365
2026-08-19 21:47:31,963 - WARNING - Not enough data to backtest for date 2017-04-24 00:00:00 - horizon 365
2026-08-19 21:47:31,963 - WARNING - Not enough data to backtest for date 2017-04-25 00:00:00 - horizon 365
2026-08-19 21:47:31,963 - WARNING - Not enough data to backtest for date 2017-04-26 00:00:00 - horizon 365
2026-08-19 21:47:31,963 - WARNING - Not enough data to backtest for date 2017-04-27 00:00:00 - horizon 365
2026-08-19 21:47:31,963 - WARNING - Not enough data to backtest for date 2017-04-28 00:00:00 - horizon 365
2026-08-19 21:47:31,963 - WARNING - Not enough data to backtest for date 2017-05-01 00:00:00 - horizon 365
2026-08-19 21:47:31,963 - WARNING - Not enough data to backtest for date 2017-05-02 00:00:00 - horizon 365
2026-08-19 21:47:31,963 - WARNING - Not enough data to backtest for date 2017-05-03 00:00:00 - horizon 365
2026-08-19 21:47:31,963 - WARNING - Not enough data to backtest for date 2017-05-04 00:00:00 - horizon 365
2026-08-19 21:47:31,963 - WARNING - Not enough data to backtest for date 2017-05-05 00:00:00 - horizon 365
2026-08-19 21:47:31,963 - WARNING - Not enough data to backtest for date 2017-05-08 00:00:00 - horizon 365
2026-08-19 21:47:31,963 - WARNING - Not enough data to backtest for date 2017-05-09 00:00:00 - horizon 365
2026-08-19 21:47:31,963 - WARNING - Not enough data to backtest for date 2017-05-10 00:00:00 - horizon 365
2026-08-19 21:47:31,963 - WARNING - Not enough data to backtest for date 2017-05-11 00:00:00 - horizon 365
2026-08-19 21:47:31,963 - WARNING - Not enough data to backtest for date 2017-05-12 00:00:00 - horizon 365
2026-08-19 21:47:31,963 - WARNING - Not enough data to backtest for date 2017-05-15 00:00:00 - horizon 365
2026-08-19 21:47:31,963 - WARNING - Not enough data to backtest for date 2017-05-16 00:00:00 - horizon 365
2026-08-19 21:47:31,963 - WARNING - Not enough data to backtest for date 2017-05-17 00:00:00 - horizon 365
2026-08-19 21:47:31,963 - WARNING - Not enough data to backtest for date 2017-05-18 00:00:00 - horizon 365
2026-08-19 21:47:31,963 - WARNING - Not enough data to backtest for date 2017-05-19 00:00:00 - horizon 365
2026-08-19 21:47:31,963 - WARNING - Not enough data to backtest for date 2017-05-22 00:00:00 - horizon 365
2026-08-19 21:47:31,963 - WARNING - Not enough data to backtest for date 2017-05-23 00:00:00 - horizon 365
2026-08-19 21:47:31,963 - WARNING - Not enough data to backtest for date 2017-05-24 00:00:00 - horizon 365
2026-08-19 21:47:31,963 - WARNING - Not enough data to backtest for date 2017-05-25 00:00:00 - horizon 365
2026-08-19 21:47:31,963 - WARNING - Not enough data to backtest for date 2017-05-26 00:00:00 - horizon 365
2026-08-19 21:47:31,963 - WARNING - Not enough data to backtest for date 2017-05-29 00:00:00 - horizon 365
2026-08-19 21:47:31,963 - WARNING - Not enough data to backtest for date 2017-05-30 00:00:00 - horizon 365
2026-08-19 21:47:31,963 - WARNING - Not enough data to backtest for date 2017-05-31 00:00:00 - horizon 365
2026-08-19 21:47:31,963 - WARNING - Not enough data to backtest for date 2017-06-01 00:00:00 - horizon 365
2026-08-19 21:47:31,963 - WARNING - Not enough data to backtest for date 2017-06-02 00:00:00 - horizon 365
2026-08-19 21:47:31,963 - WARNING - Not enough data to backtest for date 2017-06-05 00:00:00 - horizon 365
2026-08-19 21:47:31,963 - WARNING - Not enough data to backtest for date 2017-06-06 00:00:00 - horizon 365
2026-08-19 21:47:31,963 - WARNING - Not enough data to backtest for date 2017-06-07 00:00:00 - horizon 365
2026-08-19 21:47:31,963 - WARNING - Not enough data to backtest for date 2017-06-08 00:00:00 - horizon 365
2026-08-19 21:47:31,963 - WARNING - Not enough data to backtest for date 2017-06-09 00:00:00 - horizon 365
2026-08-19 21:47:31,963 - WARNING - Not enough data to backtest for date 2017-06-12 00:00:00 - horizon 365
2026-08-19 21:47:31,963 - WARNING - Not enough data to backtest for date 2017-06-13 00:00:00 - horizon 365
2026-08-19 21:47:31,963 - WARNING - Not enough data to backtest for date 2017-06-14 00:00:00 - horizon 365
2026-08-19 21:47:31,963 - WARNING - Not enough data to backtest for date 2017-06-15 00:00:00 - horizon 365
2026-08-19 21:47:31,963 - WARNING - Not enough data to backtest for date 2017-06-16 00:00:00 - horizon 365
2026-08-19 21:47:31,963 - WARNING - Not enough data to backtest for date 2017-06-19 00:00:00 - horizon 365
2026-08-19 21:47:31,963 - WARNING - Not enough data to backtest for date 2017-06-20 00:00:00 - horizon 365
2026-08-19 21:47:31,963 - WARNING - Not enough data to backtest for date 2017-06-21 00:00:00 - horizon 365
2026-08-19 21:47:31,963 - WARNING - Not enough data to backtest for date 2017-06-22 00:00:00 - horizon 365
2026-08-19 21:47:31,963 - WARNING - Not enough data to backtest for date 2017-06-23 00:00:00 - horizon 365
2026-08-19 21:47:31,963 - WARNING - Not enough data to backtest for date 2017-06-26 00:00:00 - horizon 365
2026-08-19 21:47:31,963 - WARNING - Not enough data to backtest for date 2017-06-27 00:00:00 - horizon 365
2026-08-19 21:47:31,964 - WARNING - Not enough data to backtest for date 2017-06-28 00:00:00 - horizon 365
2026-08-19 21:47:31,964 - WARNING - Not enough data to backtest for date 2017-06-29 00:00:00 - horizon 365
2026-08-19 21:47:31,964 - WARNING - Not enough data to backtest for date 2017-06-30 00:00:00 - horizon 365
2026-08-19 21:47:31,964 - WARNING - Not enough data to backtest for date 2017-07-03 00:00:00 - horizon 365
2026-08-19 21:47:31,964 - WARNING - Not enough data to backtest for date 2017-07-04 00:00:00 - horizon 365
2026-08-19 21:47:31,964 - WARNING - Not enough data to backtest for date 2017-07-05 00:00:00 - horizon 365
2026-08-19 21:47:31,964 - WARNING - Not enough data to backtest for date 2017-07-06 00:00:00 - horizon 365
2026-08-19 21:47:31,964 - WARNING - Not enough data to backtest for date 2017-07-07 00:00:00 - horizon 365
2026-08-19 21:47:31,964 - WARNING - Not enough data to backtest for date 2017-07-10 00:00:00 - horizon 365
2026-08-19 21:47:31,964 - WARNING - Not enough data to backtest for date 2017-07-11 00:00:00 - horizon 365
2026-08-19 21:47:31,964 - WARNING - Not enough data to backtest for date 2017-07-12 00:00:00 - horizon 365
2026-08-19 21:47:31,964 - WARNING - Not enough data to backtest for date 2017-07-13 00:00:00 - horizon 365
2026-08-19 21:47:31,964 - WARNING - Not enough data to backtest for date 2017-07-14 00:00:00 - horizon 365
2026-08-19 21:47:31,964 - WARNING - Not enough data to backtest for date 2017-07-17 00:00:00 - horizon 365
2026-08-19 21:47:31,964 - WARNING - Not enough data to backtest for date 2017-07-18 00:00:00 - horizon 365
2026-08-19 21:47:31,964 - WARNING - Not enough data to backtest for date 2017-07-19 00:00:00 - horizon 365
2026-08-19 21:47:31,964 - WARNING - Not enough data to backtest for date 2017-07-20 00:00:00 - horizon 365
2026-08-19 21:47:31,964 - WARNING - Not enough data to backtest for date 2017-07-21 00:00:00 - horizon 365
2026-08-19 21:47:31,964 - WARNING - Not enough data to backtest for date 2017-07-24 00:00:00 - horizon 365
2026-08-19 21:47:31,964 - WARNING - Not enough data to backtest for date 2017-07-25 00:00:00 - horizon 365
2026-08-19 21:47:31,964 - WARNING - Not enough data to backtest for date 2017-07-26 00:00:00 - horizon 365
2026-08-19 21:47:31,964 - WARNING - Not enough data to backtest for date 2017-07-27 00:00:00 - horizon 365
2026-08-19 21:47:31,964 - WARNING - Not enough data to backtest for date 2017-07-28 00:00:00 - horizon 365
2026-08-19 21:47:31,964 - WARNING - Not enough data to backtest for date 2017-07-31 00:00:00 - horizon 365
2026-08-19 21:47:31,964 - WARNING - Not enough data to backtest for date 2017-08-01 00:00:00 - horizon 365
2026-08-19 21:47:31,964 - WARNING - Not enough data to backtest for date 2017-08-02 00:00:00 - horizon 365
2026-08-19 21:47:31,964 - WARNING - Not enough data to backtest for date 2017-08-03 00:00:00 - horizon 365
2026-08-19 21:47:31,964 - WARNING - Not enough data to backtest for date 2017-08-04 00:00:00 - horizon 365
2026-08-19 21:47:31,964 - WARNING - Not enough data to backtest for date 2017-08-07 00:00:00 - horizon 365
2026-08-19 21:47:31,964 - WARNING - Not enough data to backtest for date 2017-08-08 00:00:00 - horizon 365
2026-08-19 21:47:31,964 - WARNING - Not enough data to backtest for date 2017-08-09 00:00:00 - horizon 365
2026-08-19 21:47:31,964 - WARNING - Not enough data to backtest for date 2017-08-10 00:00:00 - horizon 365
2026-08-19 21:47:31,964 - WARNING - Not enough data to backtest for date 2017-08-11 00:00:00 - horizon 365
2026-08-19 21:47:31,964 - WARNING - Not enough data to backtest for date 2017-08-14 00:00:00 - horizon 365
2026-08-19 21:47:31,964 - WARNING - Not enough data to backtest for date 2017-08-15 00:00:00 - horizon 365
2026-08-19 21:47:31,964 - WARNING - Not enough data to backtest for date 2017-08-16 00:00:00 - horizon 365
2026-08-19 21:47:31,964 - WARNING - Not enough data to backtest for date 2017-08-17 00:00:00 - horizon 365
2026-08-19 21:47:31,964 - WARNING - Not enough data to backtest for date 2017-08-18 00:00:00 - horizon 365
2026-08-19 21:47:31,964 - WARNING - Not enough data to backtest for date 2017-08-21 00:00:00 - horizon 365
2026-08-19 21:47:31,964 - WARNING - Not enough data to backtest for date 2017-08-22 00:00:00 - horizon 365
2026-08-19 21:47:31,964 - WARNING - Not enough data to backtest for date 2017-08-23 00:00:00 - horizon 365
2026-08-19 21:47:31,964 - WARNING - Not enough data to backtest for date 2017-08-24 00:00:00 - horizon 365
2026-08-19 21:47:33,888 - INFO - Successfully saved to /home/victor/Projects/regularized-MAR-vs-LSTM-in-forcasting-IVS/data/result/MAR/regularized_MAR_training_mse.csv with shape (6, 2)
