4.646548815110415620e-01,-9.887511510953017613e-02,-9.847007305405681976e-02,-8.718408192416569891e-02,-6.579777578079909484e-02,-5.664587618989998935e-02,-9.627321038046882107e-02,-1.775474200368213906e-01,-1.128865998464176346e-01,9.297810762121506978e-02,7.801415000758275820e-02,7.327635076056612795e-02,7.074245813055994592e-02,8.253135242600351251e-02,8.677438263498907234e-02,8.079682145858596565e-02,4.494790202128302881e-02,2.385492517771559910e-03,8.304682314641378960e-02,7.034773783428763250e-02,6.794831664957597106e-02,6.391201781291706852e-02,7.402959792374659564e-02,7.883942636935512005e-02,7.572813251116766731e-02,6.300881386235404613e-02,6.629993044545995362e-02,5.614815999567729365e-02,5.103365320755830908e-02,5.085177979117715130e-02,4.995036313498130154e-02,6.051462713949542355e-02,6.140459070852119505e-02,5.886702639917956031e-02,4.744911639541127268e-02,3.113257310013755122e-02,4.972658052112888943e-02,4.309859016712484781e-02,3.951536450401172545e-02,3.429668279721645452e-02,3.985871339248275858e-02,4.569646155150948463e-02,4.363844806297267204e-02,4.353684502984817711e-02,2.778687384780486463e-02,3.830853329052368028e-02,3.169682776783264849e-02,3.342346173573176871e-02,3.410620562776350145e-02,3.579017239157299135e-02,4.008172171281688262e-02,3.271408202815936916e-02,2.968278629501949067e-02,2.095570940523183018e-02,2.689915688582098299e-02,2.860594395083090533e-02,3.296796526405948446e-02,3.121570843177194632e-02,3.560687299944226974e-02,2.913239319701994151e-02,2.656227348598083626e-02,1.930851744640421641e-02,1.042375041642136513e-02
3.648494720540264580e-01,1.040693627350403716e+00,4.714720592199517224e-01,3.638520097718399016e-01,3.416349892907228902e-01,3.002376383060771925e-01,1.930740578710866684e-01,2.539811855364885185e-01,-2.174289377427784387e-01,2.974087159705569583e-01,4.677701384081692781e-01,5.053167053555767119e-01,5.284901530062957598e-01,4.990717809309360153e-01,4.508699070048450830e-01,3.609976982884923746e-01,2.514320914198043266e-01,3.264661494187893753e-01,3.224883489285544358e-01,4.421053929028812002e-01,4.649462936967045934e-01,4.698497673263496432e-01,4.526307342681915591e-01,4.131613860213397826e-01,3.546462634331833397e-01,2.130421726206333799e-01,1.190902410801422812e-01,2.908234370773052357e-01,3.183816020050496132e-01,3.122314601365778763e-01,3.147286368646832755e-01,2.838999749456586619e-01,2.896998004056587361e-01,2.714772590116096840e-01,2.159809237963835615e-01,1.570907074639406042e-01,1.982886157050441356e-01,2.016293254497613097e-01,2.121865630472155040e-01,2.053586808905839556e-01,1.946992987671456177e-01,2.077032404238247920e-01,2.046111955445033548e-01,1.843737220780820030e-01,1.525772582338000838e-01,1.619069766083220396e-01,1.676736080079396229e-01,1.637296738114364381e-01,1.600116696587426945e-01,1.569448795583120448e-01,1.682535133809400507e-01,1.441054208159206762e-01,1.405987307989470803e-01,9.449183489750886955e-02,1.881331241098777862e-01,1.715394046602052858e-01,1.602510662703038602e-01,1.582575629168075648e-01,1.242483164051494116e-01,1.181982747570070880e-01,1.051732512620421334e-01,1.200206752780125230e-01,8.911320744562370444e-02
-3.865106196283204509e-01,-7.997421778430471306e-01,-5.198581529309325155e-01,-8.050166692522932044e-01,-1.101317822013144987e+00,-8.957028929225262504e-01,-2.920677083976150890e-01,-1.293225902253478665e-01,-2.898979877133805311e-02,-5.621658919952314815e-01,-1.117619758533574537e+00,-1.251964395735999824e+00,-1.303434749759363465e+00,-1.293178048568052407e+00,-1.093402581751965030e+00,-6.990359331124300635e-01,-1.035025884538745694e-01,-3.871003716786156068e-01,-6.002017629349589711e-01,-9.949834814542161121e-01,-1.076484770096267640e+00,-1.079304956692428430e+00,-1.081343890351000203e+00,-9.437566973304545304e-01,-6.971783984355022223e-01,-6.543301478620208722e-02,1.064603368923382337e-01,-6.278169240896340764e-01,-7.148051055639695894e-01,-7.028624962763982964e-01,-6.966421409980618762e-01,-6.598642450102154555e-01,-6.485059431945029429e-01,-5.649898750568073114e-01,-2.960074386329683005e-01,-1.630753835071379887e-01,-4.424293063242702440e-01,-4.121097226263730207e-01,-4.235076758514768058e-01,-4.298281561383422433e-01,-4.134975381096233082e-01,-4.375841931663473350e-01,-4.159737386083971478e-01,-3.196990485982231789e-01,-2.016600411794603476e-01,-2.925178317108041437e-01,-3.252073827617725232e-01,-3.127998560262489902e-01,-3.039518915059271076e-01,-3.170676933567229128e-01,-3.258032365188967550e-01,-2.616283712633872272e-01,-2.395188333984538953e-01,-1.115481016442962381e-01,-2.893876941609259124e-01,-2.905692160663969625e-01,-2.704427457201236673e-01,-2.763521354124135465e-01,-2.462671095656075726e-01,-2.308744478022757285e-01,-1.990900510583188676e-01,-2.258681951607351690e-01,-1.015346050624466867e-01
-3.103168919620439281e-01,4.312142399682414862e-01,8.280502226316119874e-01,1.071869330207289472e+00,9.919665326805278127e-01,5.084582868630719288e-01,-1.594238470222507642e-01,-3.950358978140646182e-01,-1.925598467992915008e-01,2.943217133106983963e-01,8.150788973678078086e-01,9.817130285935993239e-01,1.041941885143067292e+00,1.026641336945560257e+00,7.802118619883152695e-01,3.384038250196903519e-01,-2.469364915559276452e-01,5.816350631719558253e-03,3.336157276000126792e-01,6.883059473433311704e-01,7.907866360172751685e-01,8.057563858662667444e-01,8.137466217754818487e-01,6.557247130481971276e-01,3.700520395960605891e-01,-3.029994116986886588e-01,-4.521550646240138360e-01,4.442489276566145007e-01,5.292984469420705107e-01,5.245784995949417384e-01,5.074438900365551008e-01,4.938142677640404155e-01,4.386387789026704453e-01,3.383165604515450120e-01,2.976605752707629782e-02,-4.990405659371433683e-02,2.984571561253819283e-01,2.775705730437253993e-01,2.608903705399083783e-01,2.743781773607680274e-01,2.634132931442212944e-01,2.482466841613681918e-01,2.229836008458289665e-01,1.264715749038596015e-01,-8.054893061528375919e-02,1.119085722135133992e-01,1.594490852996200692e-01,1.630145628359713494e-01,1.573875863106256323e-01,1.910649646242755795e-01,1.832952875598501674e-01,1.482128563884693995e-01,1.395602191595563257e-01,3.565762543687132913e-02,2.720586297516580654e-02,1.040635658287189791e-01,1.012142160513428424e-01,9.682120112474816576e-02,1.415432809544188153e-01,1.828936640465435304e-01,1.482616943818175770e-01,1.541065858448991133e-01,1.319355521553008392e-01
7.488846604954689790e-01,4.936748101371182251e-01,5.066007919507665713e-01,6.612557864087199588e-01,8.831251018615425830e-01,5.671113540805440278e-01,6.804342580364862725e-01,8.110617498821308669e-01,9.938581675307552876e-01,3.387476470944746909e-01,2.526942921006056775e-01,1.854466650955231555e-01,1.532466760069279010e-01,1.959042179770288383e-01,2.755472834424974593e-01,4.212677328173853875e-01,4.986974466156545716e-01,4.516126212372207349e-01,2.965298622368455206e-01,2.273870956762758244e-01,1.773783742965959198e-01,1.627016233261073253e-01,1.729815326740420101e-01,2.458944964357597796e-01,3.432321574453519597e-01,5.251549954896108652e-01,5.111371364803559691e-01,1.346281745003841679e-01,1.155883622838254077e-01,1.100534484090148757e-01,1.173026722402326361e-01,1.590100612556840098e-01,1.988041999584830299e-01,2.332308531751059177e-01,3.369474408139851440e-01,3.071662406940751100e-01,8.499653206130561300e-02,7.991856671749625329e-02,8.988932074823174911e-02,9.167889545809412843e-02,1.477498770883913792e-01,2.044639663920462258e-01,2.113534490190297488e-01,2.168487220585231245e-01,2.995544440350499937e-01,1.392406154116732075e-01,1.161882639205049778e-01,1.056542938859327679e-01,1.076569552299057042e-01,9.635012160782291391e-02,1.001033294974733867e-01,1.283318873366871837e-01,1.111636172156043878e-01,1.386594630801636918e-01,1.755941970866576607e-01,1.174933844729867533e-01,1.240560867707822673e-01,1.319242851639662595e-01,1.029700291130792034e-01,5.293880377409299065e-02,8.293310085264934961e-02,7.521314738875324590e-02,2.658520307683977235e-02
-4.825227596809023023e-01,-5.438415623872145943e-01,-5.827057631792447179e-01,-5.807147762382425249e-01,-4.011834988217427567e-01,6.892483448225236731e-02,-6.642490203384296965e-01,-9.558917519193876888e-01,-1.159675889843864383e+00,-5.078346838283739340e-01,-5.488614283672781369e-01,-5.402364685019054313e-01,-5.476811291936583004e-01,-5.816331370702931824e-01,-5.737418691425204553e-01,-6.322366517569066868e-01,-6.225330881466422106e-01,-5.462822305359262831e-01,-4.711117343273146241e-01,-4.607438293774096527e-01,-4.602878781636446925e-01,-4.684529876971274542e-01,-4.884984669361197573e-01,-5.104072968478612360e-01,-5.379156989424195290e-01,-5.572982469712551845e-01,-4.532884822781282352e-01,-3.273889041778529352e-01,-3.348242315847823058e-01,-3.349845524659118556e-01,-3.319916120393287540e-01,-3.870601526581576302e-01,-3.957434969214883025e-01,-4.043274894204858527e-01,-4.367572247654214479e-01,-4.292557623084471419e-01,-1.961497632222417575e-01,-2.204015494804363873e-01,-2.117549310003911112e-01,-1.905772869743582176e-01,-2.527005429168945327e-01,-3.004026665656357453e-01,-3.149101375910796086e-01,-3.176012045152289964e-01,-2.584516751715305594e-01,-1.696235017515281274e-01,-1.658142373507703327e-01,-1.653877711065767919e-01,-1.670801011423581062e-01,-1.819345577842426120e-01,-1.569457940225791603e-01,-2.184215270063697978e-01,-2.129555841179518183e-01,-2.259538794145028451e-01,-1.346478792041594930e-01,-1.419993248682212827e-01,-1.610209694160096849e-01,-1.471238029436577888e-01,-1.715568712485739111e-01,-1.538673939741547758e-01,-1.660734623402567722e-01,-1.453390549900562545e-01,-1.793557933479426880e-01
-7.025053401171221790e-02,-5.376283357004249530e-02,-5.775681194708873201e-02,-7.045669677996585500e-02,-1.111449619053638260e-01,2.619908045009346903e-02,7.812828341776175689e-01,3.900727936940281415e-01,5.901566579856378780e-01,1.148008381958464386e-01,1.172203126347452773e-01,1.057609797767225385e-01,1.092938294607826433e-01,1.088515061356615798e-01,9.939910174834734602e-02,1.478757918602440213e-01,1.735473676120961595e-01,7.718109239320039561e-02,1.138895082301606965e-01,9.810201662799795941e-02,9.798976703497243312e-02,1.026563310431192755e-01,1.014328377094640410e-01,1.061090515516920074e-01,1.310348422003999314e-01,1.601666476197142752e-01,1.077956826090292475e-01,8.176726829838916466e-02,8.541665738417658638e-02,8.682339306404188162e-02,8.295758580658177395e-02,9.781240208086286470e-02,9.018239433730786125e-02,9.825606517675763985e-02,1.264428271651441560e-01,1.599366208014938451e-01,3.489644956668917775e-02,5.667412526268410938e-02,5.906089188474916707e-02,4.454897143091112593e-02,4.345265316195081468e-02,4.991027366815727756e-02,6.916049559710152339e-02,8.608471582784930909e-02,6.566167813698721434e-02,3.082644574570751750e-02,3.258495718904146077e-02,2.857081319051497231e-02,2.463365548985134434e-02,3.240692557945108743e-02,-2.434767975202381529e-03,3.754447020572585642e-02,4.269099507632949375e-02,5.959466566407813082e-02,1.823050286416387500e-02,2.599082869050692302e-02,2.817224049672273356e-02,1.478263699704007728e-02,1.280742194238017329e-02,5.432004326461487009e-03,2.199584563862710951e-03,-4.300328716197197865e-03,2.352780682071825905e-02
-3.904449698418256398e-01,-3.141208295806748318e-01,-3.030041518645436582e-01,-2.813325202717686380e-01,-2.608965923033235157e-01,-2.943853987520436144e-01,-3.077565051317148193e-01,2.142280555748246884e-01,-3.484607049996765182e-01,-2.043652580646200811e-01,-1.994019749656691931e-01,-1.998201839017453851e-01,-1.988769040017659973e-01,-1.975686707224374450e-01,-1.975533315245497357e-01,-2.149523528165068198e-01,-2.083079103396104914e-01,-1.392003981317833095e-01,-2.009733447792902694e-01,-1.918968439539012472e-01,-1.890846832919511611e-01,-1.879334711926782531e-01,-1.853065663545619413e-01,-1.901112623831735238e-01,-1.970866780518578110e-01,-2.199523426664801717e-01,-1.864162510845154275e-01,-1.446377200870801460e-01,-1.451598284875261491e-01,-1.453040332690115899e-01,-1.448638177367269908e-01,-1.507094232580748483e-01,-1.454390270537915808e-01,-1.478385531218948112e-01,-1.529841515155802578e-01,-1.415304080145974308e-01,-9.303927310616372237e-02,-1.046522248157022716e-01,-1.037112887038857956e-01,-9.677158529900654893e-02,-8.780313415165247326e-02,-9.157013428933540033e-02,-9.822671464502921723e-02,-1.063476187498971215e-01,-8.200776334761425423e-02,-8.008488469739462323e-02,-7.673300515690896495e-02,-7.865193303768996946e-02,-7.622263341593643604e-02,-7.304392310605455074e-02,-6.570790015314854904e-02,-7.264863632879339783e-02,-7.509164753589517294e-02,-7.707380445984715611e-02,-6.183338093481103442e-02,-7.008162180042362688e-02,-7.144154337278903200e-02,-6.005816559411762678e-02,-5.883408748780367958e-02,-5.629522837931094648e-02,-5.023439958819383294e-02,-3.700706436533104937e-02,-6.191091729864538207e-02
1.639517158020061677e-02,2.113091111880941592e-02,2.760852891157408728e-02,3.143884065570970443e-02,3.683670302234215432e-02,4.897491282406746249e-02,6.272084763959688558e-02,6.742186795782961761e-02,5.523205232949919274e-01,3.228994138790738933e-02,3.559985697093626111e-02,3.858974026833376925e-02,4.103092170184017423e-02,4.481443279344965447e-02,5.199155154985912741e-02,6.190658211045518833e-02,6.592826818728167448e-02,8.375691347003821896e-02,3.156669023683816855e-02,3.501357614931288609e-02,3.686195174887967052e-02,3.892948925117284409e-02,4.132451684901254640e-02,4.442196905306682042e-02,5.097462285727949460e-02,6.215228817467796651e-02,5.740701521420540909e-02,2.711566487341196541e-02,2.988616708764685326e-02,3.126801670128637189e-02,3.214546848301930854e-02,3.300941853482636246e-02,3.431272838321508534e-02,3.741254046064709793e-02,4.399106626816273735e-02,4.765499537207029679e-02,1.416495775216299047e-02,2.067248337491099652e-02,2.195198587751787805e-02,2.330360239158865004e-02,2.121226885923927635e-02,2.100594978350608932e-02,2.333506194178913695e-02,2.555289553384984536e-02,2.755597613780769173e-02,1.822007359901834864e-02,1.909000147184871515e-02,1.964758712066039248e-02,1.990313877791845612e-02,1.784421549286839548e-02,1.241262886824808648e-02,1.648347142675238991e-02,1.793943196949241564e-02,2.020665897025546165e-02,1.532601634242394123e-02,1.665230753385611717e-02,1.549433999262921774e-02,1.481001354844602852e-02,1.283503399358990049e-02,1.119764918526019309e-02,1.158623110110942878e-02,9.823284780979057301e-03,1.581760617912161132e-02
5.743806949749874491e-01,-1.685799470749155260e-02,-1.945605348076757113e-01,-2.173763675315575350e-01,-2.232861704501930555e-01,-1.624295118769087942e-01,3.541487067242304887e-02,1.931642448307295812e-01,6.156509755562403763e-01,3.518116897693728262e-01,-5.827543711266693904e-01,-6.280564367243189894e-01,-6.297283107933616675e-01,-6.406044852607897244e-01,-6.135013406350502407e-01,-5.087983871892742815e-01,-3.202213239890437935e-01,-1.928231752272517863e-01,-4.912505381975915686e-01,-5.737422552190192260e-01,-5.588399145372838772e-01,-5.634693239747988747e-01,-5.874905001281870431e-01,-5.847113222797218901e-01,-5.263763460163233265e-01,-4.141462531153808913e-01,-2.437544537630698116e-01,-4.162840826207068745e-01,-4.326628712399682719e-01,-4.383465783154483209e-01,-4.383577345570286998e-01,-4.459067772094829074e-01,-4.478809678057151800e-01,-4.266836396717337831e-01,-3.579961405541109976e-01,-2.708766027047571079e-01,-3.411208512020085237e-01,-3.436081380958074805e-01,-3.361697468801467803e-01,-3.048968073652142952e-01,-2.830953155726663173e-01,-3.254468233776662278e-01,-3.175088488809238996e-01,-3.074516230746577872e-01,-1.796485143732638456e-01,-2.617799830769655944e-01,-2.476735666167637073e-01,-2.492959885731574343e-01,-2.427584725176201996e-01,-2.235776590465671232e-01,-2.868372431285426960e-01,-2.309240973538960739e-01,-2.073090109676564707e-01,-1.571144592641403603e-01,-2.360949379149549221e-01,-2.265185560467213866e-01,-2.366248418296520439e-01,-2.253095038538251438e-01,-2.049247016618110373e-01,-1.998691770194428730e-01,-2.023647825600050632e-01,-1.821393666373638531e-01,-1.364670459615346942e-01
-6.737785657036068354e-01,-2.335729874979194584e-02,2.034112900248456757e-03,-9.363076585462717927e-02,-7.721114252158803315e-02,-2.034581546528572427e-01,-4.752196294257334253e-01,-8.774903198168793050e-01,-4.341236326730095740e-01,-2.240044988989597641e-01,7.590768345201935885e-01,2.047489813628791122e-01,5.831205729749361355e-02,1.035792937723657992e-01,2.406981836864425378e-02,-1.474934562286702444e-01,-5.181212461068623876e-01,-8.493469049966819728e-01,-3.016515571918759742e-01,-1.548192783346033496e-02,-5.050810748563241970e-02,9.066132564289008933e-03,1.000532318180778063e-01,5.994471878841316215e-02,-5.950455329294124240e-02,-1.170685392728633978e-01,-4.646391955113354788e-01,-3.920127191636804675e-02,5.355292222167432059e-02,7.745370119347724791e-02,8.088886272302252267e-02,1.311905288595063002e-01,1.023066505836725537e-01,3.776377818846401307e-02,-7.578194185719887288e-02,-1.936136183930202148e-01,4.377291256623863647e-02,-2.640676440423814220e-02,-4.202537380738105566e-02,5.057496212207406028e-02,9.822186386781145417e-03,-5.082671665896393298e-02,-4.092679160082760004e-02,-1.046124311641521143e-01,-2.064215332751831167e-01,-9.029950533817773795e-02,-6.993853782084684390e-02,-7.028301876247403102e-02,-8.016572954279219121e-02,-5.892954801020183070e-02,-1.233300843672984204e-01,-9.951217156642697126e-02,-7.040359192923255349e-02,-1.685089762675524572e-01,-1.414850023438923299e-01,-1.304514812588332129e-01,-1.458341659682134694e-01,-1.409452570698107032e-01,-4.366539607358803365e-02,-4.657128191025525915e-02,-4.614651062470920967e-02,-1.073915862267268984e-02,-1.356321078573522465e-01
9.025720371765832972e-01,1.268468084449675404e+00,1.445243446003209753e+00,1.259544088326032041e+00,9.787682684079384021e-01,9.685579357896560992e-01,8.776012057126030275e-01,7.399218582015396617e-01,-9.212752402383661554e-01,1.315266787569330909e+00,1.556222309118147962e+00,1.855933223042959268e+00,1.549870361629529070e+00,1.147270428870341252e+00,1.098948986893792501e+00,1.028269911395999214e+00,9.621960799741370307e-01,1.197277027411651318e+00,1.326424799842323310e+00,1.268413602036465582e+00,1.319164683328738930e+00,1.188707123374572960e+00,1.033843154811066922e+00,1.145630225524582047e+00,1.174359923323056609e+00,4.838858487788857410e-01,8.961675288791615124e-01,9.364866695868478974e-01,8.796626852953401965e-01,8.518526225771991811e-01,8.458952777731290062e-01,6.349570105114286100e-01,6.258892671302375144e-01,6.940990953830047383e-01,5.806618309381341714e-01,5.820182511159424088e-01,7.389599132679927074e-01,8.861415209286960248e-01,9.249438867941027764e-01,7.160156233268998305e-01,6.217857337490335645e-01,8.151745772742529095e-01,7.705041871504344497e-01,7.455630738391461065e-01,6.793414019649793856e-01,7.473811366750500174e-01,7.159443036359049994e-01,7.347390654734753390e-01,7.021242592021599283e-01,5.576205172876201877e-01,7.898412921681819965e-01,6.539207361706856902e-01,4.586623123744528741e-01,4.846926992875733586e-01,8.273180852815383846e-01,7.267840156258329465e-01,8.088649732140962278e-01,8.375484380259935469e-01,3.750916425945314825e-01,3.393016356998444505e-01,4.718439254616570433e-01,3.976268809757173006e-01,2.879794043666923375e-01
1.868674795782568454e+00,5.700404639024752029e-01,2.128835823504263702e-01,3.458745430207996741e-01,3.500827850304676359e-01,4.612720330461901885e-01,5.703687220409286995e-01,1.096537572161375262e+00,1.636862839459558794e+00,-1.830373128654224080e-01,-6.633683434017334513e-01,-4.969301698415626856e-01,-2.413805048044506962e-01,-2.780195206301011579e-01,-3.851496938790385238e-01,-2.544396422715465289e-01,-1.338448570001362359e-01,-2.534946843438079522e-02,-2.285405679197052564e-01,-4.799513983317811872e-01,-5.793052947747934223e-01,-5.732962864241160084e-01,-5.617467441505589187e-01,-6.712070543354515806e-01,-5.878969556225809301e-01,3.743590181940891631e-02,-9.581852919886116315e-02,-3.563594581005321005e-01,-4.530876256252907019e-01,-4.795656635085186470e-01,-4.856211692688619519e-01,-3.237441015031653491e-01,-2.640876131491976531e-01,-2.623354737635625877e-01,-5.864770175815903208e-02,-8.789060836763676332e-02,-3.603877820622257699e-01,-4.673119892243698947e-01,-4.809666392288540759e-01,-4.013781733464461543e-01,-3.348306015214911335e-01,-4.032293339584391290e-01,-3.678823144363934650e-01,-2.887970397731671190e-01,-1.018239800525153060e-01,-2.729490434658748410e-01,-2.962158477674908252e-01,-3.538418135034591683e-01,-3.198458543663752485e-01,-2.606547538067112701e-01,-3.505259975301703301e-01,-2.857299175593545071e-01,-1.236714157448526030e-01,-6.551233791275304363e-02,-3.217280714163623934e-01,-3.019841460655525722e-01,-3.962616747621995339e-01,-4.327096350496941191e-01,-8.337044895869331895e-02,-8.577957255408863446e-02,-2.229347742648706276e-01,-1.743328604689956540e-01,7.019414794195483198e-02
-1.894976622463580451e+00,-1.093843922728229279e+00,-7.876811515384540829e-01,-5.101225230500064933e-01,-1.289301599739042792e-01,-4.387327298090920591e-02,3.192875725169256329e-01,2.459793076192719474e-01,-9.593448197743552619e-01,-1.174646185151586586e-01,8.907785316747669768e-02,2.948129557787321220e-01,5.224477328342435056e-01,7.559222423859820461e-01,6.084417312545554735e-01,6.925920444792981190e-01,1.113271736036052006e+00,4.948187393928838995e-01,-1.474645881106717848e-01,-1.315284673459815590e-03,1.399980981912543609e-01,2.765591364609329417e-01,4.376801146790840757e-01,4.792535045478433231e-01,5.293838441745000178e-01,8.035205918497470012e-01,5.997125839928634239e-01,2.865329556707002512e-02,1.685825075743385693e-01,2.635212253076513189e-01,3.250243628370426685e-01,2.628811614021923093e-01,3.588138454767366703e-01,3.689242818937878976e-01,4.323282144740329125e-01,5.625808708538362346e-01,3.571411430027397749e-02,1.236597918535360663e-01,1.356871439967263504e-01,1.888112885129556717e-01,2.722627225108132376e-01,2.133930716101854197e-01,2.548486509579298565e-01,2.737451177760055199e-01,2.737746143255240239e-01,-6.478451699792053819e-04,7.470504477666044252e-02,1.369497013333543789e-01,1.539216045832742241e-01,2.249665240912161746e-01,1.060186758442071553e-01,1.418082365420344493e-01,2.144983434306109160e-01,2.024904378229471225e-01,-6.738934398887974631e-02,5.389771184509832558e-02,6.580253904513079510e-02,5.664540062266450182e-02,9.098227423746323150e-02,1.925455814669426724e-01,1.165758602753101947e-01,1.811952297559370484e-01,1.831352813792093692e-01
-1.136077236803328505e+00,-1.101031303762005642e+00,-1.143932798272051077e+00,-1.382653250439369153e+00,-1.444710231757856400e+00,-1.722211750650824102e+00,-2.169639206224150740e+00,-2.215729453363625812e+00,-9.073201161852828545e-02,-9.336761833085068796e-01,-8.775203375817381968e-01,-9.414375815024617067e-01,-9.523235796204149173e-01,-7.995227034580750791e-01,-6.368078323049308764e-01,-1.494882748645904647e+00,-2.040098778834116722e+00,-1.691762464752919914e+00,-7.211882660967221526e-01,-7.853017456306407018e-01,-8.596351319634989441e-01,-9.343164992262408264e-01,-1.038898777318170819e+00,-1.043741521803784211e+00,-1.191371741328756562e+00,-1.572514117906277153e+00,-1.604759935865922582e+00,-4.694168962749651342e-01,-5.568838230069150796e-01,-6.435989279404863428e-01,-7.073447124381669893e-01,-6.697775111918079505e-01,-8.862176957569497526e-01,-9.151247375193414246e-01,-1.059358900318784658e+00,-1.157923448356114715e+00,-3.232833582234669323e-01,-3.703670768069303176e-01,-3.610381091324900149e-01,-4.047225846908934499e-01,-5.413550718884928559e-01,-5.904390307639759694e-01,-6.178214131402108844e-01,-6.687373517620710528e-01,-7.196045970290413374e-01,-2.084163140900229250e-01,-2.626676510908084738e-01,-3.030389394293840910e-01,-3.304901288147127358e-01,-3.806515156564117541e-01,-3.989078896299885768e-01,-3.990559408063140134e-01,-5.027963065668051845e-01,-5.383454112865353469e-01,-9.908730685972719221e-02,-1.623027674048882762e-01,-1.846279775762564579e-01,-1.825723120639750896e-01,-2.722345385467180856e-01,-3.850744106828890012e-01,-3.191298867758338709e-01,-3.936497477857078264e-01,-4.613186249367511871e-01
1.501000359684305785e+00,1.171346738445505853e+00,1.071342016148787879e+00,1.182697768484084255e+00,1.219577129328837772e+00,1.533217880097849761e+00,1.789844098781823378e+00,1.559457624024182643e+00,9.656787096501269207e-01,5.805637865501123152e-01,5.294078554160605021e-01,5.349624300949353817e-01,5.423179555458681467e-01,6.117802088516044456e-01,8.618920439645298970e-01,1.703126029302942435e+00,1.250402577730151732e+00,1.260323337102632113e+00,4.465215259280360671e-01,4.662602999611936694e-01,4.995653232008677169e-01,5.235368369627939611e-01,5.749462860261562724e-01,5.763430214800566720e-01,7.040420771172656300e-01,8.327570347916335436e-01,1.011172776352663227e+00,2.463025888908053351e-01,2.863042868923409978e-01,3.308043778149324932e-01,3.504654199127269498e-01,3.955597511203589045e-01,5.412511547221953156e-01,5.460058459129238928e-01,6.458909784068773696e-01,6.892884385106918810e-01,1.498094753113843880e-01,1.366774677063873900e-01,1.156787136286451384e-01,1.539061863636213001e-01,2.910656516948562644e-01,3.797840941912397072e-01,3.636729081750090797e-01,3.850327131178187812e-01,4.067192689068880318e-01,2.435095791344722010e-02,4.958944937443557355e-02,7.275132279906142141e-02,8.996384066017681924e-02,1.479951108120063918e-01,2.488607124492051847e-01,2.483054238008861325e-01,2.782125003911588568e-01,3.177285528144437876e-01,-3.455057913958111543e-02,-1.376781110585143138e-02,3.331313481584311648e-02,4.233776262143930380e-02,1.306345303627278742e-01,1.977999889018854651e-01,2.026083875924985511e-01,2.167219325206943548e-01,2.726727411233816900e-01
5.321013232009372818e-01,6.017503614315944382e-01,6.338956144679984694e-01,5.918396499603442162e-01,4.529260829789991116e-01,3.290714640803272806e-01,3.378658537723052691e-01,6.407610139068649069e-01,-1.903175635778165398e-01,4.118847489077497870e-01,4.037782388322108673e-01,4.035672820510717296e-01,3.830738281813917956e-01,3.365889366792195192e-01,2.710491931146986055e-01,2.155022541254799084e-01,8.958962287835682270e-01,2.756867855779878695e-01,3.832606681283575734e-01,3.709011205138886824e-01,3.436907315718911171e-01,3.200121452735432137e-01,2.995332615991623815e-01,2.897831858778929792e-01,2.103202407246271555e-01,2.246410825095648267e-01,1.506584166898443655e-01,2.521602463421506179e-01,2.422878135105912267e-01,2.273293893924030751e-01,2.182958637826023507e-01,1.989536519170783668e-01,1.653022180295955490e-01,1.559293198174298289e-01,8.592906850343350056e-02,4.032339795576887070e-02,1.840620157530424017e-01,1.992294626900865395e-01,1.806154412390910957e-01,1.138423518976737631e-01,9.150689546052633017e-02,1.372645588536169081e-01,1.340507740217421473e-01,1.450713217878556449e-01,2.296770440459298263e-02,1.531798380134846704e-01,1.247757547648541687e-01,1.234612644312064605e-01,1.190031188118073346e-01,1.049369757158302718e-01,1.632584533560451079e-01,1.177111528328834700e-01,9.589653946300072396e-02,4.593456951532667865e-02,1.470384801917127837e-01,1.369345177492209409e-01,1.437696578063604458e-01,1.188210915550945435e-01,1.258717009569814416e-01,1.206006852786258299e-01,1.241183050713566827e-01,7.014390893649945224e-02,3.508213489992456635e-02
1.632514004833256482e-01,1.318248027076713846e-01,1.107119397916248582e-01,9.295001864808705161e-02,1.050084767980936640e-01,1.035830127341620388e-01,7.277875992609117439e-02,1.197297810211682689e-01,4.868938040342719598e-01,7.883610242307423355e-02,6.446833725957135108e-02,5.471253973232459433e-02,5.412343101221672725e-02,5.198994922747432468e-02,4.906827069606678471e-02,3.890743481533942560e-02,1.543417980787575861e-02,6.316120947468597535e-01,6.043749718719950564e-02,4.715798592712949766e-02,4.254496047087963362e-02,4.177372745210669591e-02,4.038180739827477994e-02,4.065291732911599509e-02,3.917759711992291338e-02,4.929093693747166327e-03,7.377804046178326747e-02,3.215291130271974440e-02,2.768659431429337792e-02,2.779763702069787401e-02,2.827383030706126510e-02,2.817195510693490390e-02,2.645051552344862555e-02,2.692602004975822028e-02,1.829477910651917949e-02,-6.181022879260089642e-03,1.849102896702436993e-02,1.238173628247607461e-02,1.227771087051077181e-02,1.744513712591902466e-02,1.793340560389752869e-02,1.497712565881903490e-02,1.818419653524291912e-02,1.573839551017314209e-02,4.118808075272262226e-03,1.261366971808618176e-02,1.178471566606026366e-02,1.304676482368333224e-02,9.888206585882769462e-03,7.613488459386918983e-03,-3.346177077932749322e-03,9.704043087915475985e-03,6.416261623344465814e-03,8.450999353959987026e-03,9.481577220245396287e-03,8.681032247442377336e-03,1.099098828766716107e-02,9.618894475014821976e-03,3.273013169763056007e-03,1.717177301446548565e-03,5.184414076078114331e-03,3.538150400009348884e-03,1.014894559396922746e-02
7.424651914825924903e-01,8.099567623800120186e-01,8.507934082556886102e-01,8.471531978133741703e-01,7.838705010312341237e-01,7.542597654382400263e-01,6.284107257946793812e-01,6.369569848597136374e-01,-1.616193020257860602e-01,6.278033583638679138e-01,6.233723118112549644e-01,6.393386775358753660e-01,6.483413044427238647e-01,6.788850150338353595e-01,6.886679993067429395e-01,5.891804506084011850e-01,4.413326922766704352e-01,2.471411064607563768e-01,1.361314910683530277e+00,6.178356314555726314e-01,5.649440288482290295e-01,5.789125858040149453e-01,6.294131039696191365e-01,6.400034539541238354e-01,5.965465592761093339e-01,4.958073009276120491e-01,2.424590826009355160e-01,4.141158853695758868e-01,4.333411396812726912e-01,4.670664734060472889e-01,4.708413599845038267e-01,4.797886486425539387e-01,4.728384987849812426e-01,4.643514224605891361e-01,4.250899305085716895e-01,3.536514646574445142e-01,3.294532764247946055e-01,4.078575458251089692e-01,4.016882519647232419e-01,3.393889225855850622e-01,3.068679016972530871e-01,3.482462349455258677e-01,3.244754667563781725e-01,3.396071816817156641e-01,2.319623924685709215e-01,2.200953693402924460e-01,2.498620862472196724e-01,2.505818551001828265e-01,2.535167363723671019e-01,2.250823853651903184e-01,3.756492598785643455e-01,2.810381480999261661e-01,2.469359656126011160e-01,2.458821718239170562e-01,1.578965203220832059e-01,2.005571423856377100e-01,2.219545738614909780e-01,2.480544556038376813e-01,2.027964571353503553e-01,2.825650199625689973e-01,2.906282324997849220e-01,3.056509975169653393e-01,2.897800407728202687e-01
-1.291795485492075901e+00,-1.461179421797283329e+00,-1.764786151747039122e+00,-1.667982547663751314e+00,-1.303120883425990417e+00,-1.263870917568783003e+00,-1.116289405962088033e+00,-9.310638880164521236e-01,1.349216807592904743e+00,-1.946731684278510954e-01,-4.856232857534015235e-01,-8.716072010301167960e-01,-8.899392236188619076e-01,-9.075538286730812088e-01,-8.216409516095484200e-01,-6.083934081412621930e-01,-3.500133297499954388e-01,3.732913592196756558e-01,2.410821265081425357e-01,3.233376094917876364e-01,-3.844472552115697495e-01,-6.013068786361125406e-01,-7.452449293610945436e-01,-7.050449731338187531e-01,-5.814088906536469814e-01,-5.870261382144909001e-01,6.413401854551781245e-02,-1.265920786808537590e-01,-3.232938557907925614e-01,-4.612503539915640549e-01,-4.893567827056601871e-01,-4.910341561067103067e-01,-3.709958146797569523e-01,-3.522755585131297495e-01,-3.057584310774201786e-01,-1.869209053700564005e-01,-3.693976806420654069e-01,-4.117381270151515560e-01,-4.685428177785319614e-01,-5.371568159786446195e-01,-3.978924377645379207e-01,-2.664870082211691638e-01,-1.969801757928341113e-01,-1.604962889159396999e-01,-2.782403582460001856e-01,-7.994439831645155925e-02,-2.156385871989730529e-01,-2.575850819726467344e-01,-2.632673210393701169e-01,-1.337271894701083097e-01,-3.553289537137054865e-01,-2.404285261202701585e-01,-1.885871684538447113e-01,-2.350821913118631423e-01,3.856903648837600729e-02,-1.144573139973257825e-01,-2.176350772149063251e-01,-3.294122777999269891e-01,-1.116992800899859195e-01,-3.095824819655499938e-01,-3.916063521419735349e-01,-5.194438152518934260e-01,-4.618506612323051708e-01
-1.023892119435205750e-01,4.217954291304093495e-02,9.819157124619990462e-01,1.119539167577772831e+00,7.978760064502741223e-01,1.048117249566142828e+00,1.402195747629429778e+00,1.599242410463953101e+00,-1.205486468348915485e+00,-1.654783986936083195e+00,-1.114947005077368658e+00,-3.583242464097957658e-01,-4.289704372869267424e-01,-5.523848877400857615e-01,-6.562412033651521259e-01,-5.292853080980812752e-01,4.333262262554038458e-03,-4.156538749585899639e-01,-2.006597948117424313e+00,-1.043708752582109378e+00,-3.599723608911691852e-01,-5.717897664004849556e-01,-7.741344923680453238e-01,-1.030393159187426244e+00,-1.083172538112971317e+00,-1.411753191442109978e-01,-8.050523820274934073e-01,-1.338037710060103525e+00,-9.831917762799340377e-01,-7.764980583292060423e-01,-7.400162773717581244e-01,-7.316901272888841623e-01,-8.857748701926820845e-01,-8.661100158846561925e-01,-6.735634235173728612e-01,-4.669335496540710229e-01,-3.501790020584959473e-01,-5.403361461451116066e-01,-4.034709181318849036e-01,-1.610702979466067386e-01,-3.946366882624269268e-01,-8.636611961776150537e-01,-9.097442373838663388e-01,-8.455836438450425874e-01,-1.500242647378193794e-01,-6.377897290885504722e-01,-3.691970332184308923e-01,-2.671454359632381426e-01,-2.405966242389998289e-01,-4.030942943728054173e-01,-3.445937866744628320e-01,-3.432791802426867767e-01,-3.242988554753195585e-01,-9.085453671000021103e-02,-5.937655015573551909e-01,-2.518764365989497600e-01,-1.165872590056439839e-01,-9.015397926336821133e-03,-2.422188107318697381e-01,-1.129456364771335153e-01,1.154442565521807129e-02,2.126474028801637606e-01,3.765704508872541600e-01
-2.105035117320072757e+00,-1.995853527648135284e+00,-2.611981195616445373e+00,-2.694958957434089086e+00,-2.522598377106474832e+00,-2.814565748106702792e+00,-2.935014455886834295e+00,-3.316486667478694805e+00,-2.357106810493355908e+00,-1.534985980466963551e-01,-3.966633362190848944e-01,-7.370028609569279077e-01,-6.213929396636471703e-01,-4.402892147044780158e-01,-4.927908242799075023e-01,-6.618889114084456349e-01,-1.196906577360004942e+00,-1.215354121454270686e+00,7.418679888587947913e-02,-1.818915409097871250e-01,-1.359087263865292328e-01,2.171364728637179831e-01,3.219836667655999740e-01,2.883197044530639852e-01,2.365504632757291503e-01,-5.116811916861406795e-01,-2.904379949273104833e-01,3.039436217156837872e-01,1.401899484276988850e-01,4.890831140266838073e-02,2.334967959183634201e-02,5.661483386792881545e-02,1.062953203336386848e-01,4.710079464674943317e-02,-1.539898423489721724e-01,-3.088644523660202257e-01,-1.128075796327462632e-01,-1.394964066278994719e-02,-1.027206235110332821e-01,-2.464300533013112915e-01,-6.633920021991152050e-02,2.904033334851502390e-01,2.724347775537155902e-01,1.929859406040492775e-01,-3.499377681141911389e-01,5.640558705203735368e-02,-1.096802127062128096e-01,-1.566078033523736757e-01,-1.677378732481587531e-01,-1.034120396123582308e-01,-1.103362067672214453e-01,-1.681514101525657112e-01,-2.299197199499622979e-01,-4.256481853059215226e-01,1.353342600642336302e-02,-2.252588458495290991e-01,-2.600875490247089861e-01,-2.489295757396960407e-01,-1.975976405889283138e-01,-2.627211723532402732e-01,-2.962655253149124590e-01,-4.306515868759451804e-01,-7.669833003006211181e-01
3.987776578936120808e-01,4.166524568650189497e-01,3.694095683230471105e-01,1.218351029478491609e-01,-3.340939159272088843e-01,-2.917915681996334776e-01,-5.767578079804918101e-01,-5.759175050908851290e-01,1.333674632278466277e+00,-2.930812723181795421e-01,-2.636260452597166681e-01,-3.251793245741285698e-01,-4.787353877049305706e-01,-6.403940966524430678e-01,-6.314748059987279616e-01,-7.232382251778677329e-01,-9.267318771696193558e-01,-2.166089273538601701e-01,-2.396656815521555350e-01,-2.397211237274352591e-01,-3.025829867678915819e-01,-3.716791265512052189e-01,-4.932931331362805372e-01,-6.328453268733775783e-01,-7.384420347883661195e-01,-8.606324340829933917e-01,-5.276227032058606881e-01,-3.603563264558913293e-01,-4.254619434812377810e-01,-4.910522757628191792e-01,-5.358000008476487830e-01,-4.560029768110908099e-01,-5.700273312157502215e-01,-5.814567372961488845e-01,-6.059986499470156884e-01,-5.444850018080481524e-01,-2.938387944430660981e-01,-2.888911905413136805e-01,-2.761249787520316246e-01,-2.659019299059658392e-01,-3.583818672952904794e-01,-4.385336616158332923e-01,-4.806413513328632314e-01,-4.998851953856672803e-01,-4.154586737211533043e-01,-2.317120262711744316e-01,-2.576247835756160232e-01,-2.843610426802967717e-01,-2.955936162627292307e-01,-3.031143139196656455e-01,-2.546923511974970578e-01,-3.334868020991067494e-01,-3.164801144929508814e-01,-2.962113789530050889e-01,-1.564214903798143153e-01,-1.847004559529059342e-01,-2.129817156035497816e-01,-2.133604306529737760e-01,-2.270588148419581120e-01,-3.023193119060726408e-01,-3.079010633063079538e-01,-2.520396595556594899e-01,-2.071441435963190525e-01
3.250470655142194243e+00,2.350431127685192134e+00,2.094703681522815497e+00,2.299805757594560518e+00,2.719844908079827484e+00,2.736886402984907374e+00,3.065515772311309561e+00,3.764893534329853075e+00,2.436800739537171800e+00,1.158971552409365779e+00,9.237188932241086059e-01,8.797286783557851653e-01,1.064110709143682776e+00,1.290195897433255690e+00,1.233564338532881610e+00,1.248227041081682698e+00,1.931965092469816403e+00,1.688325776405431577e+00,9.830057858491639822e-01,8.757930944185476907e-01,9.802293930487562257e-01,1.139186281592099004e+00,1.484528618551144152e+00,1.644611503176833134e+00,1.095915667135102023e+00,1.241872018999157223e+00,1.552662080240303277e+00,5.411206780889930013e-01,5.977413888670252140e-01,6.817110076140625585e-01,7.450933759591504835e-01,6.348192278374449327e-01,8.774973275404281958e-01,9.152971043101181259e-01,1.064918806781107730e+00,1.154375111107850405e+00,2.013414846361218091e-01,3.980149313662837418e-01,3.742029131134272935e-01,3.961892411979860973e-01,4.944099153359896581e-01,6.167650439697298648e-01,6.643201739795849825e-01,7.523220004212697321e-01,7.922357071177721366e-01,1.419730198359384910e-01,1.708246767125428944e-01,1.572025169863063288e-01,1.575514712374519455e-01,2.604313719370990876e-01,4.735257205781189804e-01,5.310645271151517299e-01,5.150762881844113128e-01,6.035966023752864507e-01,1.216962579209792950e-01,9.065740157240501085e-02,1.405381547277032295e-01,8.834282891938823046e-02,1.751638142773222495e-01,3.962408659355068363e-01,4.550898510053424384e-01,3.682703229531356648e-01,4.505359871871235100e-01
-1.080160585931063899e+00,-2.582971562020663914e-01,8.250010417133046836e-02,1.997980344991812096e-02,-2.211012251012562935e-01,-3.147515721688648460e-01,-6.492985723161158740e-01,-9.526844885026866105e-01,-1.567621179612720628e+00,7.349714292175093533e-01,9.321098313246600764e-01,9.839835288884577480e-01,8.988443086909809754e-01,7.304898468570335535e-01,8.316173997929976469e-01,7.839021468454054897e-01,1.463592816347382142e-01,-9.667765444295906008e-02,6.997282829788959990e-01,7.612112330583917785e-01,7.383990871602905681e-01,7.064292385759853854e-01,6.675239440800548874e-01,9.002740926560812706e-01,1.502383508356064157e+00,6.136021191875391523e-01,-2.566701299909157630e-02,6.507344599301101429e-01,6.370666653590045803e-01,5.993851925005877490e-01,5.858588950669053608e-01,5.622198443129791112e-01,4.122376828437086527e-01,4.305711286480745636e-01,2.775357226290225965e-01,1.298349153546799473e-01,6.174351681056460261e-01,5.275917792964790465e-01,5.372282522285151130e-01,4.594286007489073453e-01,3.933882104789390155e-01,2.984569484192730604e-01,3.022428691569661874e-01,2.439842144827510939e-01,1.045086969872068838e-01,5.725174091837190726e-01,5.693998878017799692e-01,6.064170223297903339e-01,6.055698522602135370e-01,4.902289582852991656e-01,2.539147305268597554e-01,2.641700793731998620e-01,2.849766509569446882e-01,2.063323213739101103e-01,4.544888213179771319e-01,5.363914222760680639e-01,5.178726108393274519e-01,5.185578197060427552e-01,4.557059700666630797e-01,3.161963196411564092e-01,2.616775357911039768e-01,3.008289747557562621e-01,3.090803760738947692e-01
-8.722631576724815261e-03,-9.849905477994069791e-02,-1.855037232889737986e-01,-1.677975973731802295e-01,-7.820200894171458472e-03,9.563691611626634614e-02,1.443145925529235596e-01,-3.443683655693356993e-01,2.990783281527583659e-01,-1.523550032980314217e-01,-1.869622216074489085e-01,-1.858455473117945900e-01,-1.578165092277059589e-01,-1.229386186289027627e-01,-7.747772023322685442e-02,2.150110440860752981e-02,1.068805264248631204e-01,-4.251158501020148028e-01,-1.620489807482183853e-01,-1.600700374484085309e-01,-1.402967047807006651e-01,-1.228736556605574126e-01,-1.236504018770305802e-01,-1.143748143245473248e-01,-1.524808912651254289e-02,7.755852041664647034e-01,-3.673272364788182642e-02,-8.377795962433809418e-02,-8.436790161213814088e-02,-7.276331864450980014e-02,-6.030588303851436294e-02,-3.481027718278739691e-02,-2.604271997147078466e-02,-3.586971185760723380e-02,3.624177122230987091e-02,-3.987133487950000887e-02,-4.248444944468843243e-02,-8.402063555510708159e-02,-6.081665671561242714e-02,2.972957576993351392e-02,3.773539280842663768e-02,-2.854126504579501677e-02,-2.181530311189316951e-02,-4.659439063159231953e-02,4.499557052596914186e-02,-2.905554809902810565e-02,-2.581213769279644410e-02,-3.535146304430936137e-02,-2.132826725417336089e-02,-2.635094289486300534e-02,-6.245677773322144688e-02,-4.217780644741742080e-02,-1.457649362920032665e-02,-1.735268824184577063e-02,-3.510094398414426164e-02,-4.282774107416742471e-02,-7.630456563733983844e-02,-4.989046961391946367e-02,-6.263093485698451035e-02,-4.753924675706966418e-02,-6.996053745147456926e-02,-2.916343182767883180e-02,-2.862819425687723740e-02
-2.265954412583565114e-01,-2.736743883418386591e-01,-2.718266859291265103e-01,-2.746468940088734323e-01,-2.857534157293148969e-01,-2.930145280429419241e-01,-2.775861882477628217e-01,-2.199304519337425545e-01,-9.817259306212133829e-02,-2.037777573878436499e-01,-1.817559521309375370e-01,-1.816410530687577740e-01,-1.889874230404409161e-01,-1.907332331547182402e-01,-1.985600609318973753e-01,-1.984506366337990269e-01,-1.726265916128034705e-01,9.715843926830591837e-02,-1.696536170048918990e-01,-1.584157966572523613e-01,-1.606949772281260902e-01,-1.666231849763748496e-01,-1.669107182450031424e-01,-1.701834361682614816e-01,-1.795158592664261032e-01,-1.565588841558545052e-01,5.384269166844459775e-01,-1.161193446673943752e-01,-1.192932370870054548e-01,-1.244394869011347105e-01,-1.296896781838817736e-01,-1.267088032035865730e-01,-1.247784560432498857e-01,-1.297132632991354617e-01,-1.325741037431903413e-01,-9.424067084123122218e-02,-8.374360928198493204e-02,-8.257345633463386569e-02,-8.339194036048830361e-02,-9.200549425087406474e-02,-9.496502965266262475e-02,-9.805743173412662106e-02,-9.889148500857114499e-02,-9.795656556906684465e-02,-8.550289209704442506e-02,-7.093813350459343692e-02,-6.829819472049780682e-02,-7.169473440396645358e-02,-7.462916783485928907e-02,-7.131961658757224320e-02,-8.309262134492367835e-02,-7.032603218689259528e-02,-7.653391625697458789e-02,-6.536863031775741462e-02,-5.523227472938346816e-02,-5.444693436103131834e-02,-5.122288731017418661e-02,-5.241185581373025704e-02,-5.327283038922381309e-02,-4.865654897186266759e-02,-4.735949301650299592e-02,-4.844194996253303742e-02,-4.466961352393272744e-02
-2.051259902917673017e+00,-1.526115240159858555e+00,-1.216209678696530627e+00,-1.132795270204979943e+00,-1.060234408746823842e+00,-1.163429009960953664e+00,-1.247517438286064539e+00,-1.437329262670916208e+00,-9.044261470777805734e-01,-3.928309633587192540e-01,-3.826965398117161410e-01,-3.536549647745234060e-01,-3.279708269265269038e-01,-3.612611638432061678e-01,-4.762029360211490481e-01,-4.760177689430287185e-01,-5.230657562992599985e-01,-2.157483886829791864e-02,-2.416637137559949355e-01,-3.759654863376744593e-01,-3.800250251002978974e-01,-3.494822247720651420e-01,-3.761831725242562596e-01,-4.374808186082749240e-01,-4.684470288880430155e-01,-4.239068866045549999e-01,-1.825078144734416652e-01,7.340764463463683720e-01,-2.214999560409169899e-01,-3.087037795881306668e-01,-2.819044769036713194e-01,-3.373212032338657185e-01,-3.294265330810892678e-01,-3.341101087176123752e-01,-3.427102114486123563e-01,-3.292914365577865876e-01,2.316079038874276907e-01,-1.734785841202212686e-01,-1.268537353720871619e-01,-7.121982996226755569e-02,-2.011889836789431674e-01,-2.034552379818149181e-01,-2.000280061104368068e-01,-2.585733980351842543e-01,-2.461363598760816229e-01,1.697103956186274409e-01,1.681708874020382272e-02,6.733650289541942557e-02,7.831732056435730671e-02,-9.902702295980297942e-02,-2.792553148002052676e-01,-2.123651967845615607e-01,-2.673069338988757759e-01,-3.076160708031662749e-01,2.330495601125641414e-01,1.408536446049510893e-01,2.496005319711836756e-01,2.090248043294729574e-01,-4.383659780595189348e-02,-2.849257816764469431e-01,-2.339203132807938235e-01,-3.222118359264678489e-01,-4.070941040209869466e-01
6.383863080459421191e+00,5.620411402304902104e+00,4.824066368033060215e+00,4.491529457527581926e+00,4.193964816953285712e+00,4.336579106165420860e+00,4.378455269467544042e+00,4.324876797040129617e+00,1.994827710548266797e+00,2.103849858226275682e+00,2.038842944479716479e+00,1.937976063760013634e+00,1.951878652844227346e+00,2.002446660306578696e+00,2.164175067304905831e+00,2.094314155146848044e+00,2.210342859119110770e+00,9.081939137451603417e-01,1.313447356453881998e+00,1.767891048915867014e+00,1.720764685130125704e+00,1.710423348044008307e+00,1.707903497406982662e+00,1.869349246689236521e+00,1.956373385667613984e+00,1.822690289801378594e+00,1.341154888745456075e+00,6.771256792672096791e-01,1.784676943189960507e+00,1.313812261324973196e+00,1.107419250900933960e+00,1.166529213763665140e+00,1.044011123658897144e+00,1.161551152095251283e+00,1.240324487712639812e+00,1.315284536140753913e+00,-3.749749945981716293e-01,2.949615099986060973e-01,2.091974525471035629e-01,2.853467104901140083e-01,7.276464816544706560e-01,7.453917896605155580e-01,7.546011208406508963e-01,9.821499910508445508e-01,1.077099274600531009e+00,-4.784604995848279474e-01,-1.004150174972768816e-01,-1.599228811561912433e-01,-2.059245938017257305e-01,1.674936704048328173e-01,6.196136764312855094e-01,6.095680226474402552e-01,7.953069399149126362e-01,1.020273655670446367e+00,-5.965912788927518751e-01,-3.963221025757105442e-01,-6.255858134813384597e-01,-5.398853727664456592e-01,4.581354714466284728e-02,5.522046811638073871e-01,6.147941858289602823e-01,8.249143325370573709e-01,1.122153554114838414e+00
-5.587126280117554522e+00,-6.816292708762106578e+00,-6.605791132669993182e+00,-6.441314691056047259e+00,-6.363585416281120288e+00,-6.218846284035422833e+00,-6.002516290937792043e+00,-5.197377455972152838e+00,2.118532660069388784e-01,-3.754723227113677453e+00,-3.752867504466748549e+00,-3.657793818751479353e+00,-3.976622115240313615e+00,-3.919889890484294703e+00,-3.789454408723979650e+00,-3.770120613461138248e+00,-4.054173051348162637e+00,-3.117779563524956554e+00,-2.759622150847412136e+00,-3.147071845894852338e+00,-3.246529351566814992e+00,-3.434182022942673829e+00,-3.396004137219894137e+00,-3.502250126056452917e+00,-3.566975456829028168e+00,-3.356528044262064192e+00,-3.208320633452609094e+00,-1.278418065775259294e+00,-1.634514696472308071e+00,-1.493611811839583137e+00,-1.817535661415191850e+00,-2.081466983373013058e+00,-1.978203120407402427e+00,-2.348806999947708363e+00,-2.331018301262504089e+00,-2.713300220339701418e+00,-1.599412064703958081e-01,-2.375146270960172556e-01,-3.677026154996116958e-01,-7.842118089022400707e-01,-1.374609818617588797e+00,-1.240990356907600400e+00,-1.396319596867675372e+00,-1.893233078164173078e+00,-2.380798546221790879e+00,3.425837761949745985e-01,-1.194883552795390214e-01,-3.264108978422124441e-01,-3.085410516360965749e-01,-7.991757554956625542e-01,-8.845017740621551328e-01,-1.220795260633509294e+00,-1.567046236446309804e+00,-1.947136125509808968e+00,2.290556132737621986e-01,-2.900149682679147717e-02,1.504608521599193338e-01,6.628135454346156807e-02,-6.654666441326935189e-01,-6.929732914459736381e-01,-1.057758710038128047e+00,-1.331913760646454170e+00,-1.719417059060693198e+00
8.878991720863790293e-01,2.869419698981788613e+00,3.197983572169043498e+00,3.292194350040566597e+00,3.630331092391083203e+00,3.493887777507599157e+00,3.326673611612747550e+00,2.676882381794939203e+00,6.872003608058818713e-02,2.348868730899464907e+00,2.532711021091067494e+00,2.502459759508502302e+00,2.861506155809606877e+00,2.874196303687095000e+00,2.767777267535324270e+00,2.769197109234735166e+00,3.037162851838087985e+00,2.595290839564511565e+00,1.997819234357211204e+00,2.134498198281567394e+00,2.314637586350002163e+00,2.532384125310482847e+00,2.536726610986927533e+00,2.547007984624577226e+00,2.537010500316283501e+00,2.381216915053407490e+00,2.302766883368478013e+00,9.725798629458927147e-01,1.163762368151815885e+00,1.542532625877523156e+00,2.020122568342606062e+00,2.002766804442384529e+00,1.892984222031292241e+00,2.083153488707953027e+00,1.882314878643430056e+00,2.063875274270325466e+00,6.062325715412100191e-01,4.223776079214464629e-01,5.816870293133818981e-01,8.598977569606759408e-01,1.125990470241047259e+00,1.020677585584704783e+00,1.169833352704705565e+00,1.467597796666705534e+00,1.767080471076599490e+00,1.926922177750368670e-01,4.383281715195889716e-01,6.873465890136277734e-01,6.986652515951556897e-01,9.703199137909486183e-01,7.698617792508037905e-01,1.053472340992533729e+00,1.235928946143843854e+00,1.399280932242984665e+00,3.288216699343404215e-01,5.219954387162539788e-01,4.942204059563352625e-01,5.262907414458815047e-01,8.499273398419449066e-01,6.585806152418918202e-01,8.950097719980469879e-01,1.055022741329192826e+00,1.163180067188494871e+00
9.932556648901664786e-01,5.725801071787222085e-01,4.966734625545379256e-01,4.700728823688846703e-01,3.198141010482913327e-01,3.520913514491610385e-01,2.370103388948192613e-01,1.300626367660144833e-01,-9.678745255886391785e-01,4.099479458066124238e-01,3.157655776185008811e-01,3.435069430501971333e-01,2.877164588150826763e-01,8.972655197201473420e-02,-7.781854714291158714e-03,-6.072326998749044691e-03,-1.570816774197034693e-01,-2.986937640126263727e-01,3.260014031843434523e-01,2.849827474273494143e-01,2.507248322820347930e-01,2.189228185370344359e-01,1.907445340322915239e-01,1.922002168648420106e-01,1.750912245515110488e-01,8.695730234569221118e-02,1.366517770626205497e-01,3.448214132918379082e-01,3.670175676326838943e-01,3.984323434799335040e-01,4.267461621697080654e-01,2.398937549749466935e-01,-6.609272441086322392e-02,-1.731480552097930392e-02,4.458925095001342598e-03,-2.726819240028732771e-02,1.207395696242097305e-01,1.297676191822874081e-01,1.275240022500455095e-01,1.352155435743858658e-01,8.832138174761200444e-02,1.130976774090869386e-02,2.059503630339476477e-02,6.227229458779515170e-03,-3.972303191913040266e-02,1.530669972221430919e-01,1.421592666516033610e-01,1.023803581057992629e-01,9.852725999332720419e-02,4.573452346220474585e-02,1.748984326647889942e-02,6.261759768618369026e-02,6.243988017223500719e-02,4.656535996666355537e-02,7.890541889103143414e-02,4.033601899278991404e-02,-8.857641090946333229e-04,4.094809493888684759e-03,6.728215795239766983e-02,-1.388828014539467137e-02,4.075551325826087812e-02,3.953356246838124477e-03,1.394533158040393017e-01
8.734228363212344082e-01,2.021769590715725151e+00,2.475375574821288893e+00,2.401376779443403553e+00,2.540601170221370886e+00,2.108162922669537309e+00,1.624896945828567141e+00,8.164291947960642393e-01,-9.898156616990021472e-01,2.783364721289129484e+00,2.849923758323240186e+00,2.851233060504228423e+00,2.911995965445764334e+00,3.139741673998041271e+00,2.842199770551003368e+00,2.721044336143659592e+00,2.175762240760713784e+00,1.748360545147839451e+00,2.544735342026581026e+00,2.561952780634656257e+00,2.694986443218103656e+00,2.711094223867431374e+00,2.809366607694828488e+00,2.572724065305266983e+00,2.403216034487026143e+00,2.210742013819268159e+00,1.679475432354563758e+00,1.963751688550243513e+00,1.994117815845256603e+00,2.057890571917698974e+00,2.003292169933104994e+00,2.393439362028695339e+00,2.546873598355914314e+00,1.907432088699005934e+00,1.690383765138926631e+00,1.583959186629220861e+00,1.211433070450269822e+00,1.026223242418086823e+00,1.139323783328733963e+00,1.178692829719669044e+00,1.359544247219643509e+00,1.409237090632648792e+00,1.417147858909401315e+00,1.311938782764103140e+00,1.686907296868871864e+00,8.480454225958180547e-01,8.570304146309106752e-01,9.799268636918017084e-01,9.754679416484994814e-01,1.239375474097489160e+00,1.150258782780965827e+00,1.337299608704290765e+00,1.249147628968044987e+00,1.290939801090288386e+00,7.544313162513767157e-01,8.050388481904513505e-01,8.915195263652938573e-01,9.089354101346446280e-01,1.154193656814172186e+00,1.271243492735399938e+00,1.310117749917801611e+00,1.283270695835001529e+00,1.391463295706121261e+00
-7.767992509459951123e-01,-2.157448412978138830e+00,-2.686067861060852380e+00,-2.535460798608601962e+00,-2.637716786694785043e+00,-2.126315309055359037e+00,-1.574258324960863042e+00,-1.288046081653682284e+00,5.860843374828441643e-01,-3.049251238330953573e+00,-3.154157502478849295e+00,-3.164468713728039617e+00,-3.270248568178754311e+00,-3.354897628096782825e+00,-2.895491453365259815e+00,-2.727083252987108519e+00,-2.171837223623854563e+00,-1.701816480222016148e+00,-2.847762937223393465e+00,-2.811364813945930408e+00,-2.952660695495437970e+00,-2.967826115790510588e+00,-3.040388254844274663e+00,-2.774011099331392671e+00,-2.556054930969792416e+00,-2.365171752354378487e+00,-1.696558266148202598e+00,-2.165545722013488383e+00,-2.162026564612158364e+00,-2.202523132510353143e+00,-2.110519038938639902e+00,-2.007146626162736425e+00,-1.743099556055217825e+00,-1.168811400090088437e+00,-1.738406968237725891e+00,-1.761066457259610640e+00,-1.152679230712940761e+00,-1.116821084437242151e+00,-1.268780252914060824e+00,-1.308829882577912773e+00,-1.438785346972902612e+00,-1.397837083232830846e+00,-1.427650858989856664e+00,-1.344565417995182699e+00,-1.940004544553239674e+00,-9.569540033312675664e-01,-9.751571102085094811e-01,-1.117062331326122537e+00,-1.095375464278337097e+00,-1.380698684191454140e+00,-1.119708982511764539e+00,-1.424477753073161823e+00,-1.243408482962898187e+00,-1.354508559382781030e+00,-8.573560156902314544e-01,-9.211558597562482520e-01,-1.023371461815038019e+00,-1.013338806568310435e+00,-1.307620404050640950e+00,-1.346561544302615321e+00,-1.469733169893157276e+00,-1.304208957622387421e+00,-1.484808896965168268e+00
-1.172729516317168486e+00,-7.361022147779581193e-01,-6.157771326623020514e-01,-7.166306215679028035e-01,-7.470112868205750489e-01,-8.493375774168577808e-01,-9.487117718016153667e-01,-2.252006339901730381e-01,5.257590303376025176e-02,-3.972455979507898971e-01,-3.825236825576406874e-01,-4.043981123067025285e-01,-3.901837689560326283e-01,-3.811959448303002818e-01,-4.888323178157631954e-01,-5.407033431866378193e-01,-5.298729355388429596e-01,-3.552397362981332685e-02,-2.901089432028675641e-01,-3.448049864224576044e-01,-3.536482578908209384e-01,-3.705160095309117940e-01,-3.630760028242132620e-01,-3.871805569359162424e-01,-4.090097000902365165e-01,-3.648662171542990662e-01,-4.012931710357168780e-01,-2.616101931003723680e-01,-2.989828285746919945e-01,-3.162917985684664535e-01,-3.534828521465799289e-01,-3.950902995995061451e-01,-3.564093944946461479e-01,-2.799216490015534187e-01,5.492627455654164326e-01,-1.196984810717501846e-01,-4.334812120832145510e-01,-2.824694774069763659e-01,-2.419603270616246526e-01,-2.651543796029043332e-01,-2.898438805694653064e-01,-2.949964607492459034e-01,-2.785472860531880146e-01,-2.255864221544618409e-01,7.978449939532053503e-02,-2.560320584384117026e-01,-2.549436131988593868e-01,-2.417586269234450191e-01,-2.647983560629412758e-01,-1.779519163111313029e-01,-2.579623621313792414e-01,-1.762040100250166497e-01,-2.726032112637999383e-01,-1.674760464493103285e-01,-1.522240812909748664e-01,-1.647913829294245236e-01,-1.316450506414935662e-01,-1.608708209908970010e-01,-1.277118172063059498e-01,-1.380856644411379008e-01,-7.896214210683014101e-02,-1.878713452939641537e-01,-2.103220576665444930e-01
-3.123946779173252253e-01,-3.193513583451976778e-01,-3.159011915774425638e-01,-2.892192754383819953e-01,-2.710934347210840478e-01,-2.763961858397712135e-01,-2.187860171721136560e-01,-2.095644458630037121e-01,-2.551912612513952405e-01,-2.607829739357927501e-01,-2.729235269686444143e-01,-2.785811976599920081e-01,-2.744945294583620576e-01,-2.644903468272525870e-01,-2.723535642773913246e-01,-2.537317922613158139e-01,-1.578423690545069924e-01,-1.817835155970760619e-01,-2.362924750166841559e-01,-2.448821066462194551e-01,-2.403122997879371114e-01,-2.326209461975273785e-01,-2.203894476172854056e-01,-2.300625589417686356e-01,-2.196756110023559971e-01,-1.601637802356414841e-01,6.837833897774037162e-02,-1.817905878352222837e-01,-1.755440960232613756e-01,-1.685310423812511615e-01,-1.642076481465964966e-01,-1.649083363574511685e-01,-1.756700995460378500e-01,-1.710090633938415872e-01,-1.439263455897166200e-01,8.178825321691834960e-01,-1.068294613062167331e-01,-1.097899409276016508e-01,-1.130261642376996778e-01,-1.130978571640602337e-01,-1.085983986925515565e-01,-1.004462978835506393e-01,-1.047430971865289662e-01,-1.013575579668281046e-01,-2.646767629739410488e-02,-1.009255039233924872e-01,-8.714581079883003401e-02,-8.121157252424332507e-02,-7.954234841619894913e-02,-7.476622710062658106e-02,-5.030211336869755412e-02,-6.290142838672563297e-02,-5.008414216411061215e-02,-2.631358982494702570e-02,-7.985040266218844385e-02,-8.105095707187420784e-02,-7.928231240704455840e-02,-7.153399749205285874e-02,-7.004794669277070174e-02,-6.332318616841187131e-02,-5.770763992472893733e-02,-3.055441116713997207e-02,-4.188734222974166421e-03
2.960625755820678329e-01,7.747620730851245696e-02,6.794427102162847731e-02,1.182133381788603721e-01,9.906878025279031164e-02,1.031999293466663303e-01,1.164421566081381698e-01,1.621192071383554811e-01,3.176729310490497560e-02,1.170078058308026137e-01,1.005932535661449023e-01,1.165348296504489234e-01,1.249885215824466655e-01,1.323537010822692928e-01,1.299597763855433463e-01,1.266738309917996297e-01,1.517123944305904804e-01,1.658441108998929270e-01,1.757759160719385427e-01,1.535100921038567989e-01,1.513376851727992189e-01,1.514581040746287854e-01,1.438083180929887739e-01,1.486630025206676642e-01,1.471557404095169552e-01,1.723410331469092949e-01,1.234672328271630981e-01,1.311909083288380629e-01,1.291043223992582867e-01,1.293520223579518458e-01,1.324422100939621760e-01,1.395380261324554727e-01,1.316171481970738188e-01,1.222275349917998355e-01,1.042379313496213378e-01,9.318434609765247068e-02,3.149433242861707782e-01,1.942108025185443898e-01,1.336066729518661234e-01,1.204617480156280340e-01,1.090142093044763616e-01,8.981769233558112298e-02,7.701289182838433334e-02,6.135225047376247076e-02,-6.720567152669021382e-02,8.040255796823886358e-02,5.632595767045978086e-02,3.864910355035144907e-02,4.146473834825759042e-02,5.128352248961254300e-02,4.617081417208779293e-02,3.685751199363407338e-02,5.319332864847403641e-02,3.386211810153216817e-02,9.837440773883693312e-02,7.015194066667301831e-02,3.295915263742459078e-02,3.021182014587095455e-02,4.496550226177903342e-02,4.748732537986954938e-02,2.728009615079274308e-02,3.453417381974466238e-02,6.908258482664197953e-02
1.239188204065195142e+00,3.578967973592523943e-01,2.581366533466886715e-01,2.429996381834691466e-01,1.193212526770610626e-01,-1.392556521068297748e-01,-2.272291876869978466e-01,1.649410049103565701e-01,1.242353355474230536e-01,2.583569831932824856e-01,2.861188147375866020e-01,2.236240619962150955e-01,2.145047033130114134e-01,9.431102215587650051e-02,5.886739292869136442e-02,8.032031854747323507e-03,-1.218477092159212516e-01,-8.748524561250625720e-02,4.732879258505616749e-01,4.425679446376280524e-01,4.235547085484072660e-01,3.878759502615184429e-01,2.956781591275824406e-01,2.297790524929581579e-01,1.831186434755917025e-01,2.490340770824861494e-02,-2.129189410211330680e-01,4.566731594927939675e-01,4.580602166266810604e-01,4.291120909084414903e-01,4.276441572173630412e-01,3.976180501472343920e-01,3.078152961593879633e-01,2.846637087223324314e-01,2.036347062618176773e-01,1.112060606804633478e-01,1.210895163121534779e+00,8.860333441167701496e-01,6.318961572748611477e-01,5.426213122637557618e-01,4.178213494261603378e-01,2.842961369889326906e-01,1.566681600178462530e-01,1.151979653535352699e-01,9.048133363537641527e-01,4.727614955758442927e-01,5.139070851610753055e-01,4.336697769246283252e-01,3.690975462064628454e-01,2.822093037659144099e-01,1.742227291977239134e-01,1.610926075636744947e-01,1.709596080919786321e-01,2.178375944364582262e-01,1.855129688679305611e-01,3.675085488710512216e-01,2.810250365363864411e-01,2.438207531641692905e-01,2.005285561526207738e-01,2.063466232674475709e-01,1.449718891455562542e-01,1.670107911767904074e-01,4.578325322934653219e-01
-1.536252431049123901e+00,-2.225674643994939306e-01,-1.192730993489290459e-01,-1.969715970813006312e-01,-2.221217835555473474e-01,-6.643868962515897536e-02,-2.706890928107541505e-02,-3.113156898278052198e-01,-7.973407216819416998e-01,-2.397810549884004661e-01,-2.626165697667016685e-01,-2.458390781439683259e-01,-2.809086246174554713e-01,-2.492210300950497004e-01,-2.154931457683838536e-01,-1.514515994651730590e-01,-5.675691477142674746e-02,-4.822472023405871555e-02,-5.230462525079204728e-01,-5.359624884497347086e-01,-5.340085797083734542e-01,-5.186648843797987407e-01,-4.910582141722835692e-01,-4.458502411121859077e-01,-3.727436786641653566e-01,-2.401038207318335616e-01,1.485629875964186719e-01,-5.029096665935428589e-01,-5.370223363492776514e-01,-5.535327610811198173e-01,-5.876664893062210071e-01,-5.559733014172284493e-01,-4.631249336332630140e-01,-4.366826115084398441e-01,-3.067999582042733042e-01,-1.449913104878791104e-01,-8.340787287486430834e-01,-4.460693606287809421e-01,-2.013847303685133983e-01,-1.568405881443624694e-01,-1.563784027362803974e-01,-2.146584754038789733e-01,-2.200311891337472237e-01,-3.803080016808180197e-01,-9.935884044099690948e-01,-2.787858804554572134e-01,-3.480101806078641502e-01,-3.015310578256170659e-01,-2.896284588754521883e-01,-2.282212517607237201e-01,-2.653543699413013490e-01,-2.791550722350062408e-01,-3.736142687635563009e-01,-4.280093994764191390e-01,-7.020491033780662526e-02,-3.046491129680392596e-01,-2.314611070736363740e-01,-2.699895727044639981e-01,-2.468043715849915221e-01,-3.560845381608672144e-01,-2.968623130476762961e-01,-4.214094836226145446e-01,-1.168470011523315755e+00
8.470682195202543507e-01,4.897273370226146172e-01,5.125702566594833032e-01,5.241438760893392113e-01,5.986556715801250039e-01,5.804233174719856114e-01,6.371129562202204610e-01,5.779700648715153655e-01,8.706169016986797793e-01,1.494036347569085432e-01,1.896897050404912632e-01,2.406564329550818226e-01,2.739089370044404670e-01,2.580648797980698017e-01,2.011059413327024870e-01,2.181979652263416058e-01,2.682423259905921675e-01,2.639080654755884270e-01,1.499282075630461453e-01,1.881469878731867884e-01,2.338259494397918747e-01,2.512386464949197262e-01,2.771449614683609286e-01,2.386062046897647337e-01,2.098302374078968580e-01,2.725661634751384010e-01,2.727243152738531018e-01,1.208402977552088531e-01,1.467025360562438929e-01,1.887385496976524690e-01,2.279222553792658590e-01,1.717115024720304306e-01,8.561525343228021390e-02,1.092079342269507980e-01,9.509448842554701908e-02,1.053252667684467792e-01,2.609577832403897069e-01,2.950184777852208340e-01,3.682979832866736247e-01,4.538499129367097318e-01,2.418114011664526108e-01,-1.090192669116740454e-01,1.693808783883510305e-02,2.175034170597541783e-01,1.514886144578306837e-01,-8.185773242309553333e-02,-3.646878531705273485e-02,1.974162648767704281e-03,3.631775024508666211e-02,4.827005852723961765e-02,4.189007336644702539e-02,8.476108706797905179e-02,1.776788520457122100e-01,2.020272220199946234e-01,-1.071668827237208382e-01,-1.821741867323826980e-02,2.669514401209216459e-03,4.928403665147329527e-02,1.001868013932724899e-01,4.878396983425078992e-02,5.451022861831777977e-02,1.264933164092573725e-01,8.412816372553229005e-01
-9.488042879596328971e-01,-9.232370552748004888e-01,-8.924750577194328072e-01,-8.647151679002728075e-01,-8.434021843611679836e-01,-8.055312628660011853e-01,-6.842362462911715237e-01,-4.878566563598638606e-01,-2.329453788100670497e-01,-7.131746488580954502e-01,-6.940384975161925096e-01,-7.240339725238268409e-01,-7.208582192725513371e-01,-6.082237782596876530e-01,-5.606276261569869135e-01,-5.344456091246932994e-01,-4.677997220602398976e-01,-3.443507347157885867e-01,-6.841288497459153684e-01,-6.586402478961705942e-01,-6.466704765714851311e-01,-6.468565419075820166e-01,-5.848937138240868361e-01,-5.482813598999204396e-01,-5.156504379284482242e-01,-5.045225721187860390e-01,-5.051471890463921088e-01,-5.052711869913881770e-01,-5.057130197649429837e-01,-5.256298831723493770e-01,-5.466114443174061588e-01,-4.366406827516617906e-01,-3.159228742692283265e-01,-3.302962979128776233e-01,-3.148896221603219026e-01,-2.873737529741654528e-01,-3.421373235245740441e-01,-3.871549191873247531e-01,-4.183467596067604877e-01,-3.911325606608563321e-01,-2.410924364963805133e-01,-7.071339517146560394e-02,-8.509706357613247563e-02,-7.778999536639763512e-02,-1.142904099082698854e-01,-2.844788497550225781e-01,-2.882328820525315582e-01,-2.606312605309772379e-01,-2.514378573870152955e-01,-2.403887932747487688e-01,-1.919746936814979710e-01,-1.890496172430018995e-01,-1.949849165876854085e-01,-1.559506159764046385e-01,-2.446149249739305032e-01,-2.456675986256905420e-01,-2.273092790612544489e-01,-2.081431721711632099e-01,-2.226480705972650465e-01,-1.295186446709271078e-01,-1.068048676082337389e-01,-9.613868043252160600e-02,-3.941563534675991409e-01
6.467494264004338689e-01,9.862199294005804528e-01,1.001614827375330918e+00,9.560962609892680319e-01,7.784742956136725400e-01,8.345426871991479256e-01,7.253988029710658481e-01,4.082498035200523567e-01,-1.145126515008683121e-01,1.278411417690064500e+00,1.132294953772967627e+00,1.077000501398540644e+00,1.041587846445251264e+00,8.679843347792949304e-01,9.403960754793966315e-01,1.001587889616898153e+00,8.191131958823358872e-01,8.777680549925569453e-01,1.099904748992832415e+00,9.831533788982186328e-01,9.527282806123170689e-01,9.217793465044586965e-01,7.747506295169249713e-01,8.235712145962795772e-01,8.599857751046856569e-01,7.504705916899969687e-01,8.735324577932948031e-01,8.665718979651331200e-01,8.417798238091044327e-01,8.068899500282425974e-01,7.780501381601526711e-01,7.069105619999027645e-01,6.028609002332583344e-01,6.221264951558957979e-01,6.398197441290068843e-01,5.439543788782922329e-01,1.254983729642106915e+00,1.180176210009807214e+00,1.060223122706043686e+00,8.699201974377948066e-01,8.853267255727137464e-01,9.739409989847475080e-01,7.733357644914881091e-01,5.253581025012796779e-01,3.767076602312425804e-01,7.477111011825542386e-01,6.828332864064683427e-01,5.898184951122650288e-01,5.110180494853424626e-01,4.985300770901722744e-01,3.978881948979248184e-01,3.359793530408677897e-01,2.680220202259804840e-01,2.675307487391613837e-01,6.582210063505609110e-01,5.753246019560671609e-01,5.227087288167233670e-01,4.125842333153351138e-01,3.712737361019708415e-01,3.329582765100651542e-01,2.885367234837913353e-01,2.038545581577752841e-01,-1.627629453966802364e-01
-1.298426135690884164e+00,-9.745746104644288366e-01,-8.783360235990478326e-01,-7.719532410610068229e-01,-7.359664498551778955e-01,-1.002915934626453343e+00,-1.264421505954726133e+00,-1.626175150909957345e+00,-5.241762432222313306e-01,-1.155165005333472994e+00,-9.281945268154858653e-01,-8.095865101531638519e-01,-8.044890832896630650e-01,-7.936520703913756414e-01,-9.650064642197009324e-01,-1.216195522416013031e+00,-1.476153820277859907e+00,-1.814403229821336616e+00,-8.922279672773465453e-01,-8.128294142889248564e-01,-8.230639173063249991e-01,-8.097835936710232607e-01,-7.455105374099728621e-01,-8.436169244380612442e-01,-9.913960476186853832e-01,-1.051770636271381232e+00,-1.568861590137524242e+00,-7.678962679338403596e-01,-7.784711861118362997e-01,-7.643188651444305926e-01,-7.619228818623196009e-01,-7.957445576909505380e-01,-7.232330084066559417e-01,-8.053654756699241135e-01,-8.910318607528996404e-01,-9.876482075289481077e-01,-1.072667095663449643e+00,-9.969464714514451043e-01,-8.464138709982622633e-01,-7.361067445474355209e-01,-7.126425121878411373e-01,-4.524850904458985745e-01,-4.562231395242422605e-01,-6.893428136144490459e-01,-6.213555907381672627e-01,-6.088851879593590866e-01,-5.553804863775377854e-01,-4.643251532777303847e-01,-4.007724505627520695e-01,-5.026697133514397287e-01,-4.543182900101516708e-01,-4.273754844772971184e-01,-5.523836734136160498e-01,-7.416152629056194101e-01,-3.790588933381002779e-01,-4.136580333048961999e-01,-3.559620003913142594e-01,-2.932892126787072784e-01,-4.313190131972889918e-01,-5.175296492205159193e-01,-4.611367449360834203e-01,-5.399634078937927129e-01,-5.015911193250963684e-01
1.768173102711956268e-01,-3.805159842281324867e-01,-4.609663911600007102e-01,-4.439493542196445430e-01,-3.655646812823574177e-01,-2.083649438651737906e-01,2.644763522693882596e-01,7.854476355908726060e-01,5.880751253316884863e-03,-3.056206104616060459e-02,-1.812160611426296974e-01,-2.362582180205242133e-01,-2.118359927540770238e-01,-1.380656891943253528e-01,-8.189960506514432081e-02,1.377802530049427321e-01,6.568692753463603040e-01,8.077100220494488614e-01,-1.173346401622564761e-01,-1.444916274739756479e-01,-1.320527068135056159e-01,-1.122016752629783065e-01,-7.013236130379341127e-02,-1.729250867742526676e-02,8.355215547432356948e-02,3.454313782230812313e-01,7.630777925292446806e-01,-5.240731447436082491e-02,-3.302681272261293044e-02,-2.149838926934821703e-03,3.215750054703517269e-02,4.919827017412935211e-02,-3.108705760032953042e-03,9.740721672598737224e-02,1.765189635191019013e-01,3.037874748533836433e-01,-3.385406713799948841e-02,-6.145058441122352999e-02,-3.495922270441401136e-02,6.972460624838844323e-02,1.827519833002005933e-01,1.337094330341272452e-01,3.690943067906108932e-01,8.815818672318441740e-01,4.435891558778609634e-01,-1.202918201100350304e-01,-1.055146227586889612e-01,-7.856513705373083245e-02,-6.685630192024381857e-02,2.908578481055671544e-02,4.267269615040664155e-02,9.870173653400016178e-02,3.247616595457446520e-01,4.630563072582914996e-01,-2.389225339344495658e-01,-1.338484064180213706e-01,-1.368846456717154325e-01,-7.663951538535901387e-02,6.984144715744794452e-02,1.694225824399936409e-01,1.690644158842542488e-01,3.618820127749660109e-01,7.664377732394236364e-01
4.044422764423001304e-01,3.106718569078332770e-01,2.683126865179965570e-01,2.361268622222874036e-01,2.766688179264087388e-01,2.427314540989886638e-01,1.733004771829853574e-01,2.085825604849480541e-01,9.007861286232687892e-02,1.593202568716600709e-02,8.024427337063944066e-02,8.445768436206080310e-02,9.163545232390757356e-02,8.863239178591397760e-02,7.569523475996220441e-02,5.896661617058374105e-02,-2.047372334642361125e-02,-1.167994304516489779e-01,6.321289158981457934e-02,1.211838288290760790e-01,1.354225757625657778e-01,1.330346831993240997e-01,1.255752588982734785e-01,1.003980528431567265e-01,9.525417737390617923e-02,3.712214131614488544e-02,-8.907566954783208146e-02,1.155019775324792053e-01,1.493804802072421500e-01,1.518630874720339197e-01,1.525389536909010912e-01,1.559708953105970464e-01,1.380544517344034494e-01,1.251051064766717236e-01,1.166365585148689821e-01,7.526897533304532928e-02,1.224957088069483502e-01,1.471210628994814029e-01,1.149368662448687073e-01,1.122638435829341197e-01,1.255922025026424693e-01,1.224278806681530773e-01,1.082980312162137304e-01,1.021505543478743450e-01,5.982835059046861526e-01,1.378690970920284919e-01,1.555113604771801439e-01,1.536146065366681412e-01,1.444651207886457622e-01,1.360418567521721744e-01,1.035291258561291672e-01,1.044928646509428738e-01,9.390823874975595675e-02,1.032756319296916914e-01,9.669854143875239449e-02,1.174465340397581048e-01,1.144927335931480994e-01,1.155498861644519426e-01,1.096099340183478432e-01,8.501847920054572683e-02,8.672660370012275077e-02,9.569166557656316741e-02,9.000074904205646042e-02
-9.950162988867508052e-01,-1.326460181615050304e+00,-1.409720978091602461e+00,-1.606489412443197207e+00,-1.553442571659758631e+00,-1.390543524583290891e+00,-1.080987990608913707e+00,-6.876651033334594265e-01,-8.443873433630297853e-01,-1.192897168307335942e+00,-1.213469179088685790e+00,-1.256999408207735591e+00,-1.311175775439419100e+00,-1.222157997035602683e+00,-1.141408736861742490e+00,-1.074220716016991872e+00,-7.418686242457265267e-01,-8.775526688582327983e-01,-1.172142714759310200e+00,-1.151756661981234720e+00,-1.139690581176648454e+00,-1.194952677279221165e+00,-1.074939249237988337e+00,-1.046635511829780540e+00,-9.984653431902652532e-01,-8.548983302933708117e-01,-7.995523622584572720e-01,-7.761466440608653095e-01,-8.615730584940042291e-01,-8.919077600941818229e-01,-9.054431103111719725e-01,-7.767380294097289140e-01,-7.133862957019363460e-01,-7.091151150480936582e-01,-6.539104103858633943e-01,-3.919701729419624026e-01,-1.075169058964452334e-01,-5.398553602947708807e-01,-6.565866600922718455e-01,-7.855069183221782270e-01,-5.526872057620801915e-01,-4.194577628715476791e-01,-3.224245302057788809e-01,-2.353438497512441441e-01,-1.754283377541204780e-01,2.886240981861567523e-01,-4.353658833147019402e-01,-6.027486584393373370e-01,-6.090554371480949580e-01,-2.998022660990361521e-01,-5.807837832901707742e-02,-1.782126541187354363e-01,-1.401473377969146838e-01,-1.687255878082038196e-01,-2.015634488616053765e-01,-5.682103472806504518e-01,-6.684221932553129353e-01,-6.256518449342588495e-01,-2.886336450999760772e-01,-4.911224992188883282e-02,-1.301349676110989950e-01,-1.068454155119559837e-02,-1.141916889407838531e-01
1.265843393520475146e+00,2.407496013678904756e+00,2.696127359452119787e+00,3.062946178195519398e+00,3.267357176547768471e+00,3.019956620734321806e+00,2.387847127711504314e+00,1.647205001881940190e+00,1.205717452242027532e+00,3.335053648296901763e+00,3.242290399447839810e+00,3.370822014184477577e+00,3.469359902480410263e+00,3.347720500648340813e+00,3.230932418444937948e+00,3.090465126011318731e+00,2.523665178693352384e+00,2.801577094851697591e+00,3.074146047072025212e+00,2.990329877101320477e+00,2.989831000774897607e+00,3.059659709896093371e+00,2.920529079245396620e+00,3.027386828808639851e+00,2.938607484887803434e+00,2.637066624128472370e+00,2.634313253911652275e+00,2.132429891491956386e+00,2.199170263036634765e+00,2.264354492365041605e+00,2.260150007655350457e+00,2.149646712965466389e+00,2.202126185381257262e+00,2.251183475058703642e+00,2.218705903793169121e+00,1.699734624176506559e+00,1.478647871749260823e+00,1.850862720146958296e+00,1.789806605269574025e+00,1.796413660016341174e+00,1.524743023725173785e+00,1.331823020794480561e+00,1.303221952905921244e+00,1.389443831879333180e+00,8.703488562993368927e-01,1.544256169329327077e+00,2.016208396281428783e+00,1.813977228220906790e+00,1.624654118438479511e+00,1.303759838074729505e+00,9.846523365552208862e-01,1.026262248500071195e+00,1.018826138764988176e+00,8.788924327536865588e-01,1.248933911101832273e+00,1.423466680845881127e+00,1.481246234049832022e+00,1.277953550850141839e+00,1.009652525102552767e+00,7.223954123794465998e-01,7.280618003974392849e-01,5.360778987823301422e-01,8.597596967449034899e-01
2.224116375296457893e+00,1.144895378602738711e+00,1.017631184273166234e+00,9.238859634063709692e-01,5.338679172796592098e-01,5.572958631202742374e-01,6.531939522323111369e-01,3.211162592313137054e-01,1.440661413516026723e-01,-1.976332991068008582e-01,-4.561792426082890706e-01,-5.039479316287802657e-01,-5.260713272808594798e-01,-5.424275978527857145e-01,-5.813600722618227357e-01,-6.511950898291335443e-01,-1.167887292193503290e+00,-1.264190775148431811e+00,-1.334877033839990401e-01,-3.161244784662277096e-01,-3.255642265854874484e-01,-3.667242501432556034e-01,-3.710958059253965935e-01,-5.342764705868943143e-01,-6.140864088907489471e-01,-7.739201789529113196e-01,-1.028510617146441319e+00,-4.078070038426016009e-01,-3.900739512554836086e-01,-4.104498478662257366e-01,-4.374684075696697039e-01,-4.687022793990377467e-01,-5.479052401752942947e-01,-5.972787512566180013e-01,-6.427187473886692981e-01,-7.403377730350021446e-01,-9.097122557289849532e-01,-6.906492303887401540e-01,-6.304329962663985931e-01,-6.221236383255489555e-01,-4.652289412144870462e-01,-2.244069176592773385e-01,-3.113012940761192282e-01,-5.187013438781176156e-01,-2.236092631975987732e-01,-8.660685780066610384e-01,-6.861743253455846459e-01,-4.302138319126455057e-01,-3.873127669134922013e-01,-3.228946377754424724e-01,-1.718328486276912981e-01,-1.887759994109797501e-01,-2.985340106089620638e-01,-1.665820000833985459e-01,-7.457120356815243323e-01,-5.482716042573472226e-01,-4.382768281304965097e-01,-3.465672175258361909e-01,-2.946560677009392171e-01,-2.362463406067633331e-01,-2.200160267732181318e-01,-2.454095225909211642e-01,-4.801185336832774486e-01
-3.105946617206601701e+00,-2.512287624774254713e+00,-2.307565033280157163e+00,-2.289190580101770678e+00,-2.099283984231512079e+00,-1.927494699050325000e+00,-1.971775958956653696e+00,-1.634944277342453400e+00,-9.166247434773862057e-01,-1.565121196852750085e+00,-1.226363981760304478e+00,-1.198122808838252285e+00,-1.229639805457938273e+00,-1.153009250295427890e+00,-1.019807553814396694e+00,-9.371100498459687955e-01,-4.996295340432281851e-01,-5.462397505601056524e-01,-1.508096055673746605e+00,-1.265572035160920095e+00,-1.208174311511619470e+00,-1.196456911726135219e+00,-1.146247758433097230e+00,-1.044355941329787374e+00,-9.340040383891242692e-01,-8.579996662050664025e-01,-6.543822224496327333e-01,-7.993766644815207822e-01,-7.399091201109870841e-01,-7.169292942008969050e-01,-6.742699126756931394e-01,-6.533766316004718799e-01,-6.574615421103596757e-01,-6.802819156147325019e-01,-6.779240439461754475e-01,-4.202447996009290310e-01,-4.647733715969402102e-01,-6.435408106611852919e-01,-5.618904649107706595e-01,-5.277833342595407151e-01,-5.236412557449342531e-01,-3.476467849969712698e-01,-3.308712907610407705e-01,-3.642517822377345227e-01,-1.883788735645501311e-01,-5.529435700572296053e-01,-5.286033510241383571e-01,-4.717370502627816764e-01,-3.061387474609967296e-01,-4.089370978857636008e-01,-4.113491615895655817e-01,-3.860419080425092631e-01,-3.385185304093603076e-01,-2.932964932906620414e-01,-4.453462823393437020e-01,-3.912773571097917791e-01,-4.221715673607437935e-01,-3.287768945514302210e-01,-3.718062535918744138e-01,-1.996579948589683462e-01,-2.225348819004223933e-01,-4.162099988163304315e-02,-1.671104095971542303e-01
5.717541279178961489e-02,2.252968856936543585e-01,1.715313372927127489e-01,1.501330027447511650e-01,1.030839384353858246e-01,1.027100260994594505e-01,1.486056520874806663e-01,1.335472102666545036e-01,4.036607336095943133e-01,1.506779536327804703e-01,1.210716402566875960e-01,1.028235883081918267e-01,1.169783302986215912e-01,6.887699484042641984e-02,9.242144382957562243e-02,1.142892981201952818e-01,1.790750528034799061e-01,2.320238062306767546e-01,1.724458615560340302e-01,1.370659835658055714e-01,1.059418897937594028e-01,1.047348026707146662e-01,6.133744917982331124e-02,3.464995479876287199e-02,5.190128590229825534e-02,1.525909576651547361e-01,2.867513177797771373e-01,1.504523047632244648e-02,4.570210071572211596e-03,1.340921420107821227e-02,1.583083315919631140e-02,2.098416718074602727e-02,-2.956271414013666998e-03,3.741181599956955317e-03,1.240804832751207787e-02,5.233157667967303084e-02,1.131386291905327468e-01,1.177311214006994122e-01,1.335964127797827361e-01,9.656960736485054042e-02,9.673135331317606056e-02,-9.129475363750005901e-02,-1.004248743514162268e-01,-9.096695746955907325e-02,2.086918123944969672e-02,6.531439173677833221e-02,8.780473197782001638e-02,8.719576117328375897e-02,3.977044741617685730e-02,7.210696367858526745e-02,1.781201728743742052e-02,-1.078761059017796509e-02,-4.474209471756723788e-02,-4.660072826658873124e-02,1.281013191066994183e-01,9.209147197797740159e-02,1.008166994136674433e-01,4.739458807427432419e-02,-3.903772489203116702e-02,-6.234144727821888665e-02,-3.017851257562814693e-02,-1.047830601699302755e-01,-1.919196795103761399e-02
-5.422169340089455503e-02,-1.466122730615970760e-01,-1.547256048930475414e-01,-1.491468261977573206e-01,-9.111348361576321331e-02,-1.433162817974520387e-01,-2.013145411182621913e-01,-1.799769813246658856e-01,2.132484608863927100e-02,-3.378969557034863236e-01,-2.639993574088617123e-01,-2.479254032726387891e-01,-2.392800997198634150e-01,-1.845816867321152799e-01,-2.271412911966717574e-01,-2.776236091922862359e-01,-3.569435338581851136e-01,-2.554230868875471128e-01,-2.796986860643473349e-01,-2.366579432249982240e-01,-2.264801322085097102e-01,-2.146220673369089171e-01,-1.652785356992855226e-01,-1.957797516063158882e-01,-2.199623353218721489e-01,-2.999042214136801165e-01,-2.953364503497070692e-01,-2.136987587337461081e-01,-2.070607152956244201e-01,-1.970839089007450085e-01,-1.878476965307139812e-01,-1.696203494881339258e-01,-1.333062802016508619e-01,-1.390173019697819590e-01,-1.695920111302158251e-01,-2.488288195675967263e-01,-3.778540129855386676e-01,-3.502232532916534913e-01,-3.077993445140608242e-01,-2.360686218310726336e-01,-2.474540688225319585e-01,-2.866439655282883581e-01,-2.126869758374288488e-01,-1.253270566723461987e-01,-9.218771545137714740e-02,-2.051260413289163198e-01,-1.793201542760444189e-01,-1.478383459837980807e-01,-1.250672055468236010e-01,-1.165310281836388073e-01,-9.468370444461654545e-02,-5.602887302397813185e-02,-3.662407561094205288e-02,-3.802956669789410438e-02,-1.955763748846301997e-01,-1.569200621435496990e-01,-1.383840894651303666e-01,-1.016679642981351828e-01,-8.042786107634097847e-02,-6.392589128479755911e-02,-4.222235666978110813e-02,-1.173397119708101052e-02,1.339675442295903962e-01
-3.040250957245539176e+00,-2.957645137518493783e+00,-2.858531034415591421e+00,-3.060331497837586845e+00,-3.114949695878340030e+00,-3.144976817184545581e+00,-2.977727483714556200e+00,-2.440032209128410123e+00,-6.425005706792916715e-01,-1.620910425801463273e+00,-1.668240607434894551e+00,-1.810637363572441094e+00,-1.873435550044204145e+00,-1.856492725918790221e+00,-2.019390309877811873e+00,-1.990811340952452380e+00,-1.506621032326755483e+00,-3.310875805251651816e-01,-1.444394071961552450e+00,-1.545157088134744727e+00,-1.602105888706858217e+00,-1.679671553874205081e+00,-1.642663240457390428e+00,-1.705457285551940316e+00,-1.717378296758113043e+00,-1.387995970916774180e+00,-1.140441931721080771e+00,-1.245492282637798542e+00,-1.251783055923469501e+00,-1.292493353970020742e+00,-1.327202194315853623e+00,-1.253702076427401835e+00,-1.309668097086081673e+00,-1.349654119781010575e+00,-1.346900046080961921e+00,-7.728405534062260385e-01,-1.047847081416009241e+00,-9.425122036396527125e-01,-9.756386524705431551e-01,-1.095769751030149397e+00,-7.793059171738092594e-01,-6.468871095366842683e-01,-7.360892349756051889e-01,-8.943039642522840893e-01,-8.418123834400133010e-01,-5.819895334114711938e-01,-5.588315613488723521e-01,-6.056325771185520068e-01,-4.453991336810050328e-01,-2.875790537108826039e-01,-6.557431807003644142e-02,-1.984571568669810659e-01,-5.656870516960201822e-01,-7.219064400126231629e-01,-9.216200287114291179e-01,-9.006900864453663003e-01,-9.601154828735865010e-01,-7.934675168434750514e-01,-5.904562430253452732e-01,-5.571737397206671938e-01,-6.439560415126015513e-01,-7.920308605428745263e-01,-9.224870574113013255e-01
4.868903089962358877e+00,4.319873546367020367e+00,3.837450790190887417e+00,3.767569877900973196e+00,3.842347359118258421e+00,3.837652964698813562e+00,3.667652714087686228e+00,3.169399790119239668e+00,1.690210723991468544e+00,1.901498218058421452e+00,2.019848746612201928e+00,2.090817256039323446e+00,2.136954688908968336e+00,2.072944150038874334e+00,2.162574318251647032e+00,2.087334159333951611e+00,1.618061986063436652e+00,2.085447922952738953e-01,1.829556754959667630e+00,2.009110286854626892e+00,1.995288713262293179e+00,2.046299549516425120e+00,1.943148004633371784e+00,1.976847780561825418e+00,1.892984186023285442e+00,1.536610680935356132e+00,7.601707577964962326e-01,1.835442548264922369e+00,1.779070110771789448e+00,1.756701799135282238e+00,1.772727690667089462e+00,1.697848031996862073e+00,1.760825555706019285e+00,1.734241628775863298e+00,1.615209171351350337e+00,1.070867781237131222e+00,1.655828774210440946e+00,1.627864014502112378e+00,1.628887186064401638e+00,1.732224581123941398e+00,1.514890968569281515e+00,1.264135149243889922e+00,1.290165898916371123e+00,1.212809590282919459e+00,5.208494783469987954e-01,1.419421164943940106e+00,1.353963714455640011e+00,1.379329855402315008e+00,1.283770442113856936e+00,1.214704496226512553e+00,1.083107233765587596e+00,1.263769782408621811e+00,1.472080071821841862e+00,7.884996084154292095e-01,1.409867164509102766e+00,1.356777147344024659e+00,1.454054316425885007e+00,1.304493921601035833e+00,1.074231500146940466e+00,9.789841005065251789e-01,1.075599268518857343e+00,1.057812279786889409e+00,5.790118679004503388e-01
-4.817095269470919594e-01,-2.369007322618794653e-01,-1.053954965719361425e-02,2.751549315009915730e-02,-1.053645171367612043e-01,-1.342643576964208663e-01,-2.886737484916814811e-01,-1.036408777028230199e+00,-8.838688790690927277e-01,3.816311718969784827e-01,3.542360781849867024e-01,4.029819833570531529e-01,3.522159442124679352e-01,3.666768729512606129e-01,3.356340537333526441e-01,2.539306247695107821e-01,-4.168574514363809769e-02,7.736903585938748051e-02,2.648567294230195213e-01,2.450894137819950025e-01,2.460859930337542245e-01,2.327599284310517547e-01,2.546792208422679060e-01,2.509238562198681244e-01,2.100917658073440109e-01,8.617021067193020301e-02,2.835028062314481900e-02,9.300573257065325450e-02,6.417076462087178967e-02,4.503947250609874331e-02,3.549558492639204310e-02,3.616314841786683054e-02,6.891608876260546523e-02,6.335289267597188356e-02,4.323658164823207528e-02,-8.318786156387059094e-02,6.170145641944735360e-02,1.071005220987975015e-02,9.162174120239341413e-03,-3.997270752287584994e-02,-1.008122019390648161e-01,-2.196755147782725182e-02,-1.513122583260995135e-02,9.062357246663954591e-02,4.981707895211127113e-01,-5.358030506219135791e-02,-6.008667372603782031e-02,-8.395057811170536510e-02,-8.446808052729182226e-02,-8.436094558547579947e-02,1.850934106557833303e-02,1.332451468307116471e-02,1.009436370763363566e-01,8.777337006888983328e-01,-2.407835567918464870e-02,-8.359341776491657772e-02,-1.305762426117053066e-01,-1.357372957766905808e-01,-8.675648128247859248e-02,-4.824472102427196374e-02,-6.447501632260033144e-02,-1.493779407309303586e-02,2.736440417005965298e-01
1.960646855155073753e+00,2.268590494846167260e+00,2.305561118790918407e+00,2.390697536637050646e+00,2.369755229435424937e+00,2.458358254093758077e+00,2.277377301886368777e+00,2.088324844388275814e+00,2.433718780543132620e+00,1.301224822470757658e+00,1.416520824183873817e+00,1.481820376366523195e+00,1.502007397637264097e+00,1.548857551045510261e+00,1.659100367601316073e+00,1.588551407464029230e+00,1.240642313890846449e+00,1.049632525481670964e+00,1.167063961477143197e+00,1.231962043350867120e+00,1.246819484594064997e+00,1.276357529175158989e+00,1.324920171248323619e+00,1.384718671250344091e+00,1.344794299229302936e+00,1.162581650561743007e+00,9.688588683954358904e-01,7.857163929318137230e-01,8.355916439360759895e-01,8.421285192506990924e-01,8.522961416555865366e-01,8.943534401849899673e-01,9.297367247320043049e-01,9.300885300951291512e-01,8.625652504338116033e-01,6.055100016499268545e-01,4.729165764922363957e-01,5.324277291093394426e-01,5.268674011891609776e-01,6.222871627122117388e-01,6.430022792581527868e-01,5.928707614558662575e-01,5.410372263992426767e-01,5.022027534470965282e-01,4.453670239990859536e-01,3.216558353799410241e-01,3.788409192452814045e-01,3.982011508297471636e-01,3.795453885376794401e-01,4.509446558090827728e-01,4.623486361814744816e-01,4.925168628355136025e-01,5.143721266118617130e-01,6.213950711826771167e-01,5.544597461427213103e-01,3.973118983904873058e-01,3.489269061847828923e-01,2.915013866791914543e-01,3.860170756313545670e-01,4.502596358295313239e-01,4.515400503632606144e-01,3.948751424584321934e-01,5.135579775378462664e-01
-5.115662447449445871e+00,-4.873985829701550365e+00,-5.044760098638660928e+00,-5.252843598679984183e+00,-5.198244500184960870e+00,-5.355888127756580630e+00,-4.965768858932244179e+00,-4.062323968016475106e+00,-4.263841460457688193e+00,-3.035151930176999802e+00,-3.094182686502142676e+00,-3.309623954973437421e+00,-3.352976327792500211e+00,-3.378798143799713216e+00,-3.586457856133780098e+00,-3.430819270285447420e+00,-2.324911272702745446e+00,-1.754833793458935975e+00,-2.670944424375519155e+00,-2.748583570123800612e+00,-2.846713824610205723e+00,-2.891659146436994288e+00,-2.923213146694475739e+00,-3.056864554642015452e+00,-3.003659984753918266e+00,-2.394444325966829101e+00,-1.785090443053947595e+00,-1.765078412000533170e+00,-1.855418413640072428e+00,-1.913337018189652294e+00,-1.932001528996228457e+00,-2.024659978059256460e+00,-2.109458908264104871e+00,-2.130823898419034190e+00,-2.007822290663050069e+00,-1.273071900474413765e+00,-1.327862889911543887e+00,-1.412768176448131685e+00,-1.386865116192597114e+00,-1.534836515167617543e+00,-1.526354843412660367e+00,-1.405515299424406894e+00,-1.416365355142181537e+00,-1.422629611760723334e+00,-9.933455034513518633e-01,-9.864003885102401448e-01,-1.161485636982574343e+00,-1.187756214371500141e+00,-1.128165560171779491e+00,-1.268690294687380815e+00,-1.221514707029694113e+00,-1.283904213751848600e+00,-1.442321117087766336e+00,-1.422186268793862229e+00,-1.391758410716617822e-01,-2.962444641891924801e-01,-5.078084539073866033e-01,-4.628740890212191816e-01,-7.899245079134794567e-01,-8.969416351302335055e-01,-9.282672721016704820e-01,-9.817898940726486057e-01,-1.392328082668643052e+00
6.849530345656256181e-01,-2.062534853008908264e-01,-2.787114552998417594e-01,-2.982337647042410111e-01,-1.328707260468307005e-01,-5.465034959979675477e-02,-3.357846750971735794e-01,-2.017278994942870440e-01,1.545059894960365332e+00,-7.645968285359465710e-01,-4.581978924533127717e-01,-3.396621694035655281e-01,-3.553326387119473129e-01,-3.766287542190054349e-01,-2.854061529897722327e-01,-3.956680104690362132e-01,-8.251531260466300477e-01,-8.331769957946872918e-01,-5.953530334884986619e-01,-3.249212907605532052e-01,-2.782337522029381116e-01,-2.847486341056868486e-01,-2.892512384555006033e-01,-2.357384952540910739e-01,-2.055855900676226700e-01,-7.104321337287784477e-01,-6.503816524256231801e-01,-4.603390270837937059e-02,-3.115044013331669248e-02,-3.054790542338370329e-04,2.763514872792272037e-02,3.264036244117485275e-02,-5.972929563723861079e-03,1.509595358250903629e-02,-1.059700913152734625e-01,-4.969768587372811464e-01,3.533624830779873438e-01,2.093092800234612194e-01,2.661814411585801121e-01,3.209696340505754364e-01,1.170116270779115730e-01,-6.759694915703273743e-03,5.402977974285783080e-02,1.176695285526431212e-01,-9.796592006815041387e-02,4.999692811749207877e-01,6.328517131445865473e-01,6.127005747995071250e-01,6.950322013031386970e-01,3.827826671405668568e-01,1.461849779842011587e-01,1.255294627920893191e-01,3.017215868946682700e-01,2.059813993706007818e-01,3.163406811325401580e-01,4.844139993455467974e-01,5.422083278849099131e-01,5.915992631104245447e-01,2.861204579646493551e-01,1.876335952589597289e-01,1.892621255542178416e-01,4.069881352521425022e-01,6.756308753799297184e-01
2.714508608780299870e+00,2.732812602332479024e+00,2.704365095307087685e+00,2.862415939032942891e+00,2.708399989274471231e+00,2.644046910227728642e+00,2.826670894877634233e+00,2.023072620594355442e+00,3.019416423274752237e-01,2.288476308394526981e+00,1.858845772725527867e+00,1.853939296865121600e+00,1.916601023178779784e+00,1.915224874820277812e+00,1.885515290866488947e+00,1.947484626746173397e+00,1.751330519005886099e+00,1.448187201889973075e+00,1.991135083060196154e+00,1.691530517767181552e+00,1.697603142294556999e+00,1.741445695975809116e+00,1.692104722164461394e+00,1.672124994035678158e+00,1.656754512388350697e+00,1.818187480534273481e+00,1.283830358651570025e+00,9.736887812439418699e-01,9.666895331552016746e-01,9.861675628873037835e-01,9.788332331023850141e-01,9.750581144978511805e-01,1.007880963409299113e+00,1.039174018482141637e+00,1.125314515706384633e+00,1.017457438964186833e+00,5.284072948200093656e-01,7.992470289731919975e-01,7.448002873735384277e-01,7.582870579748751672e-01,8.167680566924612195e-01,6.574096830859127438e-01,6.824850773123660730e-01,7.356265292948638290e-01,5.539391667982469514e-01,4.760759064733132151e-01,5.342901033470155436e-01,5.893516864529323440e-01,4.600685337452029011e-01,6.098111160438270950e-01,5.739250454106100685e-01,6.672817396076431429e-01,6.641489291433758657e-01,6.031158291667790827e-01,2.338117153963409911e-01,3.333557344587689819e-01,4.924011316909878144e-01,4.386214965273769195e-01,5.381940989869977710e-01,3.483226139465308013e-01,4.144125838974356824e-01,2.604590320985065155e-01,2.700233336528263806e-01
6.666433829803005695e-01,4.351537285124640331e-01,3.967402873311385303e-01,3.678785123173542448e-01,3.670447070486451135e-01,4.157255470063625502e-01,4.493120038167632835e-01,5.198116059157921187e-01,6.922477435423008973e-01,-7.172699704883989114e-03,2.417289486445017843e-02,1.963168546574878270e-02,1.004373212100784230e-03,5.814907703001193084e-03,-3.784849260537015425e-03,-1.179399305609951654e-03,1.772189478083552316e-02,-1.347135345061678535e-02,-1.691636286661313271e-02,5.768342293357209272e-03,3.629450089307928451e-03,5.095282264244715975e-04,-7.650372266255978104e-03,-1.214306034566980941e-02,-3.732562477288148273e-03,-1.335886620450033035e-02,-1.389490429848068143e-01,7.536215258483958124e-02,5.595205116064860817e-02,4.095427200060708373e-02,3.545951735485353140e-02,2.506323131969767637e-02,2.506398186994496236e-02,2.363773794104839787e-02,3.469206711093320017e-02,2.213376233871899856e-02,1.829138431902466166e-02,-1.484586632694573360e-03,-7.177818442789973830e-03,4.136012840906122534e-02,-3.323701908750309464e-02,3.845014351483877491e-03,1.124953757094027118e-02,3.836507824036550218e-03,-7.499709172118285139e-03,1.133302462106311470e-02,6.212127265716183011e-04,6.950786748634918411e-03,4.243930265050555040e-02,4.028087344767095068e-02,-3.517913308571207764e-02,-9.928577906281432774e-03,6.319464687732145869e-03,1.801258473880262834e-02,-2.630309158382643231e-02,6.067234699029311340e-03,-8.294179377645760631e-03,4.949932395215261849e-02,1.968106081152788400e-01,1.930179630364703414e-02,2.269997434852177864e-02,6.352957236209189062e-02,7.818515289658400924e-02
-1.108340658820442526e+00,-1.005231416639953412e+00,-8.208674430304261360e-01,-7.556107891859176195e-01,-9.569900308725596272e-01,-8.819723374988224229e-01,-8.418918254038794124e-01,-1.044697839880116552e+00,-1.499077147926915599e+00,-5.229964593893920988e-01,-5.443169871980144681e-01,-4.617814004865983257e-01,-5.210741172429194101e-01,-5.948311027715265098e-01,-5.558126632651336774e-01,-5.017679698782102626e-01,-5.049894425365342165e-01,-4.134890514599121047e-01,-5.255822638102651823e-01,-4.939080556873809424e-01,-4.673865832421206790e-01,-4.898397894243715633e-01,-5.336281762404779805e-01,-4.979093050914635832e-01,-4.663226861838751791e-01,-3.989946263492378797e-01,-2.571290234393321938e-01,-4.680547302823815370e-01,-4.273942279520821508e-01,-4.258660714596665953e-01,-4.483483244171400095e-01,-4.762544852470123047e-01,-4.543553213862123741e-01,-4.645719168778217334e-01,-4.367824817632026679e-01,-4.146593215388287845e-01,-3.890718291375859783e-01,-2.424110256563309362e-01,-3.166344742547532176e-01,-3.093653479965423614e-01,-2.946486340796007353e-01,-1.932471513119564666e-01,-2.830519470415417960e-01,-3.572758525067456503e-01,-3.188949729904116959e-01,-2.350714732098061477e-01,-1.192267578073625822e-01,-1.032677438021076255e-01,-1.636534839959526977e-01,-1.445884377466171711e-01,-8.702280306720322489e-03,-6.429039280055726113e-02,-2.015338848039728292e-01,-2.132379938107342721e-02,-1.548089952014011228e-01,-1.495183882693174038e-01,-1.459644374994357729e-01,-1.864411566595881864e-01,-6.934855310088255953e-02,5.468030450014677024e-02,3.750294404593068620e-04,-1.546711401006792830e-01,-1.354081007866873021e-01
7.575549498710956176e-01,1.028512740245802970e+00,9.736589077284034666e-01,1.024321103727887428e+00,1.130272019221043145e+00,1.150170056676555141e+00,1.156112098554962442e+00,1.372914697246113480e+00,-1.864372727554945985e-01,6.269730147256492581e-01,6.860881740367568149e-01,7.291840643610141282e-01,7.722774459903753996e-01,7.887073627873908421e-01,9.047294043540421438e-01,9.619690915312558710e-01,1.056465504159423752e+00,3.307230145658517362e-01,5.230973562005525324e-01,6.091402488877348809e-01,6.327938243963578957e-01,6.732304409075939855e-01,6.877334582112378802e-01,7.334912042124470677e-01,7.555516064775973373e-01,7.703309750930021904e-01,7.954146599499849479e-01,5.661261867928906177e-01,5.464227614397567656e-01,5.503653440445951395e-01,5.660237417156543938e-01,5.848321923753929674e-01,6.294133419829720522e-01,6.372575272952349934e-01,6.760631739026611298e-01,5.964479932491935088e-01,4.745559224079093363e-01,3.597389680719978999e-01,3.617021126498586869e-01,4.332622987146474980e-01,4.012040036295895229e-01,2.943311245766330186e-01,3.242527237483715519e-01,3.558539053821134224e-01,2.871749905912162060e-01,2.149830435452558808e-01,3.797257652428498442e-02,2.551954393030964746e-02,-1.444486141429127402e-01,1.163383459699825206e-01,1.246090105847041385e-01,1.763524246517729210e-01,2.964082085352729989e-01,1.569109314088960871e-01,5.098687060787499004e-01,3.798690405514725255e-01,3.385004150619604357e-01,1.591494277234846710e-01,3.541401558693265672e-01,5.892081829097405299e-01,5.959817638749962398e-01,5.830973845677619449e-01,3.808123844355418841e-01
-5.261409524562046247e-01,-8.268561600490627050e-01,-7.355979698990209315e-01,-7.023773042321406201e-01,-5.399181674428201738e-01,-5.681512253460969664e-01,-4.656255955823311865e-01,1.860006935097111569e-01,1.332583000829296260e+00,-2.494681059747024809e-01,-3.765256703524821891e-01,-4.889570008732002648e-01,-4.077377962568025094e-01,-2.928191516479106138e-01,-3.461415196225146040e-01,-3.581339171013910860e-01,-2.180968884844389777e-01,2.915021394978249969e-01,-2.155832264447431479e-01,-4.033697105966199681e-01,-3.844813097898678311e-01,-3.707625876394287090e-01,-2.766535244761065826e-01,-3.000295037179842028e-01,-2.675122212226195284e-01,-2.308674265286501104e-01,9.691224067013926025e-02,-4.743616403072064558e-01,-4.166019055149207118e-01,-3.599975516852258473e-01,-3.350131043927097041e-01,-2.682194081239357430e-01,-3.399655235268578268e-01,-2.930552948003399827e-01,-2.519898763851522450e-01,9.287571608042499705e-03,-3.334202323928744383e-01,-4.336321747794579795e-01,-3.358152484330849674e-01,-4.066762891121259438e-01,-3.688150391818144636e-01,-2.054948316261620000e-01,-1.463805538026516917e-01,-6.516042929952947649e-02,1.556899684279859919e-01,-3.248186801323114103e-01,-2.714085192187497553e-01,-2.663344693767739080e-01,-1.024379266079541856e-01,-2.384973800070503414e-01,-1.838957171372281318e-01,-2.366827401963065847e-01,-1.716294900263032330e-01,-1.378632452558066213e-01,-4.643008439332276249e-01,-2.867931182456327499e-01,-2.642696162951028160e-01,-1.235298605995559934e-01,-1.622938216456920602e-01,-7.997506107626770055e-02,-9.163051030711383271e-02,1.038239593734072708e-01,2.108932505614888875e-01
-4.026171916168914677e-01,-1.631410769169026054e-01,-1.718611084811692002e-01,-1.871147653536233690e-01,-2.158618534616296714e-01,-1.993204874825753592e-01,-1.923074532943553905e-01,-1.461023968732444445e-01,-1.108375229077855906e-01,-1.864469336415508494e-01,-1.418195387628171655e-01,-1.365424049932102424e-01,-1.527393125459972634e-01,-1.867920614347206021e-01,-1.555985209051278240e-01,-1.358716987469736903e-01,-4.549327856766727241e-02,5.302629904835609587e-02,-1.834918388131130396e-01,-1.598395353241912620e-01,-1.674051744942086639e-01,-1.799833322412446313e-01,-1.841766367021517858e-01,-1.628766386907317676e-01,-1.542057964385536994e-01,-8.424333369287173578e-02,-5.778898725466952158e-02,-1.033393731674634997e-01,-1.001420414786993174e-01,-1.107180939401475328e-01,-1.159085068048176792e-01,-1.329028068404021212e-01,-1.120727899720334042e-01,-1.218040804770770258e-01,-1.167638393331930091e-01,-7.805630580700506638e-02,-9.814193103695317832e-02,-1.100931688516094409e-01,-1.298243662938257659e-01,-1.389181661848123972e-01,-7.842231760131890272e-02,-9.283196102685575823e-02,-1.174057939672632500e-01,-1.369810426405512760e-01,-1.826343969313921622e-01,-8.088434156305379652e-02,-9.882217327571898857e-02,-1.044167357864059509e-01,-9.751067954957257089e-02,-6.927324801164606860e-02,-9.861151663788181310e-02,-1.142066647384089584e-01,-1.198606231440512149e-01,-1.369840412966624177e-01,-5.970158997824587255e-02,-8.750778794198496580e-02,-7.811573531201565501e-02,-6.080251333135855418e-02,-5.973127858111892258e-02,-7.098973502695181403e-02,-5.095029152557176144e-02,-3.144986518505116235e-02,1.957848298319410929e-01
