2026-08-29 13:55:19,205 - INFO - Loading data...
2026-08-29 13:55:19,218 - INFO - Successfully loaded transformed data from /home/victor/Projects/regularized-MAR-vs-residual-LSTM-in-forcasting-IVS/data/processed/uncentered_train_data.csv with shape (2117, 63)
2026-08-29 13:55:19,224 - INFO - Successfully loaded transformed data from /home/victor/Projects/regularized-MAR-vs-residual-LSTM-in-forcasting-IVS/data/processed/uncentered_test_data.csv with shape (530, 63)
2026-08-29 13:55:19,235 - INFO - Successfully loaded transformed data from /home/victor/Projects/regularized-MAR-vs-residual-LSTM-in-forcasting-IVS/data/processed/uncentered_full_data.csv with shape (2647, 63)
2026-08-29 13:55:19,235 - INFO - Model: VanillaLSTM
2026-08-29 13:55:19,235 - INFO - Loading hyperparameters...
2026-08-29 13:55:19,235 - INFO - Hyperparameters: {'hidden_dim': 32, 'lr': 0.0055732925679973545, 'weight_decay': 0.0006379054443508774, 'dropout': 0.44527734650699713, 'num_layers': 2, 'batch_size': 128, 'seq_len': 10, 'max_epochs': 30}
2026-08-29 13:55:19,239 - INFO - Starting training VanillaLSTM...
2026-08-29 13:55:23,404 - INFO - Computing training MSE for VanillaLSTM...
2026-08-29 13:55:23,407 - WARNING - Not enough data to backtest for date 2016-04-01 00:00:00 - horizon 1
2026-08-29 13:55:23,407 - WARNING - Not enough data to backtest for date 2016-04-04 00:00:00 - horizon 1
2026-08-29 13:55:23,407 - WARNING - Not enough data to backtest for date 2016-04-05 00:00:00 - horizon 1
2026-08-29 13:55:23,407 - WARNING - Not enough data to backtest for date 2016-04-06 00:00:00 - horizon 1
2026-08-29 13:55:23,407 - WARNING - Not enough data to backtest for date 2016-04-07 00:00:00 - horizon 1
2026-08-29 13:55:23,407 - WARNING - Not enough data to backtest for date 2016-04-08 00:00:00 - horizon 1
2026-08-29 13:55:23,407 - WARNING - Not enough data to backtest for date 2016-04-11 00:00:00 - horizon 1
2026-08-29 13:55:23,407 - WARNING - Not enough data to backtest for date 2016-04-12 00:00:00 - horizon 1
2026-08-29 13:55:23,407 - WARNING - Not enough data to backtest for date 2016-04-13 00:00:00 - horizon 1
2026-08-29 13:55:23,407 - WARNING - Not enough data to backtest for date 2016-04-14 00:00:00 - horizon 1
2026-08-29 13:55:24,872 - WARNING - Not enough data to backtest for date 2016-04-01 00:00:00 - horizon 14
2026-08-29 13:55:24,872 - WARNING - Not enough data to backtest for date 2016-04-04 00:00:00 - horizon 14
2026-08-29 13:55:24,872 - WARNING - Not enough data to backtest for date 2016-04-05 00:00:00 - horizon 14
2026-08-29 13:55:24,872 - WARNING - Not enough data to backtest for date 2016-04-06 00:00:00 - horizon 14
2026-08-29 13:55:24,872 - WARNING - Not enough data to backtest for date 2016-04-07 00:00:00 - horizon 14
2026-08-29 13:55:24,873 - WARNING - Not enough data to backtest for date 2016-04-08 00:00:00 - horizon 14
2026-08-29 13:55:24,873 - WARNING - Not enough data to backtest for date 2016-04-11 00:00:00 - horizon 14
2026-08-29 13:55:24,873 - WARNING - Not enough data to backtest for date 2016-04-12 00:00:00 - horizon 14
2026-08-29 13:55:24,873 - WARNING - Not enough data to backtest for date 2016-04-13 00:00:00 - horizon 14
2026-08-29 13:55:24,873 - WARNING - Not enough data to backtest for date 2016-04-14 00:00:00 - horizon 14
2026-08-29 13:55:24,873 - WARNING - Not enough data to backtest for date 2016-04-15 00:00:00 - horizon 14
2026-08-29 13:55:24,873 - WARNING - Not enough data to backtest for date 2016-04-18 00:00:00 - horizon 14
2026-08-29 13:55:24,873 - WARNING - Not enough data to backtest for date 2016-04-19 00:00:00 - horizon 14
2026-08-29 13:55:24,873 - WARNING - Not enough data to backtest for date 2016-04-20 00:00:00 - horizon 14
2026-08-29 13:55:24,873 - WARNING - Not enough data to backtest for date 2016-04-21 00:00:00 - horizon 14
2026-08-29 13:55:24,873 - WARNING - Not enough data to backtest for date 2016-04-22 00:00:00 - horizon 14
2026-08-29 13:55:24,873 - WARNING - Not enough data to backtest for date 2016-04-25 00:00:00 - horizon 14
2026-08-29 13:55:24,873 - WARNING - Not enough data to backtest for date 2016-04-26 00:00:00 - horizon 14
2026-08-29 13:55:24,873 - WARNING - Not enough data to backtest for date 2016-04-27 00:00:00 - horizon 14
2026-08-29 13:55:24,873 - WARNING - Not enough data to backtest for date 2016-04-28 00:00:00 - horizon 14
2026-08-29 13:55:24,873 - WARNING - Not enough data to backtest for date 2016-04-29 00:00:00 - horizon 14
2026-08-29 13:55:24,873 - WARNING - Not enough data to backtest for date 2016-05-02 00:00:00 - horizon 14
2026-08-29 13:55:24,873 - WARNING - Not enough data to backtest for date 2016-05-03 00:00:00 - horizon 14
2026-08-29 13:55:38,593 - WARNING - Not enough data to backtest for date 2016-04-01 00:00:00 - horizon 30
2026-08-29 13:55:38,593 - WARNING - Not enough data to backtest for date 2016-04-04 00:00:00 - horizon 30
2026-08-29 13:55:38,593 - WARNING - Not enough data to backtest for date 2016-04-05 00:00:00 - horizon 30
2026-08-29 13:55:38,593 - WARNING - Not enough data to backtest for date 2016-04-06 00:00:00 - horizon 30
2026-08-29 13:55:38,593 - WARNING - Not enough data to backtest for date 2016-04-07 00:00:00 - horizon 30
2026-08-29 13:55:38,593 - WARNING - Not enough data to backtest for date 2016-04-08 00:00:00 - horizon 30
2026-08-29 13:55:38,594 - WARNING - Not enough data to backtest for date 2016-04-11 00:00:00 - horizon 30
2026-08-29 13:55:38,594 - WARNING - Not enough data to backtest for date 2016-04-12 00:00:00 - horizon 30
2026-08-29 13:55:38,594 - WARNING - Not enough data to backtest for date 2016-04-13 00:00:00 - horizon 30
2026-08-29 13:55:38,594 - WARNING - Not enough data to backtest for date 2016-04-14 00:00:00 - horizon 30
2026-08-29 13:55:38,594 - WARNING - Not enough data to backtest for date 2016-04-15 00:00:00 - horizon 30
2026-08-29 13:55:38,594 - WARNING - Not enough data to backtest for date 2016-04-18 00:00:00 - horizon 30
2026-08-29 13:55:38,594 - WARNING - Not enough data to backtest for date 2016-04-19 00:00:00 - horizon 30
2026-08-29 13:55:38,594 - WARNING - Not enough data to backtest for date 2016-04-20 00:00:00 - horizon 30
2026-08-29 13:55:38,594 - WARNING - Not enough data to backtest for date 2016-04-21 00:00:00 - horizon 30
2026-08-29 13:55:38,594 - WARNING - Not enough data to backtest for date 2016-04-22 00:00:00 - horizon 30
2026-08-29 13:55:38,594 - WARNING - Not enough data to backtest for date 2016-04-25 00:00:00 - horizon 30
2026-08-29 13:55:38,594 - WARNING - Not enough data to backtest for date 2016-04-26 00:00:00 - horizon 30
2026-08-29 13:55:38,594 - WARNING - Not enough data to backtest for date 2016-04-27 00:00:00 - horizon 30
2026-08-29 13:55:38,594 - WARNING - Not enough data to backtest for date 2016-04-28 00:00:00 - horizon 30
2026-08-29 13:55:38,594 - WARNING - Not enough data to backtest for date 2016-04-29 00:00:00 - horizon 30
2026-08-29 13:55:38,594 - WARNING - Not enough data to backtest for date 2016-05-02 00:00:00 - horizon 30
2026-08-29 13:55:38,594 - WARNING - Not enough data to backtest for date 2016-05-03 00:00:00 - horizon 30
2026-08-29 13:55:38,594 - WARNING - Not enough data to backtest for date 2016-05-04 00:00:00 - horizon 30
2026-08-29 13:55:38,594 - WARNING - Not enough data to backtest for date 2016-05-05 00:00:00 - horizon 30
2026-08-29 13:55:38,594 - WARNING - Not enough data to backtest for date 2016-05-06 00:00:00 - horizon 30
2026-08-29 13:55:38,594 - WARNING - Not enough data to backtest for date 2016-05-09 00:00:00 - horizon 30
2026-08-29 13:55:38,594 - WARNING - Not enough data to backtest for date 2016-05-10 00:00:00 - horizon 30
2026-08-29 13:55:38,594 - WARNING - Not enough data to backtest for date 2016-05-11 00:00:00 - horizon 30
2026-08-29 13:55:38,594 - WARNING - Not enough data to backtest for date 2016-05-12 00:00:00 - horizon 30
2026-08-29 13:55:38,594 - WARNING - Not enough data to backtest for date 2016-05-13 00:00:00 - horizon 30
2026-08-29 13:55:38,594 - WARNING - Not enough data to backtest for date 2016-05-16 00:00:00 - horizon 30
2026-08-29 13:55:38,594 - WARNING - Not enough data to backtest for date 2016-05-17 00:00:00 - horizon 30
2026-08-29 13:55:38,594 - WARNING - Not enough data to backtest for date 2016-05-18 00:00:00 - horizon 30
2026-08-29 13:55:38,594 - WARNING - Not enough data to backtest for date 2016-05-19 00:00:00 - horizon 30
2026-08-29 13:55:38,595 - WARNING - Not enough data to backtest for date 2016-05-20 00:00:00 - horizon 30
2026-08-29 13:55:38,595 - WARNING - Not enough data to backtest for date 2016-05-23 00:00:00 - horizon 30
2026-08-29 13:55:38,595 - WARNING - Not enough data to backtest for date 2016-05-24 00:00:00 - horizon 30
2026-08-29 13:55:38,595 - WARNING - Not enough data to backtest for date 2016-05-25 00:00:00 - horizon 30
2026-08-29 13:56:04,225 - WARNING - Not enough data to backtest for date 2016-04-01 00:00:00 - horizon 90
2026-08-29 13:56:04,225 - WARNING - Not enough data to backtest for date 2016-04-04 00:00:00 - horizon 90
2026-08-29 13:56:04,226 - WARNING - Not enough data to backtest for date 2016-04-05 00:00:00 - horizon 90
2026-08-29 13:56:04,226 - WARNING - Not enough data to backtest for date 2016-04-06 00:00:00 - horizon 90
2026-08-29 13:56:04,226 - WARNING - Not enough data to backtest for date 2016-04-07 00:00:00 - horizon 90
2026-08-29 13:56:04,226 - WARNING - Not enough data to backtest for date 2016-04-08 00:00:00 - horizon 90
2026-08-29 13:56:04,226 - WARNING - Not enough data to backtest for date 2016-04-11 00:00:00 - horizon 90
2026-08-29 13:56:04,226 - WARNING - Not enough data to backtest for date 2016-04-12 00:00:00 - horizon 90
2026-08-29 13:56:04,226 - WARNING - Not enough data to backtest for date 2016-04-13 00:00:00 - horizon 90
2026-08-29 13:56:04,226 - WARNING - Not enough data to backtest for date 2016-04-14 00:00:00 - horizon 90
2026-08-29 13:56:04,226 - WARNING - Not enough data to backtest for date 2016-04-15 00:00:00 - horizon 90
2026-08-29 13:56:04,226 - WARNING - Not enough data to backtest for date 2016-04-18 00:00:00 - horizon 90
2026-08-29 13:56:04,226 - WARNING - Not enough data to backtest for date 2016-04-19 00:00:00 - horizon 90
2026-08-29 13:56:04,226 - WARNING - Not enough data to backtest for date 2016-04-20 00:00:00 - horizon 90
2026-08-29 13:56:04,226 - WARNING - Not enough data to backtest for date 2016-04-21 00:00:00 - horizon 90
2026-08-29 13:56:04,226 - WARNING - Not enough data to backtest for date 2016-04-22 00:00:00 - horizon 90
2026-08-29 13:56:04,226 - WARNING - Not enough data to backtest for date 2016-04-25 00:00:00 - horizon 90
2026-08-29 13:56:04,226 - WARNING - Not enough data to backtest for date 2016-04-26 00:00:00 - horizon 90
2026-08-29 13:56:04,226 - WARNING - Not enough data to backtest for date 2016-04-27 00:00:00 - horizon 90
2026-08-29 13:56:04,226 - WARNING - Not enough data to backtest for date 2016-04-28 00:00:00 - horizon 90
2026-08-29 13:56:04,226 - WARNING - Not enough data to backtest for date 2016-04-29 00:00:00 - horizon 90
2026-08-29 13:56:04,226 - WARNING - Not enough data to backtest for date 2016-05-02 00:00:00 - horizon 90
2026-08-29 13:56:04,226 - WARNING - Not enough data to backtest for date 2016-05-03 00:00:00 - horizon 90
2026-08-29 13:56:04,226 - WARNING - Not enough data to backtest for date 2016-05-04 00:00:00 - horizon 90
2026-08-29 13:56:04,226 - WARNING - Not enough data to backtest for date 2016-05-05 00:00:00 - horizon 90
2026-08-29 13:56:04,226 - WARNING - Not enough data to backtest for date 2016-05-06 00:00:00 - horizon 90
2026-08-29 13:56:04,226 - WARNING - Not enough data to backtest for date 2016-05-09 00:00:00 - horizon 90
2026-08-29 13:56:04,226 - WARNING - Not enough data to backtest for date 2016-05-10 00:00:00 - horizon 90
2026-08-29 13:56:04,226 - WARNING - Not enough data to backtest for date 2016-05-11 00:00:00 - horizon 90
2026-08-29 13:56:04,226 - WARNING - Not enough data to backtest for date 2016-05-12 00:00:00 - horizon 90
2026-08-29 13:56:04,226 - WARNING - Not enough data to backtest for date 2016-05-13 00:00:00 - horizon 90
2026-08-29 13:56:04,226 - WARNING - Not enough data to backtest for date 2016-05-16 00:00:00 - horizon 90
2026-08-29 13:56:04,226 - WARNING - Not enough data to backtest for date 2016-05-17 00:00:00 - horizon 90
2026-08-29 13:56:04,226 - WARNING - Not enough data to backtest for date 2016-05-18 00:00:00 - horizon 90
2026-08-29 13:56:04,226 - WARNING - Not enough data to backtest for date 2016-05-19 00:00:00 - horizon 90
2026-08-29 13:56:04,226 - WARNING - Not enough data to backtest for date 2016-05-20 00:00:00 - horizon 90
2026-08-29 13:56:04,226 - WARNING - Not enough data to backtest for date 2016-05-23 00:00:00 - horizon 90
2026-08-29 13:56:04,226 - WARNING - Not enough data to backtest for date 2016-05-24 00:00:00 - horizon 90
2026-08-29 13:56:04,226 - WARNING - Not enough data to backtest for date 2016-05-25 00:00:00 - horizon 90
2026-08-29 13:56:04,227 - WARNING - Not enough data to backtest for date 2016-05-26 00:00:00 - horizon 90
2026-08-29 13:56:04,227 - WARNING - Not enough data to backtest for date 2016-05-27 00:00:00 - horizon 90
2026-08-29 13:56:04,227 - WARNING - Not enough data to backtest for date 2016-05-30 00:00:00 - horizon 90
2026-08-29 13:56:04,227 - WARNING - Not enough data to backtest for date 2016-05-31 00:00:00 - horizon 90
2026-08-29 13:56:04,227 - WARNING - Not enough data to backtest for date 2016-06-01 00:00:00 - horizon 90
2026-08-29 13:56:04,227 - WARNING - Not enough data to backtest for date 2016-06-02 00:00:00 - horizon 90
2026-08-29 13:56:04,227 - WARNING - Not enough data to backtest for date 2016-06-03 00:00:00 - horizon 90
2026-08-29 13:56:04,227 - WARNING - Not enough data to backtest for date 2016-06-06 00:00:00 - horizon 90
2026-08-29 13:56:04,227 - WARNING - Not enough data to backtest for date 2016-06-07 00:00:00 - horizon 90
2026-08-29 13:56:04,227 - WARNING - Not enough data to backtest for date 2016-06-08 00:00:00 - horizon 90
2026-08-29 13:56:04,227 - WARNING - Not enough data to backtest for date 2016-06-09 00:00:00 - horizon 90
2026-08-29 13:56:04,227 - WARNING - Not enough data to backtest for date 2016-06-10 00:00:00 - horizon 90
2026-08-29 13:56:04,227 - WARNING - Not enough data to backtest for date 2016-06-13 00:00:00 - horizon 90
2026-08-29 13:56:04,227 - WARNING - Not enough data to backtest for date 2016-06-14 00:00:00 - horizon 90
2026-08-29 13:56:04,227 - WARNING - Not enough data to backtest for date 2016-06-15 00:00:00 - horizon 90
2026-08-29 13:56:04,227 - WARNING - Not enough data to backtest for date 2016-06-16 00:00:00 - horizon 90
2026-08-29 13:56:04,227 - WARNING - Not enough data to backtest for date 2016-06-17 00:00:00 - horizon 90
2026-08-29 13:56:04,227 - WARNING - Not enough data to backtest for date 2016-06-20 00:00:00 - horizon 90
2026-08-29 13:56:04,227 - WARNING - Not enough data to backtest for date 2016-06-21 00:00:00 - horizon 90
2026-08-29 13:56:04,227 - WARNING - Not enough data to backtest for date 2016-06-22 00:00:00 - horizon 90
2026-08-29 13:56:04,227 - WARNING - Not enough data to backtest for date 2016-06-23 00:00:00 - horizon 90
2026-08-29 13:56:04,227 - WARNING - Not enough data to backtest for date 2016-06-24 00:00:00 - horizon 90
2026-08-29 13:56:04,227 - WARNING - Not enough data to backtest for date 2016-06-27 00:00:00 - horizon 90
2026-08-29 13:56:04,227 - WARNING - Not enough data to backtest for date 2016-06-28 00:00:00 - horizon 90
2026-08-29 13:56:04,227 - WARNING - Not enough data to backtest for date 2016-06-29 00:00:00 - horizon 90
2026-08-29 13:56:04,227 - WARNING - Not enough data to backtest for date 2016-06-30 00:00:00 - horizon 90
2026-08-29 13:56:04,227 - WARNING - Not enough data to backtest for date 2016-07-01 00:00:00 - horizon 90
2026-08-29 13:56:04,227 - WARNING - Not enough data to backtest for date 2016-07-04 00:00:00 - horizon 90
2026-08-29 13:56:04,227 - WARNING - Not enough data to backtest for date 2016-07-05 00:00:00 - horizon 90
2026-08-29 13:56:04,227 - WARNING - Not enough data to backtest for date 2016-07-06 00:00:00 - horizon 90
2026-08-29 13:56:04,227 - WARNING - Not enough data to backtest for date 2016-07-07 00:00:00 - horizon 90
2026-08-29 13:56:04,227 - WARNING - Not enough data to backtest for date 2016-07-08 00:00:00 - horizon 90
2026-08-29 13:56:04,227 - WARNING - Not enough data to backtest for date 2016-07-11 00:00:00 - horizon 90
2026-08-29 13:56:04,227 - WARNING - Not enough data to backtest for date 2016-07-12 00:00:00 - horizon 90
2026-08-29 13:56:04,227 - WARNING - Not enough data to backtest for date 2016-07-13 00:00:00 - horizon 90
2026-08-29 13:56:04,227 - WARNING - Not enough data to backtest for date 2016-07-14 00:00:00 - horizon 90
2026-08-29 13:56:04,227 - WARNING - Not enough data to backtest for date 2016-07-15 00:00:00 - horizon 90
2026-08-29 13:56:04,227 - WARNING - Not enough data to backtest for date 2016-07-18 00:00:00 - horizon 90
2026-08-29 13:56:04,227 - WARNING - Not enough data to backtest for date 2016-07-19 00:00:00 - horizon 90
2026-08-29 13:56:04,227 - WARNING - Not enough data to backtest for date 2016-07-20 00:00:00 - horizon 90
2026-08-29 13:56:04,228 - WARNING - Not enough data to backtest for date 2016-07-21 00:00:00 - horizon 90
2026-08-29 13:56:04,228 - WARNING - Not enough data to backtest for date 2016-07-22 00:00:00 - horizon 90
2026-08-29 13:56:04,228 - WARNING - Not enough data to backtest for date 2016-07-25 00:00:00 - horizon 90
2026-08-29 13:56:04,228 - WARNING - Not enough data to backtest for date 2016-07-26 00:00:00 - horizon 90
2026-08-29 13:56:04,228 - WARNING - Not enough data to backtest for date 2016-07-27 00:00:00 - horizon 90
2026-08-29 13:56:04,228 - WARNING - Not enough data to backtest for date 2016-07-28 00:00:00 - horizon 90
2026-08-29 13:56:04,228 - WARNING - Not enough data to backtest for date 2016-07-29 00:00:00 - horizon 90
2026-08-29 13:56:04,228 - WARNING - Not enough data to backtest for date 2016-08-01 00:00:00 - horizon 90
2026-08-29 13:56:04,228 - WARNING - Not enough data to backtest for date 2016-08-02 00:00:00 - horizon 90
2026-08-29 13:56:04,228 - WARNING - Not enough data to backtest for date 2016-08-03 00:00:00 - horizon 90
2026-08-29 13:56:04,228 - WARNING - Not enough data to backtest for date 2016-08-04 00:00:00 - horizon 90
2026-08-29 13:56:04,228 - WARNING - Not enough data to backtest for date 2016-08-05 00:00:00 - horizon 90
2026-08-29 13:56:04,228 - WARNING - Not enough data to backtest for date 2016-08-08 00:00:00 - horizon 90
2026-08-29 13:56:04,228 - WARNING - Not enough data to backtest for date 2016-08-09 00:00:00 - horizon 90
2026-08-29 13:56:04,228 - WARNING - Not enough data to backtest for date 2016-08-10 00:00:00 - horizon 90
2026-08-29 13:56:04,228 - WARNING - Not enough data to backtest for date 2016-08-11 00:00:00 - horizon 90
2026-08-29 13:56:04,228 - WARNING - Not enough data to backtest for date 2016-08-12 00:00:00 - horizon 90
2026-08-29 13:56:04,228 - WARNING - Not enough data to backtest for date 2016-08-15 00:00:00 - horizon 90
2026-08-29 13:56:04,228 - WARNING - Not enough data to backtest for date 2016-08-16 00:00:00 - horizon 90
2026-08-29 13:56:04,228 - WARNING - Not enough data to backtest for date 2016-08-17 00:00:00 - horizon 90
2026-08-29 13:57:12,836 - WARNING - Not enough data to backtest for date 2016-04-01 00:00:00 - horizon 180
2026-08-29 13:57:12,836 - WARNING - Not enough data to backtest for date 2016-04-04 00:00:00 - horizon 180
2026-08-29 13:57:12,836 - WARNING - Not enough data to backtest for date 2016-04-05 00:00:00 - horizon 180
2026-08-29 13:57:12,837 - WARNING - Not enough data to backtest for date 2016-04-06 00:00:00 - horizon 180
2026-08-29 13:57:12,837 - WARNING - Not enough data to backtest for date 2016-04-07 00:00:00 - horizon 180
2026-08-29 13:57:12,837 - WARNING - Not enough data to backtest for date 2016-04-08 00:00:00 - horizon 180
2026-08-29 13:57:12,837 - WARNING - Not enough data to backtest for date 2016-04-11 00:00:00 - horizon 180
2026-08-29 13:57:12,837 - WARNING - Not enough data to backtest for date 2016-04-12 00:00:00 - horizon 180
2026-08-29 13:57:12,837 - WARNING - Not enough data to backtest for date 2016-04-13 00:00:00 - horizon 180
2026-08-29 13:57:12,837 - WARNING - Not enough data to backtest for date 2016-04-14 00:00:00 - horizon 180
2026-08-29 13:57:12,837 - WARNING - Not enough data to backtest for date 2016-04-15 00:00:00 - horizon 180
2026-08-29 13:57:12,837 - WARNING - Not enough data to backtest for date 2016-04-18 00:00:00 - horizon 180
2026-08-29 13:57:12,837 - WARNING - Not enough data to backtest for date 2016-04-19 00:00:00 - horizon 180
2026-08-29 13:57:12,837 - WARNING - Not enough data to backtest for date 2016-04-20 00:00:00 - horizon 180
2026-08-29 13:57:12,837 - WARNING - Not enough data to backtest for date 2016-04-21 00:00:00 - horizon 180
2026-08-29 13:57:12,837 - WARNING - Not enough data to backtest for date 2016-04-22 00:00:00 - horizon 180
2026-08-29 13:57:12,837 - WARNING - Not enough data to backtest for date 2016-04-25 00:00:00 - horizon 180
2026-08-29 13:57:12,837 - WARNING - Not enough data to backtest for date 2016-04-26 00:00:00 - horizon 180
2026-08-29 13:57:12,837 - WARNING - Not enough data to backtest for date 2016-04-27 00:00:00 - horizon 180
2026-08-29 13:57:12,837 - WARNING - Not enough data to backtest for date 2016-04-28 00:00:00 - horizon 180
2026-08-29 13:57:12,837 - WARNING - Not enough data to backtest for date 2016-04-29 00:00:00 - horizon 180
2026-08-29 13:57:12,837 - WARNING - Not enough data to backtest for date 2016-05-02 00:00:00 - horizon 180
2026-08-29 13:57:12,837 - WARNING - Not enough data to backtest for date 2016-05-03 00:00:00 - horizon 180
2026-08-29 13:57:12,837 - WARNING - Not enough data to backtest for date 2016-05-04 00:00:00 - horizon 180
2026-08-29 13:57:12,837 - WARNING - Not enough data to backtest for date 2016-05-05 00:00:00 - horizon 180
2026-08-29 13:57:12,837 - WARNING - Not enough data to backtest for date 2016-05-06 00:00:00 - horizon 180
2026-08-29 13:57:12,837 - WARNING - Not enough data to backtest for date 2016-05-09 00:00:00 - horizon 180
2026-08-29 13:57:12,837 - WARNING - Not enough data to backtest for date 2016-05-10 00:00:00 - horizon 180
2026-08-29 13:57:12,837 - WARNING - Not enough data to backtest for date 2016-05-11 00:00:00 - horizon 180
2026-08-29 13:57:12,837 - WARNING - Not enough data to backtest for date 2016-05-12 00:00:00 - horizon 180
2026-08-29 13:57:12,837 - WARNING - Not enough data to backtest for date 2016-05-13 00:00:00 - horizon 180
2026-08-29 13:57:12,837 - WARNING - Not enough data to backtest for date 2016-05-16 00:00:00 - horizon 180
2026-08-29 13:57:12,837 - WARNING - Not enough data to backtest for date 2016-05-17 00:00:00 - horizon 180
2026-08-29 13:57:12,837 - WARNING - Not enough data to backtest for date 2016-05-18 00:00:00 - horizon 180
2026-08-29 13:57:12,837 - WARNING - Not enough data to backtest for date 2016-05-19 00:00:00 - horizon 180
2026-08-29 13:57:12,837 - WARNING - Not enough data to backtest for date 2016-05-20 00:00:00 - horizon 180
2026-08-29 13:57:12,837 - WARNING - Not enough data to backtest for date 2016-05-23 00:00:00 - horizon 180
2026-08-29 13:57:12,837 - WARNING - Not enough data to backtest for date 2016-05-24 00:00:00 - horizon 180
2026-08-29 13:57:12,837 - WARNING - Not enough data to backtest for date 2016-05-25 00:00:00 - horizon 180
2026-08-29 13:57:12,837 - WARNING - Not enough data to backtest for date 2016-05-26 00:00:00 - horizon 180
2026-08-29 13:57:12,837 - WARNING - Not enough data to backtest for date 2016-05-27 00:00:00 - horizon 180
2026-08-29 13:57:12,837 - WARNING - Not enough data to backtest for date 2016-05-30 00:00:00 - horizon 180
2026-08-29 13:57:12,837 - WARNING - Not enough data to backtest for date 2016-05-31 00:00:00 - horizon 180
2026-08-29 13:57:12,838 - WARNING - Not enough data to backtest for date 2016-06-01 00:00:00 - horizon 180
2026-08-29 13:57:12,838 - WARNING - Not enough data to backtest for date 2016-06-02 00:00:00 - horizon 180
2026-08-29 13:57:12,838 - WARNING - Not enough data to backtest for date 2016-06-03 00:00:00 - horizon 180
2026-08-29 13:57:12,838 - WARNING - Not enough data to backtest for date 2016-06-06 00:00:00 - horizon 180
2026-08-29 13:57:12,838 - WARNING - Not enough data to backtest for date 2016-06-07 00:00:00 - horizon 180
2026-08-29 13:57:12,838 - WARNING - Not enough data to backtest for date 2016-06-08 00:00:00 - horizon 180
2026-08-29 13:57:12,838 - WARNING - Not enough data to backtest for date 2016-06-09 00:00:00 - horizon 180
2026-08-29 13:57:12,838 - WARNING - Not enough data to backtest for date 2016-06-10 00:00:00 - horizon 180
2026-08-29 13:57:12,838 - WARNING - Not enough data to backtest for date 2016-06-13 00:00:00 - horizon 180
2026-08-29 13:57:12,838 - WARNING - Not enough data to backtest for date 2016-06-14 00:00:00 - horizon 180
2026-08-29 13:57:12,838 - WARNING - Not enough data to backtest for date 2016-06-15 00:00:00 - horizon 180
2026-08-29 13:57:12,838 - WARNING - Not enough data to backtest for date 2016-06-16 00:00:00 - horizon 180
2026-08-29 13:57:12,838 - WARNING - Not enough data to backtest for date 2016-06-17 00:00:00 - horizon 180
2026-08-29 13:57:12,838 - WARNING - Not enough data to backtest for date 2016-06-20 00:00:00 - horizon 180
2026-08-29 13:57:12,838 - WARNING - Not enough data to backtest for date 2016-06-21 00:00:00 - horizon 180
2026-08-29 13:57:12,838 - WARNING - Not enough data to backtest for date 2016-06-22 00:00:00 - horizon 180
2026-08-29 13:57:12,838 - WARNING - Not enough data to backtest for date 2016-06-23 00:00:00 - horizon 180
2026-08-29 13:57:12,838 - WARNING - Not enough data to backtest for date 2016-06-24 00:00:00 - horizon 180
2026-08-29 13:57:12,838 - WARNING - Not enough data to backtest for date 2016-06-27 00:00:00 - horizon 180
2026-08-29 13:57:12,838 - WARNING - Not enough data to backtest for date 2016-06-28 00:00:00 - horizon 180
2026-08-29 13:57:12,838 - WARNING - Not enough data to backtest for date 2016-06-29 00:00:00 - horizon 180
2026-08-29 13:57:12,838 - WARNING - Not enough data to backtest for date 2016-06-30 00:00:00 - horizon 180
2026-08-29 13:57:12,838 - WARNING - Not enough data to backtest for date 2016-07-01 00:00:00 - horizon 180
2026-08-29 13:57:12,838 - WARNING - Not enough data to backtest for date 2016-07-04 00:00:00 - horizon 180
2026-08-29 13:57:12,838 - WARNING - Not enough data to backtest for date 2016-07-05 00:00:00 - horizon 180
2026-08-29 13:57:12,838 - WARNING - Not enough data to backtest for date 2016-07-06 00:00:00 - horizon 180
2026-08-29 13:57:12,838 - WARNING - Not enough data to backtest for date 2016-07-07 00:00:00 - horizon 180
2026-08-29 13:57:12,838 - WARNING - Not enough data to backtest for date 2016-07-08 00:00:00 - horizon 180
2026-08-29 13:57:12,838 - WARNING - Not enough data to backtest for date 2016-07-11 00:00:00 - horizon 180
2026-08-29 13:57:12,838 - WARNING - Not enough data to backtest for date 2016-07-12 00:00:00 - horizon 180
2026-08-29 13:57:12,838 - WARNING - Not enough data to backtest for date 2016-07-13 00:00:00 - horizon 180
2026-08-29 13:57:12,838 - WARNING - Not enough data to backtest for date 2016-07-14 00:00:00 - horizon 180
2026-08-29 13:57:12,838 - WARNING - Not enough data to backtest for date 2016-07-15 00:00:00 - horizon 180
2026-08-29 13:57:12,838 - WARNING - Not enough data to backtest for date 2016-07-18 00:00:00 - horizon 180
2026-08-29 13:57:12,838 - WARNING - Not enough data to backtest for date 2016-07-19 00:00:00 - horizon 180
2026-08-29 13:57:12,838 - WARNING - Not enough data to backtest for date 2016-07-20 00:00:00 - horizon 180
2026-08-29 13:57:12,838 - WARNING - Not enough data to backtest for date 2016-07-21 00:00:00 - horizon 180
2026-08-29 13:57:12,838 - WARNING - Not enough data to backtest for date 2016-07-22 00:00:00 - horizon 180
2026-08-29 13:57:12,838 - WARNING - Not enough data to backtest for date 2016-07-25 00:00:00 - horizon 180
2026-08-29 13:57:12,838 - WARNING - Not enough data to backtest for date 2016-07-26 00:00:00 - horizon 180
2026-08-29 13:57:12,838 - WARNING - Not enough data to backtest for date 2016-07-27 00:00:00 - horizon 180
2026-08-29 13:57:12,838 - WARNING - Not enough data to backtest for date 2016-07-28 00:00:00 - horizon 180
2026-08-29 13:57:12,839 - WARNING - Not enough data to backtest for date 2016-07-29 00:00:00 - horizon 180
2026-08-29 13:57:12,839 - WARNING - Not enough data to backtest for date 2016-08-01 00:00:00 - horizon 180
2026-08-29 13:57:12,839 - WARNING - Not enough data to backtest for date 2016-08-02 00:00:00 - horizon 180
2026-08-29 13:57:12,839 - WARNING - Not enough data to backtest for date 2016-08-03 00:00:00 - horizon 180
2026-08-29 13:57:12,839 - WARNING - Not enough data to backtest for date 2016-08-04 00:00:00 - horizon 180
2026-08-29 13:57:12,839 - WARNING - Not enough data to backtest for date 2016-08-05 00:00:00 - horizon 180
2026-08-29 13:57:12,839 - WARNING - Not enough data to backtest for date 2016-08-08 00:00:00 - horizon 180
2026-08-29 13:57:12,839 - WARNING - Not enough data to backtest for date 2016-08-09 00:00:00 - horizon 180
2026-08-29 13:57:12,839 - WARNING - Not enough data to backtest for date 2016-08-10 00:00:00 - horizon 180
2026-08-29 13:57:12,839 - WARNING - Not enough data to backtest for date 2016-08-11 00:00:00 - horizon 180
2026-08-29 13:57:12,839 - WARNING - Not enough data to backtest for date 2016-08-12 00:00:00 - horizon 180
2026-08-29 13:57:12,839 - WARNING - Not enough data to backtest for date 2016-08-15 00:00:00 - horizon 180
2026-08-29 13:57:12,839 - WARNING - Not enough data to backtest for date 2016-08-16 00:00:00 - horizon 180
2026-08-29 13:57:12,839 - WARNING - Not enough data to backtest for date 2016-08-17 00:00:00 - horizon 180
2026-08-29 13:57:12,839 - WARNING - Not enough data to backtest for date 2016-08-18 00:00:00 - horizon 180
2026-08-29 13:57:12,839 - WARNING - Not enough data to backtest for date 2016-08-19 00:00:00 - horizon 180
2026-08-29 13:57:12,839 - WARNING - Not enough data to backtest for date 2016-08-22 00:00:00 - horizon 180
2026-08-29 13:57:12,839 - WARNING - Not enough data to backtest for date 2016-08-23 00:00:00 - horizon 180
2026-08-29 13:57:12,839 - WARNING - Not enough data to backtest for date 2016-08-24 00:00:00 - horizon 180
2026-08-29 13:57:12,839 - WARNING - Not enough data to backtest for date 2016-08-25 00:00:00 - horizon 180
2026-08-29 13:57:12,839 - WARNING - Not enough data to backtest for date 2016-08-26 00:00:00 - horizon 180
2026-08-29 13:57:12,839 - WARNING - Not enough data to backtest for date 2016-08-29 00:00:00 - horizon 180
2026-08-29 13:57:12,839 - WARNING - Not enough data to backtest for date 2016-08-30 00:00:00 - horizon 180
2026-08-29 13:57:12,839 - WARNING - Not enough data to backtest for date 2016-08-31 00:00:00 - horizon 180
2026-08-29 13:57:12,839 - WARNING - Not enough data to backtest for date 2016-09-01 00:00:00 - horizon 180
2026-08-29 13:57:12,839 - WARNING - Not enough data to backtest for date 2016-09-02 00:00:00 - horizon 180
2026-08-29 13:57:12,839 - WARNING - Not enough data to backtest for date 2016-09-05 00:00:00 - horizon 180
2026-08-29 13:57:12,839 - WARNING - Not enough data to backtest for date 2016-09-06 00:00:00 - horizon 180
2026-08-29 13:57:12,839 - WARNING - Not enough data to backtest for date 2016-09-07 00:00:00 - horizon 180
2026-08-29 13:57:12,839 - WARNING - Not enough data to backtest for date 2016-09-08 00:00:00 - horizon 180
2026-08-29 13:57:12,839 - WARNING - Not enough data to backtest for date 2016-09-09 00:00:00 - horizon 180
2026-08-29 13:57:12,839 - WARNING - Not enough data to backtest for date 2016-09-12 00:00:00 - horizon 180
2026-08-29 13:57:12,839 - WARNING - Not enough data to backtest for date 2016-09-13 00:00:00 - horizon 180
2026-08-29 13:57:12,839 - WARNING - Not enough data to backtest for date 2016-09-14 00:00:00 - horizon 180
2026-08-29 13:57:12,839 - WARNING - Not enough data to backtest for date 2016-09-15 00:00:00 - horizon 180
2026-08-29 13:57:12,839 - WARNING - Not enough data to backtest for date 2016-09-16 00:00:00 - horizon 180
2026-08-29 13:57:12,839 - WARNING - Not enough data to backtest for date 2016-09-19 00:00:00 - horizon 180
2026-08-29 13:57:12,839 - WARNING - Not enough data to backtest for date 2016-09-20 00:00:00 - horizon 180
2026-08-29 13:57:12,839 - WARNING - Not enough data to backtest for date 2016-09-21 00:00:00 - horizon 180
2026-08-29 13:57:12,839 - WARNING - Not enough data to backtest for date 2016-09-22 00:00:00 - horizon 180
2026-08-29 13:57:12,839 - WARNING - Not enough data to backtest for date 2016-09-23 00:00:00 - horizon 180
2026-08-29 13:57:12,839 - WARNING - Not enough data to backtest for date 2016-09-26 00:00:00 - horizon 180
2026-08-29 13:57:12,840 - WARNING - Not enough data to backtest for date 2016-09-27 00:00:00 - horizon 180
2026-08-29 13:57:12,840 - WARNING - Not enough data to backtest for date 2016-09-28 00:00:00 - horizon 180
2026-08-29 13:57:12,840 - WARNING - Not enough data to backtest for date 2016-09-29 00:00:00 - horizon 180
2026-08-29 13:57:12,840 - WARNING - Not enough data to backtest for date 2016-09-30 00:00:00 - horizon 180
2026-08-29 13:57:12,840 - WARNING - Not enough data to backtest for date 2016-10-03 00:00:00 - horizon 180
2026-08-29 13:57:12,840 - WARNING - Not enough data to backtest for date 2016-10-04 00:00:00 - horizon 180
2026-08-29 13:57:12,840 - WARNING - Not enough data to backtest for date 2016-10-05 00:00:00 - horizon 180
2026-08-29 13:57:12,840 - WARNING - Not enough data to backtest for date 2016-10-06 00:00:00 - horizon 180
2026-08-29 13:57:12,840 - WARNING - Not enough data to backtest for date 2016-10-07 00:00:00 - horizon 180
2026-08-29 13:57:12,840 - WARNING - Not enough data to backtest for date 2016-10-10 00:00:00 - horizon 180
2026-08-29 13:57:12,840 - WARNING - Not enough data to backtest for date 2016-10-11 00:00:00 - horizon 180
2026-08-29 13:57:12,840 - WARNING - Not enough data to backtest for date 2016-10-12 00:00:00 - horizon 180
2026-08-29 13:57:12,840 - WARNING - Not enough data to backtest for date 2016-10-13 00:00:00 - horizon 180
2026-08-29 13:57:12,840 - WARNING - Not enough data to backtest for date 2016-10-14 00:00:00 - horizon 180
2026-08-29 13:57:12,840 - WARNING - Not enough data to backtest for date 2016-10-17 00:00:00 - horizon 180
2026-08-29 13:57:12,840 - WARNING - Not enough data to backtest for date 2016-10-18 00:00:00 - horizon 180
2026-08-29 13:57:12,840 - WARNING - Not enough data to backtest for date 2016-10-19 00:00:00 - horizon 180
2026-08-29 13:57:12,840 - WARNING - Not enough data to backtest for date 2016-10-20 00:00:00 - horizon 180
2026-08-29 13:57:12,840 - WARNING - Not enough data to backtest for date 2016-10-21 00:00:00 - horizon 180
2026-08-29 13:57:12,840 - WARNING - Not enough data to backtest for date 2016-10-24 00:00:00 - horizon 180
2026-08-29 13:57:12,840 - WARNING - Not enough data to backtest for date 2016-10-25 00:00:00 - horizon 180
2026-08-29 13:57:12,840 - WARNING - Not enough data to backtest for date 2016-10-26 00:00:00 - horizon 180
2026-08-29 13:57:12,840 - WARNING - Not enough data to backtest for date 2016-10-27 00:00:00 - horizon 180
2026-08-29 13:57:12,840 - WARNING - Not enough data to backtest for date 2016-10-28 00:00:00 - horizon 180
2026-08-29 13:57:12,840 - WARNING - Not enough data to backtest for date 2016-10-31 00:00:00 - horizon 180
2026-08-29 13:57:12,840 - WARNING - Not enough data to backtest for date 2016-11-01 00:00:00 - horizon 180
2026-08-29 13:57:12,840 - WARNING - Not enough data to backtest for date 2016-11-02 00:00:00 - horizon 180
2026-08-29 13:57:12,840 - WARNING - Not enough data to backtest for date 2016-11-03 00:00:00 - horizon 180
2026-08-29 13:57:12,840 - WARNING - Not enough data to backtest for date 2016-11-04 00:00:00 - horizon 180
2026-08-29 13:57:12,840 - WARNING - Not enough data to backtest for date 2016-11-07 00:00:00 - horizon 180
2026-08-29 13:57:12,840 - WARNING - Not enough data to backtest for date 2016-11-08 00:00:00 - horizon 180
2026-08-29 13:57:12,840 - WARNING - Not enough data to backtest for date 2016-11-09 00:00:00 - horizon 180
2026-08-29 13:57:12,840 - WARNING - Not enough data to backtest for date 2016-11-10 00:00:00 - horizon 180
2026-08-29 13:57:12,840 - WARNING - Not enough data to backtest for date 2016-11-11 00:00:00 - horizon 180
2026-08-29 13:57:12,840 - WARNING - Not enough data to backtest for date 2016-11-14 00:00:00 - horizon 180
2026-08-29 13:57:12,840 - WARNING - Not enough data to backtest for date 2016-11-15 00:00:00 - horizon 180
2026-08-29 13:57:12,840 - WARNING - Not enough data to backtest for date 2016-11-16 00:00:00 - horizon 180
2026-08-29 13:57:12,840 - WARNING - Not enough data to backtest for date 2016-11-17 00:00:00 - horizon 180
2026-08-29 13:57:12,840 - WARNING - Not enough data to backtest for date 2016-11-18 00:00:00 - horizon 180
2026-08-29 13:57:12,840 - WARNING - Not enough data to backtest for date 2016-11-21 00:00:00 - horizon 180
2026-08-29 13:57:12,840 - WARNING - Not enough data to backtest for date 2016-11-22 00:00:00 - horizon 180
2026-08-29 13:57:12,841 - WARNING - Not enough data to backtest for date 2016-11-23 00:00:00 - horizon 180
2026-08-29 13:57:12,841 - WARNING - Not enough data to backtest for date 2016-11-24 00:00:00 - horizon 180
2026-08-29 13:57:12,841 - WARNING - Not enough data to backtest for date 2016-11-25 00:00:00 - horizon 180
2026-08-29 13:57:12,841 - WARNING - Not enough data to backtest for date 2016-11-28 00:00:00 - horizon 180
2026-08-29 13:57:12,841 - WARNING - Not enough data to backtest for date 2016-11-29 00:00:00 - horizon 180
2026-08-29 13:57:12,841 - WARNING - Not enough data to backtest for date 2016-11-30 00:00:00 - horizon 180
2026-08-29 13:57:12,841 - WARNING - Not enough data to backtest for date 2016-12-01 00:00:00 - horizon 180
2026-08-29 13:57:12,841 - WARNING - Not enough data to backtest for date 2016-12-02 00:00:00 - horizon 180
2026-08-29 13:57:12,841 - WARNING - Not enough data to backtest for date 2016-12-05 00:00:00 - horizon 180
2026-08-29 13:57:12,841 - WARNING - Not enough data to backtest for date 2016-12-06 00:00:00 - horizon 180
2026-08-29 13:57:12,841 - WARNING - Not enough data to backtest for date 2016-12-07 00:00:00 - horizon 180
2026-08-29 13:57:12,841 - WARNING - Not enough data to backtest for date 2016-12-08 00:00:00 - horizon 180
2026-08-29 13:57:12,841 - WARNING - Not enough data to backtest for date 2016-12-09 00:00:00 - horizon 180
2026-08-29 13:57:12,841 - WARNING - Not enough data to backtest for date 2016-12-12 00:00:00 - horizon 180
2026-08-29 13:57:12,841 - WARNING - Not enough data to backtest for date 2016-12-13 00:00:00 - horizon 180
2026-08-29 13:57:12,841 - WARNING - Not enough data to backtest for date 2016-12-14 00:00:00 - horizon 180
2026-08-29 13:57:12,841 - WARNING - Not enough data to backtest for date 2016-12-15 00:00:00 - horizon 180
2026-08-29 13:57:12,841 - WARNING - Not enough data to backtest for date 2016-12-16 00:00:00 - horizon 180
2026-08-29 13:57:12,841 - WARNING - Not enough data to backtest for date 2016-12-19 00:00:00 - horizon 180
2026-08-29 13:57:12,841 - WARNING - Not enough data to backtest for date 2016-12-20 00:00:00 - horizon 180
2026-08-29 13:57:12,841 - WARNING - Not enough data to backtest for date 2016-12-21 00:00:00 - horizon 180
2026-08-29 13:59:16,432 - WARNING - Not enough data to backtest for date 2016-04-01 00:00:00 - horizon 365
2026-08-29 13:59:16,432 - WARNING - Not enough data to backtest for date 2016-04-04 00:00:00 - horizon 365
2026-08-29 13:59:16,432 - WARNING - Not enough data to backtest for date 2016-04-05 00:00:00 - horizon 365
2026-08-29 13:59:16,432 - WARNING - Not enough data to backtest for date 2016-04-06 00:00:00 - horizon 365
2026-08-29 13:59:16,432 - WARNING - Not enough data to backtest for date 2016-04-07 00:00:00 - horizon 365
2026-08-29 13:59:16,432 - WARNING - Not enough data to backtest for date 2016-04-08 00:00:00 - horizon 365
2026-08-29 13:59:16,432 - WARNING - Not enough data to backtest for date 2016-04-11 00:00:00 - horizon 365
2026-08-29 13:59:16,432 - WARNING - Not enough data to backtest for date 2016-04-12 00:00:00 - horizon 365
2026-08-29 13:59:16,432 - WARNING - Not enough data to backtest for date 2016-04-13 00:00:00 - horizon 365
2026-08-29 13:59:16,432 - WARNING - Not enough data to backtest for date 2016-04-14 00:00:00 - horizon 365
2026-08-29 13:59:16,432 - WARNING - Not enough data to backtest for date 2016-04-15 00:00:00 - horizon 365
2026-08-29 13:59:16,432 - WARNING - Not enough data to backtest for date 2016-04-18 00:00:00 - horizon 365
2026-08-29 13:59:16,432 - WARNING - Not enough data to backtest for date 2016-04-19 00:00:00 - horizon 365
2026-08-29 13:59:16,432 - WARNING - Not enough data to backtest for date 2016-04-20 00:00:00 - horizon 365
2026-08-29 13:59:16,432 - WARNING - Not enough data to backtest for date 2016-04-21 00:00:00 - horizon 365
2026-08-29 13:59:16,432 - WARNING - Not enough data to backtest for date 2016-04-22 00:00:00 - horizon 365
2026-08-29 13:59:16,432 - WARNING - Not enough data to backtest for date 2016-04-25 00:00:00 - horizon 365
2026-08-29 13:59:16,432 - WARNING - Not enough data to backtest for date 2016-04-26 00:00:00 - horizon 365
2026-08-29 13:59:16,432 - WARNING - Not enough data to backtest for date 2016-04-27 00:00:00 - horizon 365
2026-08-29 13:59:16,432 - WARNING - Not enough data to backtest for date 2016-04-28 00:00:00 - horizon 365
2026-08-29 13:59:16,432 - WARNING - Not enough data to backtest for date 2016-04-29 00:00:00 - horizon 365
2026-08-29 13:59:16,432 - WARNING - Not enough data to backtest for date 2016-05-02 00:00:00 - horizon 365
2026-08-29 13:59:16,433 - WARNING - Not enough data to backtest for date 2016-05-03 00:00:00 - horizon 365
2026-08-29 13:59:16,433 - WARNING - Not enough data to backtest for date 2016-05-04 00:00:00 - horizon 365
2026-08-29 13:59:16,433 - WARNING - Not enough data to backtest for date 2016-05-05 00:00:00 - horizon 365
2026-08-29 13:59:16,433 - WARNING - Not enough data to backtest for date 2016-05-06 00:00:00 - horizon 365
2026-08-29 13:59:16,433 - WARNING - Not enough data to backtest for date 2016-05-09 00:00:00 - horizon 365
2026-08-29 13:59:16,433 - WARNING - Not enough data to backtest for date 2016-05-10 00:00:00 - horizon 365
2026-08-29 13:59:16,433 - WARNING - Not enough data to backtest for date 2016-05-11 00:00:00 - horizon 365
2026-08-29 13:59:16,433 - WARNING - Not enough data to backtest for date 2016-05-12 00:00:00 - horizon 365
2026-08-29 13:59:16,433 - WARNING - Not enough data to backtest for date 2016-05-13 00:00:00 - horizon 365
2026-08-29 13:59:16,433 - WARNING - Not enough data to backtest for date 2016-05-16 00:00:00 - horizon 365
2026-08-29 13:59:16,433 - WARNING - Not enough data to backtest for date 2016-05-17 00:00:00 - horizon 365
2026-08-29 13:59:16,433 - WARNING - Not enough data to backtest for date 2016-05-18 00:00:00 - horizon 365
2026-08-29 13:59:16,433 - WARNING - Not enough data to backtest for date 2016-05-19 00:00:00 - horizon 365
2026-08-29 13:59:16,433 - WARNING - Not enough data to backtest for date 2016-05-20 00:00:00 - horizon 365
2026-08-29 13:59:16,433 - WARNING - Not enough data to backtest for date 2016-05-23 00:00:00 - horizon 365
2026-08-29 13:59:16,433 - WARNING - Not enough data to backtest for date 2016-05-24 00:00:00 - horizon 365
2026-08-29 13:59:16,433 - WARNING - Not enough data to backtest for date 2016-05-25 00:00:00 - horizon 365
2026-08-29 13:59:16,433 - WARNING - Not enough data to backtest for date 2016-05-26 00:00:00 - horizon 365
2026-08-29 13:59:16,433 - WARNING - Not enough data to backtest for date 2016-05-27 00:00:00 - horizon 365
2026-08-29 13:59:16,433 - WARNING - Not enough data to backtest for date 2016-05-30 00:00:00 - horizon 365
2026-08-29 13:59:16,433 - WARNING - Not enough data to backtest for date 2016-05-31 00:00:00 - horizon 365
2026-08-29 13:59:16,433 - WARNING - Not enough data to backtest for date 2016-06-01 00:00:00 - horizon 365
2026-08-29 13:59:16,433 - WARNING - Not enough data to backtest for date 2016-06-02 00:00:00 - horizon 365
2026-08-29 13:59:16,433 - WARNING - Not enough data to backtest for date 2016-06-03 00:00:00 - horizon 365
2026-08-29 13:59:16,433 - WARNING - Not enough data to backtest for date 2016-06-06 00:00:00 - horizon 365
2026-08-29 13:59:16,433 - WARNING - Not enough data to backtest for date 2016-06-07 00:00:00 - horizon 365
2026-08-29 13:59:16,433 - WARNING - Not enough data to backtest for date 2016-06-08 00:00:00 - horizon 365
2026-08-29 13:59:16,433 - WARNING - Not enough data to backtest for date 2016-06-09 00:00:00 - horizon 365
2026-08-29 13:59:16,433 - WARNING - Not enough data to backtest for date 2016-06-10 00:00:00 - horizon 365
2026-08-29 13:59:16,433 - WARNING - Not enough data to backtest for date 2016-06-13 00:00:00 - horizon 365
2026-08-29 13:59:16,433 - WARNING - Not enough data to backtest for date 2016-06-14 00:00:00 - horizon 365
2026-08-29 13:59:16,433 - WARNING - Not enough data to backtest for date 2016-06-15 00:00:00 - horizon 365
2026-08-29 13:59:16,433 - WARNING - Not enough data to backtest for date 2016-06-16 00:00:00 - horizon 365
2026-08-29 13:59:16,433 - WARNING - Not enough data to backtest for date 2016-06-17 00:00:00 - horizon 365
2026-08-29 13:59:16,433 - WARNING - Not enough data to backtest for date 2016-06-20 00:00:00 - horizon 365
2026-08-29 13:59:16,433 - WARNING - Not enough data to backtest for date 2016-06-21 00:00:00 - horizon 365
2026-08-29 13:59:16,433 - WARNING - Not enough data to backtest for date 2016-06-22 00:00:00 - horizon 365
2026-08-29 13:59:16,433 - WARNING - Not enough data to backtest for date 2016-06-23 00:00:00 - horizon 365
2026-08-29 13:59:16,433 - WARNING - Not enough data to backtest for date 2016-06-24 00:00:00 - horizon 365
2026-08-29 13:59:16,433 - WARNING - Not enough data to backtest for date 2016-06-27 00:00:00 - horizon 365
2026-08-29 13:59:16,433 - WARNING - Not enough data to backtest for date 2016-06-28 00:00:00 - horizon 365
2026-08-29 13:59:16,433 - WARNING - Not enough data to backtest for date 2016-06-29 00:00:00 - horizon 365
2026-08-29 13:59:16,433 - WARNING - Not enough data to backtest for date 2016-06-30 00:00:00 - horizon 365
2026-08-29 13:59:16,434 - WARNING - Not enough data to backtest for date 2016-07-01 00:00:00 - horizon 365
2026-08-29 13:59:16,434 - WARNING - Not enough data to backtest for date 2016-07-04 00:00:00 - horizon 365
2026-08-29 13:59:16,434 - WARNING - Not enough data to backtest for date 2016-07-05 00:00:00 - horizon 365
2026-08-29 13:59:16,434 - WARNING - Not enough data to backtest for date 2016-07-06 00:00:00 - horizon 365
2026-08-29 13:59:16,434 - WARNING - Not enough data to backtest for date 2016-07-07 00:00:00 - horizon 365
2026-08-29 13:59:16,434 - WARNING - Not enough data to backtest for date 2016-07-08 00:00:00 - horizon 365
2026-08-29 13:59:16,434 - WARNING - Not enough data to backtest for date 2016-07-11 00:00:00 - horizon 365
2026-08-29 13:59:16,434 - WARNING - Not enough data to backtest for date 2016-07-12 00:00:00 - horizon 365
2026-08-29 13:59:16,434 - WARNING - Not enough data to backtest for date 2016-07-13 00:00:00 - horizon 365
2026-08-29 13:59:16,434 - WARNING - Not enough data to backtest for date 2016-07-14 00:00:00 - horizon 365
2026-08-29 13:59:16,434 - WARNING - Not enough data to backtest for date 2016-07-15 00:00:00 - horizon 365
2026-08-29 13:59:16,434 - WARNING - Not enough data to backtest for date 2016-07-18 00:00:00 - horizon 365
2026-08-29 13:59:16,434 - WARNING - Not enough data to backtest for date 2016-07-19 00:00:00 - horizon 365
2026-08-29 13:59:16,434 - WARNING - Not enough data to backtest for date 2016-07-20 00:00:00 - horizon 365
2026-08-29 13:59:16,434 - WARNING - Not enough data to backtest for date 2016-07-21 00:00:00 - horizon 365
2026-08-29 13:59:16,434 - WARNING - Not enough data to backtest for date 2016-07-22 00:00:00 - horizon 365
2026-08-29 13:59:16,434 - WARNING - Not enough data to backtest for date 2016-07-25 00:00:00 - horizon 365
2026-08-29 13:59:16,434 - WARNING - Not enough data to backtest for date 2016-07-26 00:00:00 - horizon 365
2026-08-29 13:59:16,434 - WARNING - Not enough data to backtest for date 2016-07-27 00:00:00 - horizon 365
2026-08-29 13:59:16,434 - WARNING - Not enough data to backtest for date 2016-07-28 00:00:00 - horizon 365
2026-08-29 13:59:16,434 - WARNING - Not enough data to backtest for date 2016-07-29 00:00:00 - horizon 365
2026-08-29 13:59:16,434 - WARNING - Not enough data to backtest for date 2016-08-01 00:00:00 - horizon 365
2026-08-29 13:59:16,434 - WARNING - Not enough data to backtest for date 2016-08-02 00:00:00 - horizon 365
2026-08-29 13:59:16,434 - WARNING - Not enough data to backtest for date 2016-08-03 00:00:00 - horizon 365
2026-08-29 13:59:16,434 - WARNING - Not enough data to backtest for date 2016-08-04 00:00:00 - horizon 365
2026-08-29 13:59:16,434 - WARNING - Not enough data to backtest for date 2016-08-05 00:00:00 - horizon 365
2026-08-29 13:59:16,434 - WARNING - Not enough data to backtest for date 2016-08-08 00:00:00 - horizon 365
2026-08-29 13:59:16,434 - WARNING - Not enough data to backtest for date 2016-08-09 00:00:00 - horizon 365
2026-08-29 13:59:16,434 - WARNING - Not enough data to backtest for date 2016-08-10 00:00:00 - horizon 365
2026-08-29 13:59:16,434 - WARNING - Not enough data to backtest for date 2016-08-11 00:00:00 - horizon 365
2026-08-29 13:59:16,434 - WARNING - Not enough data to backtest for date 2016-08-12 00:00:00 - horizon 365
2026-08-29 13:59:16,434 - WARNING - Not enough data to backtest for date 2016-08-15 00:00:00 - horizon 365
2026-08-29 13:59:16,434 - WARNING - Not enough data to backtest for date 2016-08-16 00:00:00 - horizon 365
2026-08-29 13:59:16,434 - WARNING - Not enough data to backtest for date 2016-08-17 00:00:00 - horizon 365
2026-08-29 13:59:16,434 - WARNING - Not enough data to backtest for date 2016-08-18 00:00:00 - horizon 365
2026-08-29 13:59:16,434 - WARNING - Not enough data to backtest for date 2016-08-19 00:00:00 - horizon 365
2026-08-29 13:59:16,434 - WARNING - Not enough data to backtest for date 2016-08-22 00:00:00 - horizon 365
2026-08-29 13:59:16,434 - WARNING - Not enough data to backtest for date 2016-08-23 00:00:00 - horizon 365
2026-08-29 13:59:16,434 - WARNING - Not enough data to backtest for date 2016-08-24 00:00:00 - horizon 365
2026-08-29 13:59:16,434 - WARNING - Not enough data to backtest for date 2016-08-25 00:00:00 - horizon 365
2026-08-29 13:59:16,434 - WARNING - Not enough data to backtest for date 2016-08-26 00:00:00 - horizon 365
2026-08-29 13:59:16,434 - WARNING - Not enough data to backtest for date 2016-08-29 00:00:00 - horizon 365
2026-08-29 13:59:16,434 - WARNING - Not enough data to backtest for date 2016-08-30 00:00:00 - horizon 365
2026-08-29 13:59:16,434 - WARNING - Not enough data to backtest for date 2016-08-31 00:00:00 - horizon 365
2026-08-29 13:59:16,435 - WARNING - Not enough data to backtest for date 2016-09-01 00:00:00 - horizon 365
2026-08-29 13:59:16,435 - WARNING - Not enough data to backtest for date 2016-09-02 00:00:00 - horizon 365
2026-08-29 13:59:16,435 - WARNING - Not enough data to backtest for date 2016-09-05 00:00:00 - horizon 365
2026-08-29 13:59:16,435 - WARNING - Not enough data to backtest for date 2016-09-06 00:00:00 - horizon 365
2026-08-29 13:59:16,435 - WARNING - Not enough data to backtest for date 2016-09-07 00:00:00 - horizon 365
2026-08-29 13:59:16,435 - WARNING - Not enough data to backtest for date 2016-09-08 00:00:00 - horizon 365
2026-08-29 13:59:16,435 - WARNING - Not enough data to backtest for date 2016-09-09 00:00:00 - horizon 365
2026-08-29 13:59:16,435 - WARNING - Not enough data to backtest for date 2016-09-12 00:00:00 - horizon 365
2026-08-29 13:59:16,435 - WARNING - Not enough data to backtest for date 2016-09-13 00:00:00 - horizon 365
2026-08-29 13:59:16,435 - WARNING - Not enough data to backtest for date 2016-09-14 00:00:00 - horizon 365
2026-08-29 13:59:16,435 - WARNING - Not enough data to backtest for date 2016-09-15 00:00:00 - horizon 365
2026-08-29 13:59:16,435 - WARNING - Not enough data to backtest for date 2016-09-16 00:00:00 - horizon 365
2026-08-29 13:59:16,435 - WARNING - Not enough data to backtest for date 2016-09-19 00:00:00 - horizon 365
2026-08-29 13:59:16,435 - WARNING - Not enough data to backtest for date 2016-09-20 00:00:00 - horizon 365
2026-08-29 13:59:16,435 - WARNING - Not enough data to backtest for date 2016-09-21 00:00:00 - horizon 365
2026-08-29 13:59:16,435 - WARNING - Not enough data to backtest for date 2016-09-22 00:00:00 - horizon 365
2026-08-29 13:59:16,435 - WARNING - Not enough data to backtest for date 2016-09-23 00:00:00 - horizon 365
2026-08-29 13:59:16,435 - WARNING - Not enough data to backtest for date 2016-09-26 00:00:00 - horizon 365
2026-08-29 13:59:16,435 - WARNING - Not enough data to backtest for date 2016-09-27 00:00:00 - horizon 365
2026-08-29 13:59:16,435 - WARNING - Not enough data to backtest for date 2016-09-28 00:00:00 - horizon 365
2026-08-29 13:59:16,435 - WARNING - Not enough data to backtest for date 2016-09-29 00:00:00 - horizon 365
2026-08-29 13:59:16,435 - WARNING - Not enough data to backtest for date 2016-09-30 00:00:00 - horizon 365
2026-08-29 13:59:16,435 - WARNING - Not enough data to backtest for date 2016-10-03 00:00:00 - horizon 365
2026-08-29 13:59:16,435 - WARNING - Not enough data to backtest for date 2016-10-04 00:00:00 - horizon 365
2026-08-29 13:59:16,435 - WARNING - Not enough data to backtest for date 2016-10-05 00:00:00 - horizon 365
2026-08-29 13:59:16,435 - WARNING - Not enough data to backtest for date 2016-10-06 00:00:00 - horizon 365
2026-08-29 13:59:16,435 - WARNING - Not enough data to backtest for date 2016-10-07 00:00:00 - horizon 365
2026-08-29 13:59:16,435 - WARNING - Not enough data to backtest for date 2016-10-10 00:00:00 - horizon 365
2026-08-29 13:59:16,435 - WARNING - Not enough data to backtest for date 2016-10-11 00:00:00 - horizon 365
2026-08-29 13:59:16,435 - WARNING - Not enough data to backtest for date 2016-10-12 00:00:00 - horizon 365
2026-08-29 13:59:16,435 - WARNING - Not enough data to backtest for date 2016-10-13 00:00:00 - horizon 365
2026-08-29 13:59:16,435 - WARNING - Not enough data to backtest for date 2016-10-14 00:00:00 - horizon 365
2026-08-29 13:59:16,435 - WARNING - Not enough data to backtest for date 2016-10-17 00:00:00 - horizon 365
2026-08-29 13:59:16,435 - WARNING - Not enough data to backtest for date 2016-10-18 00:00:00 - horizon 365
2026-08-29 13:59:16,435 - WARNING - Not enough data to backtest for date 2016-10-19 00:00:00 - horizon 365
2026-08-29 13:59:16,435 - WARNING - Not enough data to backtest for date 2016-10-20 00:00:00 - horizon 365
2026-08-29 13:59:16,435 - WARNING - Not enough data to backtest for date 2016-10-21 00:00:00 - horizon 365
2026-08-29 13:59:16,435 - WARNING - Not enough data to backtest for date 2016-10-24 00:00:00 - horizon 365
2026-08-29 13:59:16,435 - WARNING - Not enough data to backtest for date 2016-10-25 00:00:00 - horizon 365
2026-08-29 13:59:16,435 - WARNING - Not enough data to backtest for date 2016-10-26 00:00:00 - horizon 365
2026-08-29 13:59:16,436 - WARNING - Not enough data to backtest for date 2016-10-27 00:00:00 - horizon 365
2026-08-29 13:59:16,436 - WARNING - Not enough data to backtest for date 2016-10-28 00:00:00 - horizon 365
2026-08-29 13:59:16,436 - WARNING - Not enough data to backtest for date 2016-10-31 00:00:00 - horizon 365
2026-08-29 13:59:16,436 - WARNING - Not enough data to backtest for date 2016-11-01 00:00:00 - horizon 365
2026-08-29 13:59:16,436 - WARNING - Not enough data to backtest for date 2016-11-02 00:00:00 - horizon 365
2026-08-29 13:59:16,436 - WARNING - Not enough data to backtest for date 2016-11-03 00:00:00 - horizon 365
2026-08-29 13:59:16,436 - WARNING - Not enough data to backtest for date 2016-11-04 00:00:00 - horizon 365
2026-08-29 13:59:16,436 - WARNING - Not enough data to backtest for date 2016-11-07 00:00:00 - horizon 365
2026-08-29 13:59:16,436 - WARNING - Not enough data to backtest for date 2016-11-08 00:00:00 - horizon 365
2026-08-29 13:59:16,436 - WARNING - Not enough data to backtest for date 2016-11-09 00:00:00 - horizon 365
2026-08-29 13:59:16,436 - WARNING - Not enough data to backtest for date 2016-11-10 00:00:00 - horizon 365
2026-08-29 13:59:16,436 - WARNING - Not enough data to backtest for date 2016-11-11 00:00:00 - horizon 365
2026-08-29 13:59:16,436 - WARNING - Not enough data to backtest for date 2016-11-14 00:00:00 - horizon 365
2026-08-29 13:59:16,436 - WARNING - Not enough data to backtest for date 2016-11-15 00:00:00 - horizon 365
2026-08-29 13:59:16,436 - WARNING - Not enough data to backtest for date 2016-11-16 00:00:00 - horizon 365
2026-08-29 13:59:16,436 - WARNING - Not enough data to backtest for date 2016-11-17 00:00:00 - horizon 365
2026-08-29 13:59:16,436 - WARNING - Not enough data to backtest for date 2016-11-18 00:00:00 - horizon 365
2026-08-29 13:59:16,436 - WARNING - Not enough data to backtest for date 2016-11-21 00:00:00 - horizon 365
2026-08-29 13:59:16,436 - WARNING - Not enough data to backtest for date 2016-11-22 00:00:00 - horizon 365
2026-08-29 13:59:16,436 - WARNING - Not enough data to backtest for date 2016-11-23 00:00:00 - horizon 365
2026-08-29 13:59:16,436 - WARNING - Not enough data to backtest for date 2016-11-24 00:00:00 - horizon 365
2026-08-29 13:59:16,436 - WARNING - Not enough data to backtest for date 2016-11-25 00:00:00 - horizon 365
2026-08-29 13:59:16,436 - WARNING - Not enough data to backtest for date 2016-11-28 00:00:00 - horizon 365
2026-08-29 13:59:16,436 - WARNING - Not enough data to backtest for date 2016-11-29 00:00:00 - horizon 365
2026-08-29 13:59:16,436 - WARNING - Not enough data to backtest for date 2016-11-30 00:00:00 - horizon 365
2026-08-29 13:59:16,436 - WARNING - Not enough data to backtest for date 2016-12-01 00:00:00 - horizon 365
2026-08-29 13:59:16,436 - WARNING - Not enough data to backtest for date 2016-12-02 00:00:00 - horizon 365
2026-08-29 13:59:16,436 - WARNING - Not enough data to backtest for date 2016-12-05 00:00:00 - horizon 365
2026-08-29 13:59:16,436 - WARNING - Not enough data to backtest for date 2016-12-06 00:00:00 - horizon 365
2026-08-29 13:59:16,436 - WARNING - Not enough data to backtest for date 2016-12-07 00:00:00 - horizon 365
2026-08-29 13:59:16,436 - WARNING - Not enough data to backtest for date 2016-12-08 00:00:00 - horizon 365
2026-08-29 13:59:16,436 - WARNING - Not enough data to backtest for date 2016-12-09 00:00:00 - horizon 365
2026-08-29 13:59:16,436 - WARNING - Not enough data to backtest for date 2016-12-12 00:00:00 - horizon 365
2026-08-29 13:59:16,436 - WARNING - Not enough data to backtest for date 2016-12-13 00:00:00 - horizon 365
2026-08-29 13:59:16,436 - WARNING - Not enough data to backtest for date 2016-12-14 00:00:00 - horizon 365
2026-08-29 13:59:16,436 - WARNING - Not enough data to backtest for date 2016-12-15 00:00:00 - horizon 365
2026-08-29 13:59:16,436 - WARNING - Not enough data to backtest for date 2016-12-16 00:00:00 - horizon 365
2026-08-29 13:59:16,436 - WARNING - Not enough data to backtest for date 2016-12-19 00:00:00 - horizon 365
2026-08-29 13:59:16,436 - WARNING - Not enough data to backtest for date 2016-12-20 00:00:00 - horizon 365
2026-08-29 13:59:16,436 - WARNING - Not enough data to backtest for date 2016-12-21 00:00:00 - horizon 365
2026-08-29 13:59:16,436 - WARNING - Not enough data to backtest for date 2016-12-22 00:00:00 - horizon 365
2026-08-29 13:59:16,436 - WARNING - Not enough data to backtest for date 2016-12-23 00:00:00 - horizon 365
2026-08-29 13:59:16,437 - WARNING - Not enough data to backtest for date 2016-12-26 00:00:00 - horizon 365
2026-08-29 13:59:16,437 - WARNING - Not enough data to backtest for date 2016-12-27 00:00:00 - horizon 365
2026-08-29 13:59:16,437 - WARNING - Not enough data to backtest for date 2016-12-28 00:00:00 - horizon 365
2026-08-29 13:59:16,437 - WARNING - Not enough data to backtest for date 2016-12-29 00:00:00 - horizon 365
2026-08-29 13:59:16,437 - WARNING - Not enough data to backtest for date 2016-12-30 00:00:00 - horizon 365
2026-08-29 13:59:16,437 - WARNING - Not enough data to backtest for date 2017-01-02 00:00:00 - horizon 365
2026-08-29 13:59:16,437 - WARNING - Not enough data to backtest for date 2017-01-03 00:00:00 - horizon 365
2026-08-29 13:59:16,437 - WARNING - Not enough data to backtest for date 2017-01-04 00:00:00 - horizon 365
2026-08-29 13:59:16,437 - WARNING - Not enough data to backtest for date 2017-01-05 00:00:00 - horizon 365
2026-08-29 13:59:16,437 - WARNING - Not enough data to backtest for date 2017-01-06 00:00:00 - horizon 365
2026-08-29 13:59:16,437 - WARNING - Not enough data to backtest for date 2017-01-09 00:00:00 - horizon 365
2026-08-29 13:59:16,437 - WARNING - Not enough data to backtest for date 2017-01-10 00:00:00 - horizon 365
2026-08-29 13:59:16,437 - WARNING - Not enough data to backtest for date 2017-01-11 00:00:00 - horizon 365
2026-08-29 13:59:16,437 - WARNING - Not enough data to backtest for date 2017-01-12 00:00:00 - horizon 365
2026-08-29 13:59:16,437 - WARNING - Not enough data to backtest for date 2017-01-13 00:00:00 - horizon 365
2026-08-29 13:59:16,437 - WARNING - Not enough data to backtest for date 2017-01-16 00:00:00 - horizon 365
2026-08-29 13:59:16,437 - WARNING - Not enough data to backtest for date 2017-01-17 00:00:00 - horizon 365
2026-08-29 13:59:16,437 - WARNING - Not enough data to backtest for date 2017-01-18 00:00:00 - horizon 365
2026-08-29 13:59:16,437 - WARNING - Not enough data to backtest for date 2017-01-19 00:00:00 - horizon 365
2026-08-29 13:59:16,437 - WARNING - Not enough data to backtest for date 2017-01-20 00:00:00 - horizon 365
2026-08-29 13:59:16,437 - WARNING - Not enough data to backtest for date 2017-01-23 00:00:00 - horizon 365
2026-08-29 13:59:16,437 - WARNING - Not enough data to backtest for date 2017-01-24 00:00:00 - horizon 365
2026-08-29 13:59:16,437 - WARNING - Not enough data to backtest for date 2017-01-25 00:00:00 - horizon 365
2026-08-29 13:59:16,437 - WARNING - Not enough data to backtest for date 2017-01-26 00:00:00 - horizon 365
2026-08-29 13:59:16,437 - WARNING - Not enough data to backtest for date 2017-01-27 00:00:00 - horizon 365
2026-08-29 13:59:16,437 - WARNING - Not enough data to backtest for date 2017-01-30 00:00:00 - horizon 365
2026-08-29 13:59:16,437 - WARNING - Not enough data to backtest for date 2017-01-31 00:00:00 - horizon 365
2026-08-29 13:59:16,437 - WARNING - Not enough data to backtest for date 2017-02-01 00:00:00 - horizon 365
2026-08-29 13:59:16,437 - WARNING - Not enough data to backtest for date 2017-02-02 00:00:00 - horizon 365
2026-08-29 13:59:16,437 - WARNING - Not enough data to backtest for date 2017-02-03 00:00:00 - horizon 365
2026-08-29 13:59:16,437 - WARNING - Not enough data to backtest for date 2017-02-06 00:00:00 - horizon 365
2026-08-29 13:59:16,437 - WARNING - Not enough data to backtest for date 2017-02-07 00:00:00 - horizon 365
2026-08-29 13:59:16,437 - WARNING - Not enough data to backtest for date 2017-02-08 00:00:00 - horizon 365
2026-08-29 13:59:16,437 - WARNING - Not enough data to backtest for date 2017-02-09 00:00:00 - horizon 365
2026-08-29 13:59:16,437 - WARNING - Not enough data to backtest for date 2017-02-10 00:00:00 - horizon 365
2026-08-29 13:59:16,437 - WARNING - Not enough data to backtest for date 2017-02-13 00:00:00 - horizon 365
2026-08-29 13:59:16,437 - WARNING - Not enough data to backtest for date 2017-02-14 00:00:00 - horizon 365
2026-08-29 13:59:16,437 - WARNING - Not enough data to backtest for date 2017-02-15 00:00:00 - horizon 365
2026-08-29 13:59:16,437 - WARNING - Not enough data to backtest for date 2017-02-16 00:00:00 - horizon 365
2026-08-29 13:59:16,437 - WARNING - Not enough data to backtest for date 2017-02-17 00:00:00 - horizon 365
2026-08-29 13:59:16,437 - WARNING - Not enough data to backtest for date 2017-02-20 00:00:00 - horizon 365
2026-08-29 13:59:16,437 - WARNING - Not enough data to backtest for date 2017-02-21 00:00:00 - horizon 365
2026-08-29 13:59:16,437 - WARNING - Not enough data to backtest for date 2017-02-22 00:00:00 - horizon 365
2026-08-29 13:59:16,437 - WARNING - Not enough data to backtest for date 2017-02-23 00:00:00 - horizon 365
2026-08-29 13:59:16,438 - WARNING - Not enough data to backtest for date 2017-02-24 00:00:00 - horizon 365
2026-08-29 13:59:16,438 - WARNING - Not enough data to backtest for date 2017-02-27 00:00:00 - horizon 365
2026-08-29 13:59:16,438 - WARNING - Not enough data to backtest for date 2017-02-28 00:00:00 - horizon 365
2026-08-29 13:59:16,438 - WARNING - Not enough data to backtest for date 2017-03-01 00:00:00 - horizon 365
2026-08-29 13:59:16,438 - WARNING - Not enough data to backtest for date 2017-03-02 00:00:00 - horizon 365
2026-08-29 13:59:16,438 - WARNING - Not enough data to backtest for date 2017-03-03 00:00:00 - horizon 365
2026-08-29 13:59:16,438 - WARNING - Not enough data to backtest for date 2017-03-06 00:00:00 - horizon 365
2026-08-29 13:59:16,438 - WARNING - Not enough data to backtest for date 2017-03-07 00:00:00 - horizon 365
2026-08-29 13:59:16,438 - WARNING - Not enough data to backtest for date 2017-03-08 00:00:00 - horizon 365
2026-08-29 13:59:16,438 - WARNING - Not enough data to backtest for date 2017-03-09 00:00:00 - horizon 365
2026-08-29 13:59:16,438 - WARNING - Not enough data to backtest for date 2017-03-10 00:00:00 - horizon 365
2026-08-29 13:59:16,438 - WARNING - Not enough data to backtest for date 2017-03-13 00:00:00 - horizon 365
2026-08-29 13:59:16,438 - WARNING - Not enough data to backtest for date 2017-03-14 00:00:00 - horizon 365
2026-08-29 13:59:16,438 - WARNING - Not enough data to backtest for date 2017-03-15 00:00:00 - horizon 365
2026-08-29 13:59:16,438 - WARNING - Not enough data to backtest for date 2017-03-16 00:00:00 - horizon 365
2026-08-29 13:59:16,438 - WARNING - Not enough data to backtest for date 2017-03-17 00:00:00 - horizon 365
2026-08-29 13:59:16,438 - WARNING - Not enough data to backtest for date 2017-03-20 00:00:00 - horizon 365
2026-08-29 13:59:16,438 - WARNING - Not enough data to backtest for date 2017-03-21 00:00:00 - horizon 365
2026-08-29 13:59:16,438 - WARNING - Not enough data to backtest for date 2017-03-22 00:00:00 - horizon 365
2026-08-29 13:59:16,438 - WARNING - Not enough data to backtest for date 2017-03-23 00:00:00 - horizon 365
2026-08-29 13:59:16,438 - WARNING - Not enough data to backtest for date 2017-03-24 00:00:00 - horizon 365
2026-08-29 13:59:16,438 - WARNING - Not enough data to backtest for date 2017-03-27 00:00:00 - horizon 365
2026-08-29 13:59:16,438 - WARNING - Not enough data to backtest for date 2017-03-28 00:00:00 - horizon 365
2026-08-29 13:59:16,438 - WARNING - Not enough data to backtest for date 2017-03-29 00:00:00 - horizon 365
2026-08-29 13:59:16,438 - WARNING - Not enough data to backtest for date 2017-03-30 00:00:00 - horizon 365
2026-08-29 13:59:16,438 - WARNING - Not enough data to backtest for date 2017-03-31 00:00:00 - horizon 365
2026-08-29 13:59:16,438 - WARNING - Not enough data to backtest for date 2017-04-03 00:00:00 - horizon 365
2026-08-29 13:59:16,438 - WARNING - Not enough data to backtest for date 2017-04-04 00:00:00 - horizon 365
2026-08-29 13:59:16,438 - WARNING - Not enough data to backtest for date 2017-04-05 00:00:00 - horizon 365
2026-08-29 13:59:16,438 - WARNING - Not enough data to backtest for date 2017-04-06 00:00:00 - horizon 365
2026-08-29 13:59:16,438 - WARNING - Not enough data to backtest for date 2017-04-07 00:00:00 - horizon 365
2026-08-29 13:59:16,438 - WARNING - Not enough data to backtest for date 2017-04-10 00:00:00 - horizon 365
2026-08-29 13:59:16,438 - WARNING - Not enough data to backtest for date 2017-04-11 00:00:00 - horizon 365
2026-08-29 13:59:16,438 - WARNING - Not enough data to backtest for date 2017-04-12 00:00:00 - horizon 365
2026-08-29 13:59:16,438 - WARNING - Not enough data to backtest for date 2017-04-13 00:00:00 - horizon 365
2026-08-29 13:59:16,438 - WARNING - Not enough data to backtest for date 2017-04-14 00:00:00 - horizon 365
2026-08-29 13:59:16,438 - WARNING - Not enough data to backtest for date 2017-04-17 00:00:00 - horizon 365
2026-08-29 13:59:16,438 - WARNING - Not enough data to backtest for date 2017-04-18 00:00:00 - horizon 365
2026-08-29 13:59:16,438 - WARNING - Not enough data to backtest for date 2017-04-19 00:00:00 - horizon 365
2026-08-29 13:59:16,438 - WARNING - Not enough data to backtest for date 2017-04-20 00:00:00 - horizon 365
2026-08-29 13:59:16,438 - WARNING - Not enough data to backtest for date 2017-04-21 00:00:00 - horizon 365
2026-08-29 13:59:16,438 - WARNING - Not enough data to backtest for date 2017-04-24 00:00:00 - horizon 365
2026-08-29 13:59:16,438 - WARNING - Not enough data to backtest for date 2017-04-25 00:00:00 - horizon 365
2026-08-29 13:59:16,438 - WARNING - Not enough data to backtest for date 2017-04-26 00:00:00 - horizon 365
2026-08-29 13:59:16,438 - WARNING - Not enough data to backtest for date 2017-04-27 00:00:00 - horizon 365
2026-08-29 13:59:16,439 - WARNING - Not enough data to backtest for date 2017-04-28 00:00:00 - horizon 365
2026-08-29 13:59:16,439 - WARNING - Not enough data to backtest for date 2017-05-01 00:00:00 - horizon 365
2026-08-29 13:59:16,439 - WARNING - Not enough data to backtest for date 2017-05-02 00:00:00 - horizon 365
2026-08-29 13:59:16,439 - WARNING - Not enough data to backtest for date 2017-05-03 00:00:00 - horizon 365
2026-08-29 13:59:16,439 - WARNING - Not enough data to backtest for date 2017-05-04 00:00:00 - horizon 365
2026-08-29 13:59:16,439 - WARNING - Not enough data to backtest for date 2017-05-05 00:00:00 - horizon 365
2026-08-29 13:59:16,439 - WARNING - Not enough data to backtest for date 2017-05-08 00:00:00 - horizon 365
2026-08-29 13:59:16,439 - WARNING - Not enough data to backtest for date 2017-05-09 00:00:00 - horizon 365
2026-08-29 13:59:16,439 - WARNING - Not enough data to backtest for date 2017-05-10 00:00:00 - horizon 365
2026-08-29 13:59:16,439 - WARNING - Not enough data to backtest for date 2017-05-11 00:00:00 - horizon 365
2026-08-29 13:59:16,439 - WARNING - Not enough data to backtest for date 2017-05-12 00:00:00 - horizon 365
2026-08-29 13:59:16,439 - WARNING - Not enough data to backtest for date 2017-05-15 00:00:00 - horizon 365
2026-08-29 13:59:16,439 - WARNING - Not enough data to backtest for date 2017-05-16 00:00:00 - horizon 365
2026-08-29 13:59:16,439 - WARNING - Not enough data to backtest for date 2017-05-17 00:00:00 - horizon 365
2026-08-29 13:59:16,439 - WARNING - Not enough data to backtest for date 2017-05-18 00:00:00 - horizon 365
2026-08-29 13:59:16,439 - WARNING - Not enough data to backtest for date 2017-05-19 00:00:00 - horizon 365
2026-08-29 13:59:16,439 - WARNING - Not enough data to backtest for date 2017-05-22 00:00:00 - horizon 365
2026-08-29 13:59:16,439 - WARNING - Not enough data to backtest for date 2017-05-23 00:00:00 - horizon 365
2026-08-29 13:59:16,439 - WARNING - Not enough data to backtest for date 2017-05-24 00:00:00 - horizon 365
2026-08-29 13:59:16,439 - WARNING - Not enough data to backtest for date 2017-05-25 00:00:00 - horizon 365
2026-08-29 13:59:16,439 - WARNING - Not enough data to backtest for date 2017-05-26 00:00:00 - horizon 365
2026-08-29 13:59:16,439 - WARNING - Not enough data to backtest for date 2017-05-29 00:00:00 - horizon 365
2026-08-29 13:59:16,439 - WARNING - Not enough data to backtest for date 2017-05-30 00:00:00 - horizon 365
2026-08-29 13:59:16,439 - WARNING - Not enough data to backtest for date 2017-05-31 00:00:00 - horizon 365
2026-08-29 13:59:16,439 - WARNING - Not enough data to backtest for date 2017-06-01 00:00:00 - horizon 365
2026-08-29 13:59:16,439 - WARNING - Not enough data to backtest for date 2017-06-02 00:00:00 - horizon 365
2026-08-29 13:59:16,439 - WARNING - Not enough data to backtest for date 2017-06-05 00:00:00 - horizon 365
2026-08-29 13:59:16,439 - WARNING - Not enough data to backtest for date 2017-06-06 00:00:00 - horizon 365
2026-08-29 13:59:16,439 - WARNING - Not enough data to backtest for date 2017-06-07 00:00:00 - horizon 365
2026-08-29 13:59:16,439 - WARNING - Not enough data to backtest for date 2017-06-08 00:00:00 - horizon 365
2026-08-29 13:59:16,439 - WARNING - Not enough data to backtest for date 2017-06-09 00:00:00 - horizon 365
2026-08-29 13:59:16,439 - WARNING - Not enough data to backtest for date 2017-06-12 00:00:00 - horizon 365
2026-08-29 13:59:16,439 - WARNING - Not enough data to backtest for date 2017-06-13 00:00:00 - horizon 365
2026-08-29 13:59:16,439 - WARNING - Not enough data to backtest for date 2017-06-14 00:00:00 - horizon 365
2026-08-29 13:59:16,439 - WARNING - Not enough data to backtest for date 2017-06-15 00:00:00 - horizon 365
2026-08-29 13:59:16,439 - WARNING - Not enough data to backtest for date 2017-06-16 00:00:00 - horizon 365
2026-08-29 13:59:16,439 - WARNING - Not enough data to backtest for date 2017-06-19 00:00:00 - horizon 365
2026-08-29 13:59:16,439 - WARNING - Not enough data to backtest for date 2017-06-20 00:00:00 - horizon 365
2026-08-29 13:59:16,439 - WARNING - Not enough data to backtest for date 2017-06-21 00:00:00 - horizon 365
2026-08-29 13:59:16,439 - WARNING - Not enough data to backtest for date 2017-06-22 00:00:00 - horizon 365
2026-08-29 13:59:16,439 - WARNING - Not enough data to backtest for date 2017-06-23 00:00:00 - horizon 365
2026-08-29 13:59:16,439 - WARNING - Not enough data to backtest for date 2017-06-26 00:00:00 - horizon 365
2026-08-29 13:59:16,439 - WARNING - Not enough data to backtest for date 2017-06-27 00:00:00 - horizon 365
2026-08-29 13:59:16,439 - WARNING - Not enough data to backtest for date 2017-06-28 00:00:00 - horizon 365
2026-08-29 13:59:16,439 - WARNING - Not enough data to backtest for date 2017-06-29 00:00:00 - horizon 365
2026-08-29 13:59:16,440 - WARNING - Not enough data to backtest for date 2017-06-30 00:00:00 - horizon 365
2026-08-29 13:59:16,440 - WARNING - Not enough data to backtest for date 2017-07-03 00:00:00 - horizon 365
2026-08-29 13:59:16,440 - WARNING - Not enough data to backtest for date 2017-07-04 00:00:00 - horizon 365
2026-08-29 13:59:16,440 - WARNING - Not enough data to backtest for date 2017-07-05 00:00:00 - horizon 365
2026-08-29 13:59:16,440 - WARNING - Not enough data to backtest for date 2017-07-06 00:00:00 - horizon 365
2026-08-29 13:59:16,440 - WARNING - Not enough data to backtest for date 2017-07-07 00:00:00 - horizon 365
2026-08-29 13:59:16,440 - WARNING - Not enough data to backtest for date 2017-07-10 00:00:00 - horizon 365
2026-08-29 13:59:16,440 - WARNING - Not enough data to backtest for date 2017-07-11 00:00:00 - horizon 365
2026-08-29 13:59:16,440 - WARNING - Not enough data to backtest for date 2017-07-12 00:00:00 - horizon 365
2026-08-29 13:59:16,440 - WARNING - Not enough data to backtest for date 2017-07-13 00:00:00 - horizon 365
2026-08-29 13:59:16,440 - WARNING - Not enough data to backtest for date 2017-07-14 00:00:00 - horizon 365
2026-08-29 13:59:16,440 - WARNING - Not enough data to backtest for date 2017-07-17 00:00:00 - horizon 365
2026-08-29 13:59:16,440 - WARNING - Not enough data to backtest for date 2017-07-18 00:00:00 - horizon 365
2026-08-29 13:59:16,440 - WARNING - Not enough data to backtest for date 2017-07-19 00:00:00 - horizon 365
2026-08-29 13:59:16,440 - WARNING - Not enough data to backtest for date 2017-07-20 00:00:00 - horizon 365
2026-08-29 13:59:16,440 - WARNING - Not enough data to backtest for date 2017-07-21 00:00:00 - horizon 365
2026-08-29 13:59:16,440 - WARNING - Not enough data to backtest for date 2017-07-24 00:00:00 - horizon 365
2026-08-29 13:59:16,440 - WARNING - Not enough data to backtest for date 2017-07-25 00:00:00 - horizon 365
2026-08-29 13:59:16,440 - WARNING - Not enough data to backtest for date 2017-07-26 00:00:00 - horizon 365
2026-08-29 13:59:16,440 - WARNING - Not enough data to backtest for date 2017-07-27 00:00:00 - horizon 365
2026-08-29 13:59:16,440 - WARNING - Not enough data to backtest for date 2017-07-28 00:00:00 - horizon 365
2026-08-29 13:59:16,440 - WARNING - Not enough data to backtest for date 2017-07-31 00:00:00 - horizon 365
2026-08-29 13:59:16,440 - WARNING - Not enough data to backtest for date 2017-08-01 00:00:00 - horizon 365
2026-08-29 13:59:16,440 - WARNING - Not enough data to backtest for date 2017-08-02 00:00:00 - horizon 365
2026-08-29 13:59:16,440 - WARNING - Not enough data to backtest for date 2017-08-03 00:00:00 - horizon 365
2026-08-29 13:59:16,440 - WARNING - Not enough data to backtest for date 2017-08-04 00:00:00 - horizon 365
2026-08-29 13:59:16,440 - WARNING - Not enough data to backtest for date 2017-08-07 00:00:00 - horizon 365
2026-08-29 13:59:16,440 - WARNING - Not enough data to backtest for date 2017-08-08 00:00:00 - horizon 365
2026-08-29 13:59:16,440 - WARNING - Not enough data to backtest for date 2017-08-09 00:00:00 - horizon 365
2026-08-29 13:59:16,440 - WARNING - Not enough data to backtest for date 2017-08-10 00:00:00 - horizon 365
2026-08-29 13:59:16,440 - WARNING - Not enough data to backtest for date 2017-08-11 00:00:00 - horizon 365
2026-08-29 13:59:16,440 - WARNING - Not enough data to backtest for date 2017-08-14 00:00:00 - horizon 365
2026-08-29 13:59:16,440 - WARNING - Not enough data to backtest for date 2017-08-15 00:00:00 - horizon 365
2026-08-29 13:59:16,440 - WARNING - Not enough data to backtest for date 2017-08-16 00:00:00 - horizon 365
2026-08-29 13:59:16,440 - WARNING - Not enough data to backtest for date 2017-08-17 00:00:00 - horizon 365
2026-08-29 13:59:16,440 - WARNING - Not enough data to backtest for date 2017-08-18 00:00:00 - horizon 365
2026-08-29 13:59:16,440 - WARNING - Not enough data to backtest for date 2017-08-21 00:00:00 - horizon 365
2026-08-29 13:59:16,440 - WARNING - Not enough data to backtest for date 2017-08-22 00:00:00 - horizon 365
2026-08-29 13:59:16,440 - WARNING - Not enough data to backtest for date 2017-08-23 00:00:00 - horizon 365
2026-08-29 13:59:16,440 - WARNING - Not enough data to backtest for date 2017-08-24 00:00:00 - horizon 365
2026-08-29 13:59:16,440 - WARNING - Not enough data to backtest for date 2017-08-25 00:00:00 - horizon 365
2026-08-29 13:59:16,440 - WARNING - Not enough data to backtest for date 2017-08-28 00:00:00 - horizon 365
2026-08-29 13:59:16,440 - WARNING - Not enough data to backtest for date 2017-08-29 00:00:00 - horizon 365
2026-08-29 13:59:16,440 - WARNING - Not enough data to backtest for date 2017-08-30 00:00:00 - horizon 365
2026-08-29 13:59:16,440 - WARNING - Not enough data to backtest for date 2017-08-31 00:00:00 - horizon 365
2026-08-29 13:59:16,441 - WARNING - Not enough data to backtest for date 2017-09-01 00:00:00 - horizon 365
2026-08-29 13:59:16,441 - WARNING - Not enough data to backtest for date 2017-09-04 00:00:00 - horizon 365
2026-08-29 13:59:16,441 - WARNING - Not enough data to backtest for date 2017-09-05 00:00:00 - horizon 365
2026-08-29 13:59:16,441 - WARNING - Not enough data to backtest for date 2017-09-06 00:00:00 - horizon 365
2026-08-29 14:02:54,731 - INFO - Successfully saved to /home/victor/Projects/regularized-MAR-vs-residual-LSTM-in-forcasting-IVS/data/result/LSTM/VanillaLSTM_training_mse.csv with shape (6, 2)
2026-08-29 14:02:54,731 - INFO - Starting testing VanillaLSTM...
2026-08-29 14:05:12,122 - INFO - Successfully saved to /home/victor/Projects/regularized-MAR-vs-residual-LSTM-in-forcasting-IVS/data/result/LSTM/VanillaLSTM_mse.csv with shape (6, 2)
2026-08-29 14:05:12,122 - INFO - Model: ResidualLSTM
2026-08-29 14:05:12,122 - INFO - Loading hyperparameters...
2026-08-29 14:05:12,122 - INFO - Hyperparameters: {'hidden_dim': 64, 'lr': 0.0022970357081195923, 'weight_decay': 0.0036684796920517008, 'dropout': 0.43689113576095373, 'num_layers': 1, 'batch_size': 32, 'seq_len': 50, 'max_epochs': 40}
2026-08-29 14:05:12,124 - INFO - Starting training ResidualLSTM...
2026-08-29 14:05:45,311 - INFO - Computing training MSE for ResidualLSTM...
2026-08-29 14:05:45,313 - WARNING - Not enough data to backtest for date 2016-04-01 00:00:00 - horizon 1
2026-08-29 14:05:45,313 - WARNING - Not enough data to backtest for date 2016-04-04 00:00:00 - horizon 1
2026-08-29 14:05:45,313 - WARNING - Not enough data to backtest for date 2016-04-05 00:00:00 - horizon 1
2026-08-29 14:05:45,313 - WARNING - Not enough data to backtest for date 2016-04-06 00:00:00 - horizon 1
2026-08-29 14:05:45,313 - WARNING - Not enough data to backtest for date 2016-04-07 00:00:00 - horizon 1
2026-08-29 14:05:45,313 - WARNING - Not enough data to backtest for date 2016-04-08 00:00:00 - horizon 1
2026-08-29 14:05:45,313 - WARNING - Not enough data to backtest for date 2016-04-11 00:00:00 - horizon 1
2026-08-29 14:05:45,313 - WARNING - Not enough data to backtest for date 2016-04-12 00:00:00 - horizon 1
2026-08-29 14:05:45,313 - WARNING - Not enough data to backtest for date 2016-04-13 00:00:00 - horizon 1
2026-08-29 14:05:45,313 - WARNING - Not enough data to backtest for date 2016-04-14 00:00:00 - horizon 1
2026-08-29 14:05:45,313 - WARNING - Not enough data to backtest for date 2016-04-15 00:00:00 - horizon 1
2026-08-29 14:05:45,313 - WARNING - Not enough data to backtest for date 2016-04-18 00:00:00 - horizon 1
2026-08-29 14:05:45,313 - WARNING - Not enough data to backtest for date 2016-04-19 00:00:00 - horizon 1
2026-08-29 14:05:45,313 - WARNING - Not enough data to backtest for date 2016-04-20 00:00:00 - horizon 1
2026-08-29 14:05:45,313 - WARNING - Not enough data to backtest for date 2016-04-21 00:00:00 - horizon 1
2026-08-29 14:05:45,313 - WARNING - Not enough data to backtest for date 2016-04-22 00:00:00 - horizon 1
2026-08-29 14:05:45,313 - WARNING - Not enough data to backtest for date 2016-04-25 00:00:00 - horizon 1
2026-08-29 14:05:45,313 - WARNING - Not enough data to backtest for date 2016-04-26 00:00:00 - horizon 1
2026-08-29 14:05:45,313 - WARNING - Not enough data to backtest for date 2016-04-27 00:00:00 - horizon 1
2026-08-29 14:05:45,314 - WARNING - Not enough data to backtest for date 2016-04-28 00:00:00 - horizon 1
2026-08-29 14:05:45,314 - WARNING - Not enough data to backtest for date 2016-04-29 00:00:00 - horizon 1
2026-08-29 14:05:45,314 - WARNING - Not enough data to backtest for date 2016-05-02 00:00:00 - horizon 1
2026-08-29 14:05:45,314 - WARNING - Not enough data to backtest for date 2016-05-03 00:00:00 - horizon 1
2026-08-29 14:05:45,314 - WARNING - Not enough data to backtest for date 2016-05-04 00:00:00 - horizon 1
2026-08-29 14:05:45,314 - WARNING - Not enough data to backtest for date 2016-05-05 00:00:00 - horizon 1
2026-08-29 14:05:45,314 - WARNING - Not enough data to backtest for date 2016-05-06 00:00:00 - horizon 1
2026-08-29 14:05:45,314 - WARNING - Not enough data to backtest for date 2016-05-09 00:00:00 - horizon 1
2026-08-29 14:05:45,314 - WARNING - Not enough data to backtest for date 2016-05-10 00:00:00 - horizon 1
2026-08-29 14:05:45,314 - WARNING - Not enough data to backtest for date 2016-05-11 00:00:00 - horizon 1
2026-08-29 14:05:45,314 - WARNING - Not enough data to backtest for date 2016-05-12 00:00:00 - horizon 1
2026-08-29 14:05:45,314 - WARNING - Not enough data to backtest for date 2016-05-13 00:00:00 - horizon 1
2026-08-29 14:05:45,314 - WARNING - Not enough data to backtest for date 2016-05-16 00:00:00 - horizon 1
2026-08-29 14:05:45,314 - WARNING - Not enough data to backtest for date 2016-05-17 00:00:00 - horizon 1
2026-08-29 14:05:45,314 - WARNING - Not enough data to backtest for date 2016-05-18 00:00:00 - horizon 1
2026-08-29 14:05:45,314 - WARNING - Not enough data to backtest for date 2016-05-19 00:00:00 - horizon 1
2026-08-29 14:05:45,314 - WARNING - Not enough data to backtest for date 2016-05-20 00:00:00 - horizon 1
2026-08-29 14:05:45,314 - WARNING - Not enough data to backtest for date 2016-05-23 00:00:00 - horizon 1
2026-08-29 14:05:45,314 - WARNING - Not enough data to backtest for date 2016-05-24 00:00:00 - horizon 1
2026-08-29 14:05:45,314 - WARNING - Not enough data to backtest for date 2016-05-25 00:00:00 - horizon 1
2026-08-29 14:05:45,314 - WARNING - Not enough data to backtest for date 2016-05-26 00:00:00 - horizon 1
2026-08-29 14:05:45,314 - WARNING - Not enough data to backtest for date 2016-05-27 00:00:00 - horizon 1
2026-08-29 14:05:45,314 - WARNING - Not enough data to backtest for date 2016-05-30 00:00:00 - horizon 1
2026-08-29 14:05:45,314 - WARNING - Not enough data to backtest for date 2016-05-31 00:00:00 - horizon 1
2026-08-29 14:05:45,314 - WARNING - Not enough data to backtest for date 2016-06-01 00:00:00 - horizon 1
2026-08-29 14:05:45,314 - WARNING - Not enough data to backtest for date 2016-06-02 00:00:00 - horizon 1
2026-08-29 14:05:45,314 - WARNING - Not enough data to backtest for date 2016-06-03 00:00:00 - horizon 1
2026-08-29 14:05:45,314 - WARNING - Not enough data to backtest for date 2016-06-06 00:00:00 - horizon 1
2026-08-29 14:05:45,314 - WARNING - Not enough data to backtest for date 2016-06-07 00:00:00 - horizon 1
2026-08-29 14:05:45,314 - WARNING - Not enough data to backtest for date 2016-06-08 00:00:00 - horizon 1
2026-08-29 14:05:45,314 - WARNING - Not enough data to backtest for date 2016-06-09 00:00:00 - horizon 1
2026-08-29 14:05:46,716 - WARNING - Not enough data to backtest for date 2016-04-01 00:00:00 - horizon 14
2026-08-29 14:05:46,716 - WARNING - Not enough data to backtest for date 2016-04-04 00:00:00 - horizon 14
2026-08-29 14:05:46,716 - WARNING - Not enough data to backtest for date 2016-04-05 00:00:00 - horizon 14
2026-08-29 14:05:46,716 - WARNING - Not enough data to backtest for date 2016-04-06 00:00:00 - horizon 14
2026-08-29 14:05:46,716 - WARNING - Not enough data to backtest for date 2016-04-07 00:00:00 - horizon 14
2026-08-29 14:05:46,716 - WARNING - Not enough data to backtest for date 2016-04-08 00:00:00 - horizon 14
2026-08-29 14:05:46,716 - WARNING - Not enough data to backtest for date 2016-04-11 00:00:00 - horizon 14
2026-08-29 14:05:46,716 - WARNING - Not enough data to backtest for date 2016-04-12 00:00:00 - horizon 14
2026-08-29 14:05:46,716 - WARNING - Not enough data to backtest for date 2016-04-13 00:00:00 - horizon 14
2026-08-29 14:05:46,716 - WARNING - Not enough data to backtest for date 2016-04-14 00:00:00 - horizon 14
2026-08-29 14:05:46,716 - WARNING - Not enough data to backtest for date 2016-04-15 00:00:00 - horizon 14
2026-08-29 14:05:46,716 - WARNING - Not enough data to backtest for date 2016-04-18 00:00:00 - horizon 14
2026-08-29 14:05:46,716 - WARNING - Not enough data to backtest for date 2016-04-19 00:00:00 - horizon 14
2026-08-29 14:05:46,716 - WARNING - Not enough data to backtest for date 2016-04-20 00:00:00 - horizon 14
2026-08-29 14:05:46,716 - WARNING - Not enough data to backtest for date 2016-04-21 00:00:00 - horizon 14
2026-08-29 14:05:46,716 - WARNING - Not enough data to backtest for date 2016-04-22 00:00:00 - horizon 14
2026-08-29 14:05:46,716 - WARNING - Not enough data to backtest for date 2016-04-25 00:00:00 - horizon 14
2026-08-29 14:05:46,716 - WARNING - Not enough data to backtest for date 2016-04-26 00:00:00 - horizon 14
2026-08-29 14:05:46,716 - WARNING - Not enough data to backtest for date 2016-04-27 00:00:00 - horizon 14
2026-08-29 14:05:46,716 - WARNING - Not enough data to backtest for date 2016-04-28 00:00:00 - horizon 14
2026-08-29 14:05:46,716 - WARNING - Not enough data to backtest for date 2016-04-29 00:00:00 - horizon 14
2026-08-29 14:05:46,716 - WARNING - Not enough data to backtest for date 2016-05-02 00:00:00 - horizon 14
2026-08-29 14:05:46,716 - WARNING - Not enough data to backtest for date 2016-05-03 00:00:00 - horizon 14
2026-08-29 14:05:46,716 - WARNING - Not enough data to backtest for date 2016-05-04 00:00:00 - horizon 14
2026-08-29 14:05:46,716 - WARNING - Not enough data to backtest for date 2016-05-05 00:00:00 - horizon 14
2026-08-29 14:05:46,716 - WARNING - Not enough data to backtest for date 2016-05-06 00:00:00 - horizon 14
2026-08-29 14:05:46,716 - WARNING - Not enough data to backtest for date 2016-05-09 00:00:00 - horizon 14
2026-08-29 14:05:46,716 - WARNING - Not enough data to backtest for date 2016-05-10 00:00:00 - horizon 14
2026-08-29 14:05:46,716 - WARNING - Not enough data to backtest for date 2016-05-11 00:00:00 - horizon 14
2026-08-29 14:05:46,716 - WARNING - Not enough data to backtest for date 2016-05-12 00:00:00 - horizon 14
2026-08-29 14:05:46,716 - WARNING - Not enough data to backtest for date 2016-05-13 00:00:00 - horizon 14
2026-08-29 14:05:46,716 - WARNING - Not enough data to backtest for date 2016-05-16 00:00:00 - horizon 14
2026-08-29 14:05:46,716 - WARNING - Not enough data to backtest for date 2016-05-17 00:00:00 - horizon 14
2026-08-29 14:05:46,716 - WARNING - Not enough data to backtest for date 2016-05-18 00:00:00 - horizon 14
2026-08-29 14:05:46,716 - WARNING - Not enough data to backtest for date 2016-05-19 00:00:00 - horizon 14
2026-08-29 14:05:46,716 - WARNING - Not enough data to backtest for date 2016-05-20 00:00:00 - horizon 14
2026-08-29 14:05:46,716 - WARNING - Not enough data to backtest for date 2016-05-23 00:00:00 - horizon 14
2026-08-29 14:05:46,716 - WARNING - Not enough data to backtest for date 2016-05-24 00:00:00 - horizon 14
2026-08-29 14:05:46,717 - WARNING - Not enough data to backtest for date 2016-05-25 00:00:00 - horizon 14
2026-08-29 14:05:46,717 - WARNING - Not enough data to backtest for date 2016-05-26 00:00:00 - horizon 14
2026-08-29 14:05:46,717 - WARNING - Not enough data to backtest for date 2016-05-27 00:00:00 - horizon 14
2026-08-29 14:05:46,717 - WARNING - Not enough data to backtest for date 2016-05-30 00:00:00 - horizon 14
2026-08-29 14:05:46,717 - WARNING - Not enough data to backtest for date 2016-05-31 00:00:00 - horizon 14
2026-08-29 14:05:46,717 - WARNING - Not enough data to backtest for date 2016-06-01 00:00:00 - horizon 14
2026-08-29 14:05:46,717 - WARNING - Not enough data to backtest for date 2016-06-02 00:00:00 - horizon 14
2026-08-29 14:05:46,717 - WARNING - Not enough data to backtest for date 2016-06-03 00:00:00 - horizon 14
2026-08-29 14:05:46,717 - WARNING - Not enough data to backtest for date 2016-06-06 00:00:00 - horizon 14
2026-08-29 14:05:46,717 - WARNING - Not enough data to backtest for date 2016-06-07 00:00:00 - horizon 14
2026-08-29 14:05:46,717 - WARNING - Not enough data to backtest for date 2016-06-08 00:00:00 - horizon 14
2026-08-29 14:05:46,717 - WARNING - Not enough data to backtest for date 2016-06-09 00:00:00 - horizon 14
2026-08-29 14:05:46,717 - WARNING - Not enough data to backtest for date 2016-06-10 00:00:00 - horizon 14
2026-08-29 14:05:46,717 - WARNING - Not enough data to backtest for date 2016-06-13 00:00:00 - horizon 14
2026-08-29 14:05:46,717 - WARNING - Not enough data to backtest for date 2016-06-14 00:00:00 - horizon 14
2026-08-29 14:05:46,717 - WARNING - Not enough data to backtest for date 2016-06-15 00:00:00 - horizon 14
2026-08-29 14:05:46,717 - WARNING - Not enough data to backtest for date 2016-06-16 00:00:00 - horizon 14
2026-08-29 14:05:46,717 - WARNING - Not enough data to backtest for date 2016-06-17 00:00:00 - horizon 14
2026-08-29 14:05:46,717 - WARNING - Not enough data to backtest for date 2016-06-20 00:00:00 - horizon 14
2026-08-29 14:05:46,717 - WARNING - Not enough data to backtest for date 2016-06-21 00:00:00 - horizon 14
2026-08-29 14:05:46,717 - WARNING - Not enough data to backtest for date 2016-06-22 00:00:00 - horizon 14
2026-08-29 14:05:46,717 - WARNING - Not enough data to backtest for date 2016-06-23 00:00:00 - horizon 14
2026-08-29 14:05:46,717 - WARNING - Not enough data to backtest for date 2016-06-24 00:00:00 - horizon 14
2026-08-29 14:05:46,717 - WARNING - Not enough data to backtest for date 2016-06-27 00:00:00 - horizon 14
2026-08-29 14:05:46,717 - WARNING - Not enough data to backtest for date 2016-06-28 00:00:00 - horizon 14
2026-08-29 14:05:57,821 - WARNING - Not enough data to backtest for date 2016-04-01 00:00:00 - horizon 30
2026-08-29 14:05:57,821 - WARNING - Not enough data to backtest for date 2016-04-04 00:00:00 - horizon 30
2026-08-29 14:05:57,821 - WARNING - Not enough data to backtest for date 2016-04-05 00:00:00 - horizon 30
2026-08-29 14:05:57,821 - WARNING - Not enough data to backtest for date 2016-04-06 00:00:00 - horizon 30
2026-08-29 14:05:57,821 - WARNING - Not enough data to backtest for date 2016-04-07 00:00:00 - horizon 30
2026-08-29 14:05:57,821 - WARNING - Not enough data to backtest for date 2016-04-08 00:00:00 - horizon 30
2026-08-29 14:05:57,821 - WARNING - Not enough data to backtest for date 2016-04-11 00:00:00 - horizon 30
2026-08-29 14:05:57,821 - WARNING - Not enough data to backtest for date 2016-04-12 00:00:00 - horizon 30
2026-08-29 14:05:57,821 - WARNING - Not enough data to backtest for date 2016-04-13 00:00:00 - horizon 30
2026-08-29 14:05:57,821 - WARNING - Not enough data to backtest for date 2016-04-14 00:00:00 - horizon 30
2026-08-29 14:05:57,821 - WARNING - Not enough data to backtest for date 2016-04-15 00:00:00 - horizon 30
2026-08-29 14:05:57,821 - WARNING - Not enough data to backtest for date 2016-04-18 00:00:00 - horizon 30
2026-08-29 14:05:57,821 - WARNING - Not enough data to backtest for date 2016-04-19 00:00:00 - horizon 30
2026-08-29 14:05:57,821 - WARNING - Not enough data to backtest for date 2016-04-20 00:00:00 - horizon 30
2026-08-29 14:05:57,821 - WARNING - Not enough data to backtest for date 2016-04-21 00:00:00 - horizon 30
2026-08-29 14:05:57,821 - WARNING - Not enough data to backtest for date 2016-04-22 00:00:00 - horizon 30
2026-08-29 14:05:57,821 - WARNING - Not enough data to backtest for date 2016-04-25 00:00:00 - horizon 30
2026-08-29 14:05:57,821 - WARNING - Not enough data to backtest for date 2016-04-26 00:00:00 - horizon 30
2026-08-29 14:05:57,821 - WARNING - Not enough data to backtest for date 2016-04-27 00:00:00 - horizon 30
2026-08-29 14:05:57,822 - WARNING - Not enough data to backtest for date 2016-04-28 00:00:00 - horizon 30
2026-08-29 14:05:57,822 - WARNING - Not enough data to backtest for date 2016-04-29 00:00:00 - horizon 30
2026-08-29 14:05:57,822 - WARNING - Not enough data to backtest for date 2016-05-02 00:00:00 - horizon 30
2026-08-29 14:05:57,822 - WARNING - Not enough data to backtest for date 2016-05-03 00:00:00 - horizon 30
2026-08-29 14:05:57,822 - WARNING - Not enough data to backtest for date 2016-05-04 00:00:00 - horizon 30
2026-08-29 14:05:57,822 - WARNING - Not enough data to backtest for date 2016-05-05 00:00:00 - horizon 30
2026-08-29 14:05:57,822 - WARNING - Not enough data to backtest for date 2016-05-06 00:00:00 - horizon 30
2026-08-29 14:05:57,822 - WARNING - Not enough data to backtest for date 2016-05-09 00:00:00 - horizon 30
2026-08-29 14:05:57,822 - WARNING - Not enough data to backtest for date 2016-05-10 00:00:00 - horizon 30
2026-08-29 14:05:57,822 - WARNING - Not enough data to backtest for date 2016-05-11 00:00:00 - horizon 30
2026-08-29 14:05:57,822 - WARNING - Not enough data to backtest for date 2016-05-12 00:00:00 - horizon 30
2026-08-29 14:05:57,822 - WARNING - Not enough data to backtest for date 2016-05-13 00:00:00 - horizon 30
2026-08-29 14:05:57,822 - WARNING - Not enough data to backtest for date 2016-05-16 00:00:00 - horizon 30
2026-08-29 14:05:57,822 - WARNING - Not enough data to backtest for date 2016-05-17 00:00:00 - horizon 30
2026-08-29 14:05:57,822 - WARNING - Not enough data to backtest for date 2016-05-18 00:00:00 - horizon 30
2026-08-29 14:05:57,822 - WARNING - Not enough data to backtest for date 2016-05-19 00:00:00 - horizon 30
2026-08-29 14:05:57,822 - WARNING - Not enough data to backtest for date 2016-05-20 00:00:00 - horizon 30
2026-08-29 14:05:57,822 - WARNING - Not enough data to backtest for date 2016-05-23 00:00:00 - horizon 30
2026-08-29 14:05:57,822 - WARNING - Not enough data to backtest for date 2016-05-24 00:00:00 - horizon 30
2026-08-29 14:05:57,822 - WARNING - Not enough data to backtest for date 2016-05-25 00:00:00 - horizon 30
2026-08-29 14:05:57,822 - WARNING - Not enough data to backtest for date 2016-05-26 00:00:00 - horizon 30
2026-08-29 14:05:57,822 - WARNING - Not enough data to backtest for date 2016-05-27 00:00:00 - horizon 30
2026-08-29 14:05:57,822 - WARNING - Not enough data to backtest for date 2016-05-30 00:00:00 - horizon 30
2026-08-29 14:05:57,822 - WARNING - Not enough data to backtest for date 2016-05-31 00:00:00 - horizon 30
2026-08-29 14:05:57,822 - WARNING - Not enough data to backtest for date 2016-06-01 00:00:00 - horizon 30
2026-08-29 14:05:57,822 - WARNING - Not enough data to backtest for date 2016-06-02 00:00:00 - horizon 30
2026-08-29 14:05:57,822 - WARNING - Not enough data to backtest for date 2016-06-03 00:00:00 - horizon 30
2026-08-29 14:05:57,822 - WARNING - Not enough data to backtest for date 2016-06-06 00:00:00 - horizon 30
2026-08-29 14:05:57,822 - WARNING - Not enough data to backtest for date 2016-06-07 00:00:00 - horizon 30
2026-08-29 14:05:57,822 - WARNING - Not enough data to backtest for date 2016-06-08 00:00:00 - horizon 30
2026-08-29 14:05:57,822 - WARNING - Not enough data to backtest for date 2016-06-09 00:00:00 - horizon 30
2026-08-29 14:05:57,822 - WARNING - Not enough data to backtest for date 2016-06-10 00:00:00 - horizon 30
2026-08-29 14:05:57,822 - WARNING - Not enough data to backtest for date 2016-06-13 00:00:00 - horizon 30
2026-08-29 14:05:57,822 - WARNING - Not enough data to backtest for date 2016-06-14 00:00:00 - horizon 30
2026-08-29 14:05:57,822 - WARNING - Not enough data to backtest for date 2016-06-15 00:00:00 - horizon 30
2026-08-29 14:05:57,822 - WARNING - Not enough data to backtest for date 2016-06-16 00:00:00 - horizon 30
2026-08-29 14:05:57,822 - WARNING - Not enough data to backtest for date 2016-06-17 00:00:00 - horizon 30
2026-08-29 14:05:57,822 - WARNING - Not enough data to backtest for date 2016-06-20 00:00:00 - horizon 30
2026-08-29 14:05:57,822 - WARNING - Not enough data to backtest for date 2016-06-21 00:00:00 - horizon 30
2026-08-29 14:05:57,823 - WARNING - Not enough data to backtest for date 2016-06-22 00:00:00 - horizon 30
2026-08-29 14:05:57,823 - WARNING - Not enough data to backtest for date 2016-06-23 00:00:00 - horizon 30
2026-08-29 14:05:57,823 - WARNING - Not enough data to backtest for date 2016-06-24 00:00:00 - horizon 30
2026-08-29 14:05:57,823 - WARNING - Not enough data to backtest for date 2016-06-27 00:00:00 - horizon 30
2026-08-29 14:05:57,823 - WARNING - Not enough data to backtest for date 2016-06-28 00:00:00 - horizon 30
2026-08-29 14:05:57,823 - WARNING - Not enough data to backtest for date 2016-06-29 00:00:00 - horizon 30
2026-08-29 14:05:57,823 - WARNING - Not enough data to backtest for date 2016-06-30 00:00:00 - horizon 30
2026-08-29 14:05:57,823 - WARNING - Not enough data to backtest for date 2016-07-01 00:00:00 - horizon 30
2026-08-29 14:05:57,823 - WARNING - Not enough data to backtest for date 2016-07-04 00:00:00 - horizon 30
2026-08-29 14:05:57,823 - WARNING - Not enough data to backtest for date 2016-07-05 00:00:00 - horizon 30
2026-08-29 14:05:57,823 - WARNING - Not enough data to backtest for date 2016-07-06 00:00:00 - horizon 30
2026-08-29 14:05:57,823 - WARNING - Not enough data to backtest for date 2016-07-07 00:00:00 - horizon 30
2026-08-29 14:05:57,823 - WARNING - Not enough data to backtest for date 2016-07-08 00:00:00 - horizon 30
2026-08-29 14:05:57,823 - WARNING - Not enough data to backtest for date 2016-07-11 00:00:00 - horizon 30
2026-08-29 14:05:57,823 - WARNING - Not enough data to backtest for date 2016-07-12 00:00:00 - horizon 30
2026-08-29 14:05:57,823 - WARNING - Not enough data to backtest for date 2016-07-13 00:00:00 - horizon 30
2026-08-29 14:05:57,823 - WARNING - Not enough data to backtest for date 2016-07-14 00:00:00 - horizon 30
2026-08-29 14:05:57,823 - WARNING - Not enough data to backtest for date 2016-07-15 00:00:00 - horizon 30
2026-08-29 14:05:57,823 - WARNING - Not enough data to backtest for date 2016-07-18 00:00:00 - horizon 30
2026-08-29 14:05:57,823 - WARNING - Not enough data to backtest for date 2016-07-19 00:00:00 - horizon 30
2026-08-29 14:05:57,823 - WARNING - Not enough data to backtest for date 2016-07-20 00:00:00 - horizon 30
2026-08-29 14:06:20,942 - WARNING - Not enough data to backtest for date 2016-04-01 00:00:00 - horizon 90
2026-08-29 14:06:20,943 - WARNING - Not enough data to backtest for date 2016-04-04 00:00:00 - horizon 90
2026-08-29 14:06:20,943 - WARNING - Not enough data to backtest for date 2016-04-05 00:00:00 - horizon 90
2026-08-29 14:06:20,943 - WARNING - Not enough data to backtest for date 2016-04-06 00:00:00 - horizon 90
2026-08-29 14:06:20,943 - WARNING - Not enough data to backtest for date 2016-04-07 00:00:00 - horizon 90
2026-08-29 14:06:20,943 - WARNING - Not enough data to backtest for date 2016-04-08 00:00:00 - horizon 90
2026-08-29 14:06:20,943 - WARNING - Not enough data to backtest for date 2016-04-11 00:00:00 - horizon 90
2026-08-29 14:06:20,943 - WARNING - Not enough data to backtest for date 2016-04-12 00:00:00 - horizon 90
2026-08-29 14:06:20,943 - WARNING - Not enough data to backtest for date 2016-04-13 00:00:00 - horizon 90
2026-08-29 14:06:20,943 - WARNING - Not enough data to backtest for date 2016-04-14 00:00:00 - horizon 90
2026-08-29 14:06:20,943 - WARNING - Not enough data to backtest for date 2016-04-15 00:00:00 - horizon 90
2026-08-29 14:06:20,943 - WARNING - Not enough data to backtest for date 2016-04-18 00:00:00 - horizon 90
2026-08-29 14:06:20,943 - WARNING - Not enough data to backtest for date 2016-04-19 00:00:00 - horizon 90
2026-08-29 14:06:20,943 - WARNING - Not enough data to backtest for date 2016-04-20 00:00:00 - horizon 90
2026-08-29 14:06:20,943 - WARNING - Not enough data to backtest for date 2016-04-21 00:00:00 - horizon 90
2026-08-29 14:06:20,943 - WARNING - Not enough data to backtest for date 2016-04-22 00:00:00 - horizon 90
2026-08-29 14:06:20,943 - WARNING - Not enough data to backtest for date 2016-04-25 00:00:00 - horizon 90
2026-08-29 14:06:20,943 - WARNING - Not enough data to backtest for date 2016-04-26 00:00:00 - horizon 90
2026-08-29 14:06:20,943 - WARNING - Not enough data to backtest for date 2016-04-27 00:00:00 - horizon 90
2026-08-29 14:06:20,943 - WARNING - Not enough data to backtest for date 2016-04-28 00:00:00 - horizon 90
2026-08-29 14:06:20,943 - WARNING - Not enough data to backtest for date 2016-04-29 00:00:00 - horizon 90
2026-08-29 14:06:20,943 - WARNING - Not enough data to backtest for date 2016-05-02 00:00:00 - horizon 90
2026-08-29 14:06:20,943 - WARNING - Not enough data to backtest for date 2016-05-03 00:00:00 - horizon 90
2026-08-29 14:06:20,943 - WARNING - Not enough data to backtest for date 2016-05-04 00:00:00 - horizon 90
2026-08-29 14:06:20,943 - WARNING - Not enough data to backtest for date 2016-05-05 00:00:00 - horizon 90
2026-08-29 14:06:20,943 - WARNING - Not enough data to backtest for date 2016-05-06 00:00:00 - horizon 90
2026-08-29 14:06:20,943 - WARNING - Not enough data to backtest for date 2016-05-09 00:00:00 - horizon 90
2026-08-29 14:06:20,943 - WARNING - Not enough data to backtest for date 2016-05-10 00:00:00 - horizon 90
2026-08-29 14:06:20,943 - WARNING - Not enough data to backtest for date 2016-05-11 00:00:00 - horizon 90
2026-08-29 14:06:20,943 - WARNING - Not enough data to backtest for date 2016-05-12 00:00:00 - horizon 90
2026-08-29 14:06:20,943 - WARNING - Not enough data to backtest for date 2016-05-13 00:00:00 - horizon 90
2026-08-29 14:06:20,943 - WARNING - Not enough data to backtest for date 2016-05-16 00:00:00 - horizon 90
2026-08-29 14:06:20,943 - WARNING - Not enough data to backtest for date 2016-05-17 00:00:00 - horizon 90
2026-08-29 14:06:20,943 - WARNING - Not enough data to backtest for date 2016-05-18 00:00:00 - horizon 90
2026-08-29 14:06:20,943 - WARNING - Not enough data to backtest for date 2016-05-19 00:00:00 - horizon 90
2026-08-29 14:06:20,943 - WARNING - Not enough data to backtest for date 2016-05-20 00:00:00 - horizon 90
2026-08-29 14:06:20,943 - WARNING - Not enough data to backtest for date 2016-05-23 00:00:00 - horizon 90
2026-08-29 14:06:20,943 - WARNING - Not enough data to backtest for date 2016-05-24 00:00:00 - horizon 90
2026-08-29 14:06:20,944 - WARNING - Not enough data to backtest for date 2016-05-25 00:00:00 - horizon 90
2026-08-29 14:06:20,944 - WARNING - Not enough data to backtest for date 2016-05-26 00:00:00 - horizon 90
2026-08-29 14:06:20,944 - WARNING - Not enough data to backtest for date 2016-05-27 00:00:00 - horizon 90
2026-08-29 14:06:20,944 - WARNING - Not enough data to backtest for date 2016-05-30 00:00:00 - horizon 90
2026-08-29 14:06:20,944 - WARNING - Not enough data to backtest for date 2016-05-31 00:00:00 - horizon 90
2026-08-29 14:06:20,944 - WARNING - Not enough data to backtest for date 2016-06-01 00:00:00 - horizon 90
2026-08-29 14:06:20,944 - WARNING - Not enough data to backtest for date 2016-06-02 00:00:00 - horizon 90
2026-08-29 14:06:20,944 - WARNING - Not enough data to backtest for date 2016-06-03 00:00:00 - horizon 90
2026-08-29 14:06:20,944 - WARNING - Not enough data to backtest for date 2016-06-06 00:00:00 - horizon 90
2026-08-29 14:06:20,944 - WARNING - Not enough data to backtest for date 2016-06-07 00:00:00 - horizon 90
2026-08-29 14:06:20,944 - WARNING - Not enough data to backtest for date 2016-06-08 00:00:00 - horizon 90
2026-08-29 14:06:20,944 - WARNING - Not enough data to backtest for date 2016-06-09 00:00:00 - horizon 90
2026-08-29 14:06:20,944 - WARNING - Not enough data to backtest for date 2016-06-10 00:00:00 - horizon 90
2026-08-29 14:06:20,944 - WARNING - Not enough data to backtest for date 2016-06-13 00:00:00 - horizon 90
2026-08-29 14:06:20,944 - WARNING - Not enough data to backtest for date 2016-06-14 00:00:00 - horizon 90
2026-08-29 14:06:20,944 - WARNING - Not enough data to backtest for date 2016-06-15 00:00:00 - horizon 90
2026-08-29 14:06:20,944 - WARNING - Not enough data to backtest for date 2016-06-16 00:00:00 - horizon 90
2026-08-29 14:06:20,944 - WARNING - Not enough data to backtest for date 2016-06-17 00:00:00 - horizon 90
2026-08-29 14:06:20,944 - WARNING - Not enough data to backtest for date 2016-06-20 00:00:00 - horizon 90
2026-08-29 14:06:20,944 - WARNING - Not enough data to backtest for date 2016-06-21 00:00:00 - horizon 90
2026-08-29 14:06:20,944 - WARNING - Not enough data to backtest for date 2016-06-22 00:00:00 - horizon 90
2026-08-29 14:06:20,944 - WARNING - Not enough data to backtest for date 2016-06-23 00:00:00 - horizon 90
2026-08-29 14:06:20,944 - WARNING - Not enough data to backtest for date 2016-06-24 00:00:00 - horizon 90
2026-08-29 14:06:20,944 - WARNING - Not enough data to backtest for date 2016-06-27 00:00:00 - horizon 90
2026-08-29 14:06:20,944 - WARNING - Not enough data to backtest for date 2016-06-28 00:00:00 - horizon 90
2026-08-29 14:06:20,944 - WARNING - Not enough data to backtest for date 2016-06-29 00:00:00 - horizon 90
2026-08-29 14:06:20,944 - WARNING - Not enough data to backtest for date 2016-06-30 00:00:00 - horizon 90
2026-08-29 14:06:20,944 - WARNING - Not enough data to backtest for date 2016-07-01 00:00:00 - horizon 90
2026-08-29 14:06:20,944 - WARNING - Not enough data to backtest for date 2016-07-04 00:00:00 - horizon 90
2026-08-29 14:06:20,944 - WARNING - Not enough data to backtest for date 2016-07-05 00:00:00 - horizon 90
2026-08-29 14:06:20,944 - WARNING - Not enough data to backtest for date 2016-07-06 00:00:00 - horizon 90
2026-08-29 14:06:20,944 - WARNING - Not enough data to backtest for date 2016-07-07 00:00:00 - horizon 90
2026-08-29 14:06:20,944 - WARNING - Not enough data to backtest for date 2016-07-08 00:00:00 - horizon 90
2026-08-29 14:06:20,944 - WARNING - Not enough data to backtest for date 2016-07-11 00:00:00 - horizon 90
2026-08-29 14:06:20,944 - WARNING - Not enough data to backtest for date 2016-07-12 00:00:00 - horizon 90
2026-08-29 14:06:20,944 - WARNING - Not enough data to backtest for date 2016-07-13 00:00:00 - horizon 90
2026-08-29 14:06:20,944 - WARNING - Not enough data to backtest for date 2016-07-14 00:00:00 - horizon 90
2026-08-29 14:06:20,944 - WARNING - Not enough data to backtest for date 2016-07-15 00:00:00 - horizon 90
2026-08-29 14:06:20,944 - WARNING - Not enough data to backtest for date 2016-07-18 00:00:00 - horizon 90
2026-08-29 14:06:20,944 - WARNING - Not enough data to backtest for date 2016-07-19 00:00:00 - horizon 90
2026-08-29 14:06:20,945 - WARNING - Not enough data to backtest for date 2016-07-20 00:00:00 - horizon 90
2026-08-29 14:06:20,945 - WARNING - Not enough data to backtest for date 2016-07-21 00:00:00 - horizon 90
2026-08-29 14:06:20,945 - WARNING - Not enough data to backtest for date 2016-07-22 00:00:00 - horizon 90
2026-08-29 14:06:20,945 - WARNING - Not enough data to backtest for date 2016-07-25 00:00:00 - horizon 90
2026-08-29 14:06:20,945 - WARNING - Not enough data to backtest for date 2016-07-26 00:00:00 - horizon 90
2026-08-29 14:06:20,945 - WARNING - Not enough data to backtest for date 2016-07-27 00:00:00 - horizon 90
2026-08-29 14:06:20,945 - WARNING - Not enough data to backtest for date 2016-07-28 00:00:00 - horizon 90
2026-08-29 14:06:20,945 - WARNING - Not enough data to backtest for date 2016-07-29 00:00:00 - horizon 90
2026-08-29 14:06:20,945 - WARNING - Not enough data to backtest for date 2016-08-01 00:00:00 - horizon 90
2026-08-29 14:06:20,945 - WARNING - Not enough data to backtest for date 2016-08-02 00:00:00 - horizon 90
2026-08-29 14:06:20,945 - WARNING - Not enough data to backtest for date 2016-08-03 00:00:00 - horizon 90
2026-08-29 14:06:20,945 - WARNING - Not enough data to backtest for date 2016-08-04 00:00:00 - horizon 90
2026-08-29 14:06:20,945 - WARNING - Not enough data to backtest for date 2016-08-05 00:00:00 - horizon 90
2026-08-29 14:06:20,945 - WARNING - Not enough data to backtest for date 2016-08-08 00:00:00 - horizon 90
2026-08-29 14:06:20,945 - WARNING - Not enough data to backtest for date 2016-08-09 00:00:00 - horizon 90
2026-08-29 14:06:20,945 - WARNING - Not enough data to backtest for date 2016-08-10 00:00:00 - horizon 90
2026-08-29 14:06:20,945 - WARNING - Not enough data to backtest for date 2016-08-11 00:00:00 - horizon 90
2026-08-29 14:06:20,945 - WARNING - Not enough data to backtest for date 2016-08-12 00:00:00 - horizon 90
2026-08-29 14:06:20,945 - WARNING - Not enough data to backtest for date 2016-08-15 00:00:00 - horizon 90
2026-08-29 14:06:20,945 - WARNING - Not enough data to backtest for date 2016-08-16 00:00:00 - horizon 90
2026-08-29 14:06:20,945 - WARNING - Not enough data to backtest for date 2016-08-17 00:00:00 - horizon 90
2026-08-29 14:06:20,945 - WARNING - Not enough data to backtest for date 2016-08-18 00:00:00 - horizon 90
2026-08-29 14:06:20,945 - WARNING - Not enough data to backtest for date 2016-08-19 00:00:00 - horizon 90
2026-08-29 14:06:20,945 - WARNING - Not enough data to backtest for date 2016-08-22 00:00:00 - horizon 90
2026-08-29 14:06:20,945 - WARNING - Not enough data to backtest for date 2016-08-23 00:00:00 - horizon 90
2026-08-29 14:06:20,945 - WARNING - Not enough data to backtest for date 2016-08-24 00:00:00 - horizon 90
2026-08-29 14:06:20,945 - WARNING - Not enough data to backtest for date 2016-08-25 00:00:00 - horizon 90
2026-08-29 14:06:20,945 - WARNING - Not enough data to backtest for date 2016-08-26 00:00:00 - horizon 90
2026-08-29 14:06:20,945 - WARNING - Not enough data to backtest for date 2016-08-29 00:00:00 - horizon 90
2026-08-29 14:06:20,945 - WARNING - Not enough data to backtest for date 2016-08-30 00:00:00 - horizon 90
2026-08-29 14:06:20,945 - WARNING - Not enough data to backtest for date 2016-08-31 00:00:00 - horizon 90
2026-08-29 14:06:20,945 - WARNING - Not enough data to backtest for date 2016-09-01 00:00:00 - horizon 90
2026-08-29 14:06:20,945 - WARNING - Not enough data to backtest for date 2016-09-02 00:00:00 - horizon 90
2026-08-29 14:06:20,945 - WARNING - Not enough data to backtest for date 2016-09-05 00:00:00 - horizon 90
2026-08-29 14:06:20,945 - WARNING - Not enough data to backtest for date 2016-09-06 00:00:00 - horizon 90
2026-08-29 14:06:20,945 - WARNING - Not enough data to backtest for date 2016-09-07 00:00:00 - horizon 90
2026-08-29 14:06:20,945 - WARNING - Not enough data to backtest for date 2016-09-08 00:00:00 - horizon 90
2026-08-29 14:06:20,945 - WARNING - Not enough data to backtest for date 2016-09-09 00:00:00 - horizon 90
2026-08-29 14:06:20,945 - WARNING - Not enough data to backtest for date 2016-09-12 00:00:00 - horizon 90
2026-08-29 14:06:20,945 - WARNING - Not enough data to backtest for date 2016-09-13 00:00:00 - horizon 90
2026-08-29 14:06:20,945 - WARNING - Not enough data to backtest for date 2016-09-14 00:00:00 - horizon 90
2026-08-29 14:06:20,946 - WARNING - Not enough data to backtest for date 2016-09-15 00:00:00 - horizon 90
2026-08-29 14:06:20,946 - WARNING - Not enough data to backtest for date 2016-09-16 00:00:00 - horizon 90
2026-08-29 14:06:20,946 - WARNING - Not enough data to backtest for date 2016-09-19 00:00:00 - horizon 90
2026-08-29 14:06:20,946 - WARNING - Not enough data to backtest for date 2016-09-20 00:00:00 - horizon 90
2026-08-29 14:06:20,946 - WARNING - Not enough data to backtest for date 2016-09-21 00:00:00 - horizon 90
2026-08-29 14:06:20,946 - WARNING - Not enough data to backtest for date 2016-09-22 00:00:00 - horizon 90
2026-08-29 14:06:20,946 - WARNING - Not enough data to backtest for date 2016-09-23 00:00:00 - horizon 90
2026-08-29 14:06:20,946 - WARNING - Not enough data to backtest for date 2016-09-26 00:00:00 - horizon 90
2026-08-29 14:06:20,946 - WARNING - Not enough data to backtest for date 2016-09-27 00:00:00 - horizon 90
2026-08-29 14:06:20,946 - WARNING - Not enough data to backtest for date 2016-09-28 00:00:00 - horizon 90
2026-08-29 14:06:20,946 - WARNING - Not enough data to backtest for date 2016-09-29 00:00:00 - horizon 90
2026-08-29 14:06:20,946 - WARNING - Not enough data to backtest for date 2016-09-30 00:00:00 - horizon 90
2026-08-29 14:06:20,946 - WARNING - Not enough data to backtest for date 2016-10-03 00:00:00 - horizon 90
2026-08-29 14:06:20,946 - WARNING - Not enough data to backtest for date 2016-10-04 00:00:00 - horizon 90
2026-08-29 14:06:20,946 - WARNING - Not enough data to backtest for date 2016-10-05 00:00:00 - horizon 90
2026-08-29 14:06:20,946 - WARNING - Not enough data to backtest for date 2016-10-06 00:00:00 - horizon 90
2026-08-29 14:06:20,946 - WARNING - Not enough data to backtest for date 2016-10-07 00:00:00 - horizon 90
2026-08-29 14:06:20,946 - WARNING - Not enough data to backtest for date 2016-10-10 00:00:00 - horizon 90
2026-08-29 14:06:20,946 - WARNING - Not enough data to backtest for date 2016-10-11 00:00:00 - horizon 90
2026-08-29 14:06:20,946 - WARNING - Not enough data to backtest for date 2016-10-12 00:00:00 - horizon 90
2026-08-29 14:07:27,533 - WARNING - Not enough data to backtest for date 2016-04-01 00:00:00 - horizon 180
2026-08-29 14:07:27,533 - WARNING - Not enough data to backtest for date 2016-04-04 00:00:00 - horizon 180
2026-08-29 14:07:27,533 - WARNING - Not enough data to backtest for date 2016-04-05 00:00:00 - horizon 180
2026-08-29 14:07:27,533 - WARNING - Not enough data to backtest for date 2016-04-06 00:00:00 - horizon 180
2026-08-29 14:07:27,533 - WARNING - Not enough data to backtest for date 2016-04-07 00:00:00 - horizon 180
2026-08-29 14:07:27,533 - WARNING - Not enough data to backtest for date 2016-04-08 00:00:00 - horizon 180
2026-08-29 14:07:27,533 - WARNING - Not enough data to backtest for date 2016-04-11 00:00:00 - horizon 180
2026-08-29 14:07:27,533 - WARNING - Not enough data to backtest for date 2016-04-12 00:00:00 - horizon 180
2026-08-29 14:07:27,533 - WARNING - Not enough data to backtest for date 2016-04-13 00:00:00 - horizon 180
2026-08-29 14:07:27,533 - WARNING - Not enough data to backtest for date 2016-04-14 00:00:00 - horizon 180
2026-08-29 14:07:27,533 - WARNING - Not enough data to backtest for date 2016-04-15 00:00:00 - horizon 180
2026-08-29 14:07:27,533 - WARNING - Not enough data to backtest for date 2016-04-18 00:00:00 - horizon 180
2026-08-29 14:07:27,533 - WARNING - Not enough data to backtest for date 2016-04-19 00:00:00 - horizon 180
2026-08-29 14:07:27,533 - WARNING - Not enough data to backtest for date 2016-04-20 00:00:00 - horizon 180
2026-08-29 14:07:27,533 - WARNING - Not enough data to backtest for date 2016-04-21 00:00:00 - horizon 180
2026-08-29 14:07:27,533 - WARNING - Not enough data to backtest for date 2016-04-22 00:00:00 - horizon 180
2026-08-29 14:07:27,533 - WARNING - Not enough data to backtest for date 2016-04-25 00:00:00 - horizon 180
2026-08-29 14:07:27,533 - WARNING - Not enough data to backtest for date 2016-04-26 00:00:00 - horizon 180
2026-08-29 14:07:27,533 - WARNING - Not enough data to backtest for date 2016-04-27 00:00:00 - horizon 180
2026-08-29 14:07:27,533 - WARNING - Not enough data to backtest for date 2016-04-28 00:00:00 - horizon 180
2026-08-29 14:07:27,533 - WARNING - Not enough data to backtest for date 2016-04-29 00:00:00 - horizon 180
2026-08-29 14:07:27,533 - WARNING - Not enough data to backtest for date 2016-05-02 00:00:00 - horizon 180
2026-08-29 14:07:27,533 - WARNING - Not enough data to backtest for date 2016-05-03 00:00:00 - horizon 180
2026-08-29 14:07:27,533 - WARNING - Not enough data to backtest for date 2016-05-04 00:00:00 - horizon 180
2026-08-29 14:07:27,533 - WARNING - Not enough data to backtest for date 2016-05-05 00:00:00 - horizon 180
2026-08-29 14:07:27,533 - WARNING - Not enough data to backtest for date 2016-05-06 00:00:00 - horizon 180
2026-08-29 14:07:27,534 - WARNING - Not enough data to backtest for date 2016-05-09 00:00:00 - horizon 180
2026-08-29 14:07:27,534 - WARNING - Not enough data to backtest for date 2016-05-10 00:00:00 - horizon 180
2026-08-29 14:07:27,534 - WARNING - Not enough data to backtest for date 2016-05-11 00:00:00 - horizon 180
2026-08-29 14:07:27,534 - WARNING - Not enough data to backtest for date 2016-05-12 00:00:00 - horizon 180
2026-08-29 14:07:27,534 - WARNING - Not enough data to backtest for date 2016-05-13 00:00:00 - horizon 180
2026-08-29 14:07:27,534 - WARNING - Not enough data to backtest for date 2016-05-16 00:00:00 - horizon 180
2026-08-29 14:07:27,534 - WARNING - Not enough data to backtest for date 2016-05-17 00:00:00 - horizon 180
2026-08-29 14:07:27,534 - WARNING - Not enough data to backtest for date 2016-05-18 00:00:00 - horizon 180
2026-08-29 14:07:27,534 - WARNING - Not enough data to backtest for date 2016-05-19 00:00:00 - horizon 180
2026-08-29 14:07:27,534 - WARNING - Not enough data to backtest for date 2016-05-20 00:00:00 - horizon 180
2026-08-29 14:07:27,534 - WARNING - Not enough data to backtest for date 2016-05-23 00:00:00 - horizon 180
2026-08-29 14:07:27,534 - WARNING - Not enough data to backtest for date 2016-05-24 00:00:00 - horizon 180
2026-08-29 14:07:27,534 - WARNING - Not enough data to backtest for date 2016-05-25 00:00:00 - horizon 180
2026-08-29 14:07:27,534 - WARNING - Not enough data to backtest for date 2016-05-26 00:00:00 - horizon 180
2026-08-29 14:07:27,534 - WARNING - Not enough data to backtest for date 2016-05-27 00:00:00 - horizon 180
2026-08-29 14:07:27,534 - WARNING - Not enough data to backtest for date 2016-05-30 00:00:00 - horizon 180
2026-08-29 14:07:27,534 - WARNING - Not enough data to backtest for date 2016-05-31 00:00:00 - horizon 180
2026-08-29 14:07:27,534 - WARNING - Not enough data to backtest for date 2016-06-01 00:00:00 - horizon 180
2026-08-29 14:07:27,534 - WARNING - Not enough data to backtest for date 2016-06-02 00:00:00 - horizon 180
2026-08-29 14:07:27,534 - WARNING - Not enough data to backtest for date 2016-06-03 00:00:00 - horizon 180
2026-08-29 14:07:27,534 - WARNING - Not enough data to backtest for date 2016-06-06 00:00:00 - horizon 180
2026-08-29 14:07:27,534 - WARNING - Not enough data to backtest for date 2016-06-07 00:00:00 - horizon 180
2026-08-29 14:07:27,534 - WARNING - Not enough data to backtest for date 2016-06-08 00:00:00 - horizon 180
2026-08-29 14:07:27,534 - WARNING - Not enough data to backtest for date 2016-06-09 00:00:00 - horizon 180
2026-08-29 14:07:27,534 - WARNING - Not enough data to backtest for date 2016-06-10 00:00:00 - horizon 180
2026-08-29 14:07:27,534 - WARNING - Not enough data to backtest for date 2016-06-13 00:00:00 - horizon 180
2026-08-29 14:07:27,534 - WARNING - Not enough data to backtest for date 2016-06-14 00:00:00 - horizon 180
2026-08-29 14:07:27,534 - WARNING - Not enough data to backtest for date 2016-06-15 00:00:00 - horizon 180
2026-08-29 14:07:27,534 - WARNING - Not enough data to backtest for date 2016-06-16 00:00:00 - horizon 180
2026-08-29 14:07:27,534 - WARNING - Not enough data to backtest for date 2016-06-17 00:00:00 - horizon 180
2026-08-29 14:07:27,534 - WARNING - Not enough data to backtest for date 2016-06-20 00:00:00 - horizon 180
2026-08-29 14:07:27,534 - WARNING - Not enough data to backtest for date 2016-06-21 00:00:00 - horizon 180
2026-08-29 14:07:27,534 - WARNING - Not enough data to backtest for date 2016-06-22 00:00:00 - horizon 180
2026-08-29 14:07:27,534 - WARNING - Not enough data to backtest for date 2016-06-23 00:00:00 - horizon 180
2026-08-29 14:07:27,534 - WARNING - Not enough data to backtest for date 2016-06-24 00:00:00 - horizon 180
2026-08-29 14:07:27,534 - WARNING - Not enough data to backtest for date 2016-06-27 00:00:00 - horizon 180
2026-08-29 14:07:27,534 - WARNING - Not enough data to backtest for date 2016-06-28 00:00:00 - horizon 180
2026-08-29 14:07:27,534 - WARNING - Not enough data to backtest for date 2016-06-29 00:00:00 - horizon 180
2026-08-29 14:07:27,534 - WARNING - Not enough data to backtest for date 2016-06-30 00:00:00 - horizon 180
2026-08-29 14:07:27,534 - WARNING - Not enough data to backtest for date 2016-07-01 00:00:00 - horizon 180
2026-08-29 14:07:27,534 - WARNING - Not enough data to backtest for date 2016-07-04 00:00:00 - horizon 180
2026-08-29 14:07:27,534 - WARNING - Not enough data to backtest for date 2016-07-05 00:00:00 - horizon 180
2026-08-29 14:07:27,534 - WARNING - Not enough data to backtest for date 2016-07-06 00:00:00 - horizon 180
2026-08-29 14:07:27,535 - WARNING - Not enough data to backtest for date 2016-07-07 00:00:00 - horizon 180
2026-08-29 14:07:27,535 - WARNING - Not enough data to backtest for date 2016-07-08 00:00:00 - horizon 180
2026-08-29 14:07:27,535 - WARNING - Not enough data to backtest for date 2016-07-11 00:00:00 - horizon 180
2026-08-29 14:07:27,535 - WARNING - Not enough data to backtest for date 2016-07-12 00:00:00 - horizon 180
2026-08-29 14:07:27,535 - WARNING - Not enough data to backtest for date 2016-07-13 00:00:00 - horizon 180
2026-08-29 14:07:27,535 - WARNING - Not enough data to backtest for date 2016-07-14 00:00:00 - horizon 180
2026-08-29 14:07:27,535 - WARNING - Not enough data to backtest for date 2016-07-15 00:00:00 - horizon 180
2026-08-29 14:07:27,535 - WARNING - Not enough data to backtest for date 2016-07-18 00:00:00 - horizon 180
2026-08-29 14:07:27,535 - WARNING - Not enough data to backtest for date 2016-07-19 00:00:00 - horizon 180
2026-08-29 14:07:27,535 - WARNING - Not enough data to backtest for date 2016-07-20 00:00:00 - horizon 180
2026-08-29 14:07:27,535 - WARNING - Not enough data to backtest for date 2016-07-21 00:00:00 - horizon 180
2026-08-29 14:07:27,535 - WARNING - Not enough data to backtest for date 2016-07-22 00:00:00 - horizon 180
2026-08-29 14:07:27,535 - WARNING - Not enough data to backtest for date 2016-07-25 00:00:00 - horizon 180
2026-08-29 14:07:27,535 - WARNING - Not enough data to backtest for date 2016-07-26 00:00:00 - horizon 180
2026-08-29 14:07:27,535 - WARNING - Not enough data to backtest for date 2016-07-27 00:00:00 - horizon 180
2026-08-29 14:07:27,535 - WARNING - Not enough data to backtest for date 2016-07-28 00:00:00 - horizon 180
2026-08-29 14:07:27,535 - WARNING - Not enough data to backtest for date 2016-07-29 00:00:00 - horizon 180
2026-08-29 14:07:27,535 - WARNING - Not enough data to backtest for date 2016-08-01 00:00:00 - horizon 180
2026-08-29 14:07:27,535 - WARNING - Not enough data to backtest for date 2016-08-02 00:00:00 - horizon 180
2026-08-29 14:07:27,535 - WARNING - Not enough data to backtest for date 2016-08-03 00:00:00 - horizon 180
2026-08-29 14:07:27,535 - WARNING - Not enough data to backtest for date 2016-08-04 00:00:00 - horizon 180
2026-08-29 14:07:27,535 - WARNING - Not enough data to backtest for date 2016-08-05 00:00:00 - horizon 180
2026-08-29 14:07:27,535 - WARNING - Not enough data to backtest for date 2016-08-08 00:00:00 - horizon 180
2026-08-29 14:07:27,535 - WARNING - Not enough data to backtest for date 2016-08-09 00:00:00 - horizon 180
2026-08-29 14:07:27,535 - WARNING - Not enough data to backtest for date 2016-08-10 00:00:00 - horizon 180
2026-08-29 14:07:27,535 - WARNING - Not enough data to backtest for date 2016-08-11 00:00:00 - horizon 180
2026-08-29 14:07:27,535 - WARNING - Not enough data to backtest for date 2016-08-12 00:00:00 - horizon 180
2026-08-29 14:07:27,535 - WARNING - Not enough data to backtest for date 2016-08-15 00:00:00 - horizon 180
2026-08-29 14:07:27,535 - WARNING - Not enough data to backtest for date 2016-08-16 00:00:00 - horizon 180
2026-08-29 14:07:27,535 - WARNING - Not enough data to backtest for date 2016-08-17 00:00:00 - horizon 180
2026-08-29 14:07:27,535 - WARNING - Not enough data to backtest for date 2016-08-18 00:00:00 - horizon 180
2026-08-29 14:07:27,535 - WARNING - Not enough data to backtest for date 2016-08-19 00:00:00 - horizon 180
2026-08-29 14:07:27,535 - WARNING - Not enough data to backtest for date 2016-08-22 00:00:00 - horizon 180
2026-08-29 14:07:27,535 - WARNING - Not enough data to backtest for date 2016-08-23 00:00:00 - horizon 180
2026-08-29 14:07:27,535 - WARNING - Not enough data to backtest for date 2016-08-24 00:00:00 - horizon 180
2026-08-29 14:07:27,535 - WARNING - Not enough data to backtest for date 2016-08-25 00:00:00 - horizon 180
2026-08-29 14:07:27,535 - WARNING - Not enough data to backtest for date 2016-08-26 00:00:00 - horizon 180
2026-08-29 14:07:27,535 - WARNING - Not enough data to backtest for date 2016-08-29 00:00:00 - horizon 180
2026-08-29 14:07:27,535 - WARNING - Not enough data to backtest for date 2016-08-30 00:00:00 - horizon 180
2026-08-29 14:07:27,535 - WARNING - Not enough data to backtest for date 2016-08-31 00:00:00 - horizon 180
2026-08-29 14:07:27,535 - WARNING - Not enough data to backtest for date 2016-09-01 00:00:00 - horizon 180
2026-08-29 14:07:27,535 - WARNING - Not enough data to backtest for date 2016-09-02 00:00:00 - horizon 180
2026-08-29 14:07:27,535 - WARNING - Not enough data to backtest for date 2016-09-05 00:00:00 - horizon 180
2026-08-29 14:07:27,536 - WARNING - Not enough data to backtest for date 2016-09-06 00:00:00 - horizon 180
2026-08-29 14:07:27,536 - WARNING - Not enough data to backtest for date 2016-09-07 00:00:00 - horizon 180
2026-08-29 14:07:27,536 - WARNING - Not enough data to backtest for date 2016-09-08 00:00:00 - horizon 180
2026-08-29 14:07:27,536 - WARNING - Not enough data to backtest for date 2016-09-09 00:00:00 - horizon 180
2026-08-29 14:07:27,536 - WARNING - Not enough data to backtest for date 2016-09-12 00:00:00 - horizon 180
2026-08-29 14:07:27,536 - WARNING - Not enough data to backtest for date 2016-09-13 00:00:00 - horizon 180
2026-08-29 14:07:27,536 - WARNING - Not enough data to backtest for date 2016-09-14 00:00:00 - horizon 180
2026-08-29 14:07:27,536 - WARNING - Not enough data to backtest for date 2016-09-15 00:00:00 - horizon 180
2026-08-29 14:07:27,536 - WARNING - Not enough data to backtest for date 2016-09-16 00:00:00 - horizon 180
2026-08-29 14:07:27,536 - WARNING - Not enough data to backtest for date 2016-09-19 00:00:00 - horizon 180
2026-08-29 14:07:27,536 - WARNING - Not enough data to backtest for date 2016-09-20 00:00:00 - horizon 180
2026-08-29 14:07:27,536 - WARNING - Not enough data to backtest for date 2016-09-21 00:00:00 - horizon 180
2026-08-29 14:07:27,536 - WARNING - Not enough data to backtest for date 2016-09-22 00:00:00 - horizon 180
2026-08-29 14:07:27,536 - WARNING - Not enough data to backtest for date 2016-09-23 00:00:00 - horizon 180
2026-08-29 14:07:27,536 - WARNING - Not enough data to backtest for date 2016-09-26 00:00:00 - horizon 180
2026-08-29 14:07:27,536 - WARNING - Not enough data to backtest for date 2016-09-27 00:00:00 - horizon 180
2026-08-29 14:07:27,536 - WARNING - Not enough data to backtest for date 2016-09-28 00:00:00 - horizon 180
2026-08-29 14:07:27,536 - WARNING - Not enough data to backtest for date 2016-09-29 00:00:00 - horizon 180
2026-08-29 14:07:27,536 - WARNING - Not enough data to backtest for date 2016-09-30 00:00:00 - horizon 180
2026-08-29 14:07:27,536 - WARNING - Not enough data to backtest for date 2016-10-03 00:00:00 - horizon 180
2026-08-29 14:07:27,536 - WARNING - Not enough data to backtest for date 2016-10-04 00:00:00 - horizon 180
2026-08-29 14:07:27,536 - WARNING - Not enough data to backtest for date 2016-10-05 00:00:00 - horizon 180
2026-08-29 14:07:27,536 - WARNING - Not enough data to backtest for date 2016-10-06 00:00:00 - horizon 180
2026-08-29 14:07:27,536 - WARNING - Not enough data to backtest for date 2016-10-07 00:00:00 - horizon 180
2026-08-29 14:07:27,536 - WARNING - Not enough data to backtest for date 2016-10-10 00:00:00 - horizon 180
2026-08-29 14:07:27,536 - WARNING - Not enough data to backtest for date 2016-10-11 00:00:00 - horizon 180
2026-08-29 14:07:27,536 - WARNING - Not enough data to backtest for date 2016-10-12 00:00:00 - horizon 180
2026-08-29 14:07:27,536 - WARNING - Not enough data to backtest for date 2016-10-13 00:00:00 - horizon 180
2026-08-29 14:07:27,536 - WARNING - Not enough data to backtest for date 2016-10-14 00:00:00 - horizon 180
2026-08-29 14:07:27,536 - WARNING - Not enough data to backtest for date 2016-10-17 00:00:00 - horizon 180
2026-08-29 14:07:27,536 - WARNING - Not enough data to backtest for date 2016-10-18 00:00:00 - horizon 180
2026-08-29 14:07:27,536 - WARNING - Not enough data to backtest for date 2016-10-19 00:00:00 - horizon 180
2026-08-29 14:07:27,536 - WARNING - Not enough data to backtest for date 2016-10-20 00:00:00 - horizon 180
2026-08-29 14:07:27,536 - WARNING - Not enough data to backtest for date 2016-10-21 00:00:00 - horizon 180
2026-08-29 14:07:27,536 - WARNING - Not enough data to backtest for date 2016-10-24 00:00:00 - horizon 180
2026-08-29 14:07:27,536 - WARNING - Not enough data to backtest for date 2016-10-25 00:00:00 - horizon 180
2026-08-29 14:07:27,536 - WARNING - Not enough data to backtest for date 2016-10-26 00:00:00 - horizon 180
2026-08-29 14:07:27,536 - WARNING - Not enough data to backtest for date 2016-10-27 00:00:00 - horizon 180
2026-08-29 14:07:27,536 - WARNING - Not enough data to backtest for date 2016-10-28 00:00:00 - horizon 180
2026-08-29 14:07:27,536 - WARNING - Not enough data to backtest for date 2016-10-31 00:00:00 - horizon 180
2026-08-29 14:07:27,536 - WARNING - Not enough data to backtest for date 2016-11-01 00:00:00 - horizon 180
2026-08-29 14:07:27,536 - WARNING - Not enough data to backtest for date 2016-11-02 00:00:00 - horizon 180
2026-08-29 14:07:27,536 - WARNING - Not enough data to backtest for date 2016-11-03 00:00:00 - horizon 180
2026-08-29 14:07:27,536 - WARNING - Not enough data to backtest for date 2016-11-04 00:00:00 - horizon 180
2026-08-29 14:07:27,536 - WARNING - Not enough data to backtest for date 2016-11-07 00:00:00 - horizon 180
2026-08-29 14:07:27,536 - WARNING - Not enough data to backtest for date 2016-11-08 00:00:00 - horizon 180
2026-08-29 14:07:27,537 - WARNING - Not enough data to backtest for date 2016-11-09 00:00:00 - horizon 180
2026-08-29 14:07:27,537 - WARNING - Not enough data to backtest for date 2016-11-10 00:00:00 - horizon 180
2026-08-29 14:07:27,537 - WARNING - Not enough data to backtest for date 2016-11-11 00:00:00 - horizon 180
2026-08-29 14:07:27,537 - WARNING - Not enough data to backtest for date 2016-11-14 00:00:00 - horizon 180
2026-08-29 14:07:27,537 - WARNING - Not enough data to backtest for date 2016-11-15 00:00:00 - horizon 180
2026-08-29 14:07:27,537 - WARNING - Not enough data to backtest for date 2016-11-16 00:00:00 - horizon 180
2026-08-29 14:07:27,537 - WARNING - Not enough data to backtest for date 2016-11-17 00:00:00 - horizon 180
2026-08-29 14:07:27,537 - WARNING - Not enough data to backtest for date 2016-11-18 00:00:00 - horizon 180
2026-08-29 14:07:27,537 - WARNING - Not enough data to backtest for date 2016-11-21 00:00:00 - horizon 180
2026-08-29 14:07:27,537 - WARNING - Not enough data to backtest for date 2016-11-22 00:00:00 - horizon 180
2026-08-29 14:07:27,537 - WARNING - Not enough data to backtest for date 2016-11-23 00:00:00 - horizon 180
2026-08-29 14:07:27,537 - WARNING - Not enough data to backtest for date 2016-11-24 00:00:00 - horizon 180
2026-08-29 14:07:27,537 - WARNING - Not enough data to backtest for date 2016-11-25 00:00:00 - horizon 180
2026-08-29 14:07:27,537 - WARNING - Not enough data to backtest for date 2016-11-28 00:00:00 - horizon 180
2026-08-29 14:07:27,537 - WARNING - Not enough data to backtest for date 2016-11-29 00:00:00 - horizon 180
2026-08-29 14:07:27,537 - WARNING - Not enough data to backtest for date 2016-11-30 00:00:00 - horizon 180
2026-08-29 14:07:27,537 - WARNING - Not enough data to backtest for date 2016-12-01 00:00:00 - horizon 180
2026-08-29 14:07:27,537 - WARNING - Not enough data to backtest for date 2016-12-02 00:00:00 - horizon 180
2026-08-29 14:07:27,537 - WARNING - Not enough data to backtest for date 2016-12-05 00:00:00 - horizon 180
2026-08-29 14:07:27,537 - WARNING - Not enough data to backtest for date 2016-12-06 00:00:00 - horizon 180
2026-08-29 14:07:27,537 - WARNING - Not enough data to backtest for date 2016-12-07 00:00:00 - horizon 180
2026-08-29 14:07:27,537 - WARNING - Not enough data to backtest for date 2016-12-08 00:00:00 - horizon 180
2026-08-29 14:07:27,537 - WARNING - Not enough data to backtest for date 2016-12-09 00:00:00 - horizon 180
2026-08-29 14:07:27,537 - WARNING - Not enough data to backtest for date 2016-12-12 00:00:00 - horizon 180
2026-08-29 14:07:27,537 - WARNING - Not enough data to backtest for date 2016-12-13 00:00:00 - horizon 180
2026-08-29 14:07:27,537 - WARNING - Not enough data to backtest for date 2016-12-14 00:00:00 - horizon 180
2026-08-29 14:07:27,537 - WARNING - Not enough data to backtest for date 2016-12-15 00:00:00 - horizon 180
2026-08-29 14:07:27,537 - WARNING - Not enough data to backtest for date 2016-12-16 00:00:00 - horizon 180
2026-08-29 14:07:27,537 - WARNING - Not enough data to backtest for date 2016-12-19 00:00:00 - horizon 180
2026-08-29 14:07:27,537 - WARNING - Not enough data to backtest for date 2016-12-20 00:00:00 - horizon 180
2026-08-29 14:07:27,537 - WARNING - Not enough data to backtest for date 2016-12-21 00:00:00 - horizon 180
2026-08-29 14:07:27,537 - WARNING - Not enough data to backtest for date 2016-12-22 00:00:00 - horizon 180
2026-08-29 14:07:27,537 - WARNING - Not enough data to backtest for date 2016-12-23 00:00:00 - horizon 180
2026-08-29 14:07:27,537 - WARNING - Not enough data to backtest for date 2016-12-26 00:00:00 - horizon 180
2026-08-29 14:07:27,537 - WARNING - Not enough data to backtest for date 2016-12-27 00:00:00 - horizon 180
2026-08-29 14:07:27,537 - WARNING - Not enough data to backtest for date 2016-12-28 00:00:00 - horizon 180
2026-08-29 14:07:27,537 - WARNING - Not enough data to backtest for date 2016-12-29 00:00:00 - horizon 180
2026-08-29 14:07:27,537 - WARNING - Not enough data to backtest for date 2016-12-30 00:00:00 - horizon 180
2026-08-29 14:07:27,537 - WARNING - Not enough data to backtest for date 2017-01-02 00:00:00 - horizon 180
2026-08-29 14:07:27,537 - WARNING - Not enough data to backtest for date 2017-01-03 00:00:00 - horizon 180
2026-08-29 14:07:27,537 - WARNING - Not enough data to backtest for date 2017-01-04 00:00:00 - horizon 180
2026-08-29 14:07:27,537 - WARNING - Not enough data to backtest for date 2017-01-05 00:00:00 - horizon 180
2026-08-29 14:07:27,537 - WARNING - Not enough data to backtest for date 2017-01-06 00:00:00 - horizon 180
2026-08-29 14:07:27,537 - WARNING - Not enough data to backtest for date 2017-01-09 00:00:00 - horizon 180
2026-08-29 14:07:27,537 - WARNING - Not enough data to backtest for date 2017-01-10 00:00:00 - horizon 180
2026-08-29 14:07:27,538 - WARNING - Not enough data to backtest for date 2017-01-11 00:00:00 - horizon 180
2026-08-29 14:07:27,538 - WARNING - Not enough data to backtest for date 2017-01-12 00:00:00 - horizon 180
2026-08-29 14:07:27,538 - WARNING - Not enough data to backtest for date 2017-01-13 00:00:00 - horizon 180
2026-08-29 14:07:27,538 - WARNING - Not enough data to backtest for date 2017-01-16 00:00:00 - horizon 180
2026-08-29 14:07:27,538 - WARNING - Not enough data to backtest for date 2017-01-17 00:00:00 - horizon 180
2026-08-29 14:07:27,538 - WARNING - Not enough data to backtest for date 2017-01-18 00:00:00 - horizon 180
2026-08-29 14:07:27,538 - WARNING - Not enough data to backtest for date 2017-01-19 00:00:00 - horizon 180
2026-08-29 14:07:27,538 - WARNING - Not enough data to backtest for date 2017-01-20 00:00:00 - horizon 180
2026-08-29 14:07:27,538 - WARNING - Not enough data to backtest for date 2017-01-23 00:00:00 - horizon 180
2026-08-29 14:07:27,538 - WARNING - Not enough data to backtest for date 2017-01-24 00:00:00 - horizon 180
2026-08-29 14:07:27,538 - WARNING - Not enough data to backtest for date 2017-01-25 00:00:00 - horizon 180
2026-08-29 14:07:27,538 - WARNING - Not enough data to backtest for date 2017-01-26 00:00:00 - horizon 180
2026-08-29 14:07:27,538 - WARNING - Not enough data to backtest for date 2017-01-27 00:00:00 - horizon 180
2026-08-29 14:07:27,538 - WARNING - Not enough data to backtest for date 2017-01-30 00:00:00 - horizon 180
2026-08-29 14:07:27,538 - WARNING - Not enough data to backtest for date 2017-01-31 00:00:00 - horizon 180
2026-08-29 14:07:27,538 - WARNING - Not enough data to backtest for date 2017-02-01 00:00:00 - horizon 180
2026-08-29 14:07:27,538 - WARNING - Not enough data to backtest for date 2017-02-02 00:00:00 - horizon 180
2026-08-29 14:07:27,538 - WARNING - Not enough data to backtest for date 2017-02-03 00:00:00 - horizon 180
2026-08-29 14:07:27,538 - WARNING - Not enough data to backtest for date 2017-02-06 00:00:00 - horizon 180
2026-08-29 14:07:27,538 - WARNING - Not enough data to backtest for date 2017-02-07 00:00:00 - horizon 180
2026-08-29 14:07:27,538 - WARNING - Not enough data to backtest for date 2017-02-08 00:00:00 - horizon 180
2026-08-29 14:07:27,538 - WARNING - Not enough data to backtest for date 2017-02-09 00:00:00 - horizon 180
2026-08-29 14:07:27,538 - WARNING - Not enough data to backtest for date 2017-02-10 00:00:00 - horizon 180
2026-08-29 14:07:27,538 - WARNING - Not enough data to backtest for date 2017-02-13 00:00:00 - horizon 180
2026-08-29 14:07:27,538 - WARNING - Not enough data to backtest for date 2017-02-14 00:00:00 - horizon 180
2026-08-29 14:07:27,538 - WARNING - Not enough data to backtest for date 2017-02-15 00:00:00 - horizon 180
2026-08-29 14:09:28,321 - WARNING - Not enough data to backtest for date 2016-04-01 00:00:00 - horizon 365
2026-08-29 14:09:28,322 - WARNING - Not enough data to backtest for date 2016-04-04 00:00:00 - horizon 365
2026-08-29 14:09:28,322 - WARNING - Not enough data to backtest for date 2016-04-05 00:00:00 - horizon 365
2026-08-29 14:09:28,322 - WARNING - Not enough data to backtest for date 2016-04-06 00:00:00 - horizon 365
2026-08-29 14:09:28,322 - WARNING - Not enough data to backtest for date 2016-04-07 00:00:00 - horizon 365
2026-08-29 14:09:28,322 - WARNING - Not enough data to backtest for date 2016-04-08 00:00:00 - horizon 365
2026-08-29 14:09:28,322 - WARNING - Not enough data to backtest for date 2016-04-11 00:00:00 - horizon 365
2026-08-29 14:09:28,322 - WARNING - Not enough data to backtest for date 2016-04-12 00:00:00 - horizon 365
2026-08-29 14:09:28,322 - WARNING - Not enough data to backtest for date 2016-04-13 00:00:00 - horizon 365
2026-08-29 14:09:28,323 - WARNING - Not enough data to backtest for date 2016-04-14 00:00:00 - horizon 365
2026-08-29 14:09:28,323 - WARNING - Not enough data to backtest for date 2016-04-15 00:00:00 - horizon 365
2026-08-29 14:09:28,323 - WARNING - Not enough data to backtest for date 2016-04-18 00:00:00 - horizon 365
2026-08-29 14:09:28,323 - WARNING - Not enough data to backtest for date 2016-04-19 00:00:00 - horizon 365
2026-08-29 14:09:28,323 - WARNING - Not enough data to backtest for date 2016-04-20 00:00:00 - horizon 365
2026-08-29 14:09:28,323 - WARNING - Not enough data to backtest for date 2016-04-21 00:00:00 - horizon 365
2026-08-29 14:09:28,323 - WARNING - Not enough data to backtest for date 2016-04-22 00:00:00 - horizon 365
2026-08-29 14:09:28,323 - WARNING - Not enough data to backtest for date 2016-04-25 00:00:00 - horizon 365
2026-08-29 14:09:28,323 - WARNING - Not enough data to backtest for date 2016-04-26 00:00:00 - horizon 365
2026-08-29 14:09:28,323 - WARNING - Not enough data to backtest for date 2016-04-27 00:00:00 - horizon 365
2026-08-29 14:09:28,323 - WARNING - Not enough data to backtest for date 2016-04-28 00:00:00 - horizon 365
2026-08-29 14:09:28,323 - WARNING - Not enough data to backtest for date 2016-04-29 00:00:00 - horizon 365
2026-08-29 14:09:28,323 - WARNING - Not enough data to backtest for date 2016-05-02 00:00:00 - horizon 365
2026-08-29 14:09:28,323 - WARNING - Not enough data to backtest for date 2016-05-03 00:00:00 - horizon 365
2026-08-29 14:09:28,323 - WARNING - Not enough data to backtest for date 2016-05-04 00:00:00 - horizon 365
2026-08-29 14:09:28,323 - WARNING - Not enough data to backtest for date 2016-05-05 00:00:00 - horizon 365
2026-08-29 14:09:28,323 - WARNING - Not enough data to backtest for date 2016-05-06 00:00:00 - horizon 365
2026-08-29 14:09:28,323 - WARNING - Not enough data to backtest for date 2016-05-09 00:00:00 - horizon 365
2026-08-29 14:09:28,323 - WARNING - Not enough data to backtest for date 2016-05-10 00:00:00 - horizon 365
2026-08-29 14:09:28,323 - WARNING - Not enough data to backtest for date 2016-05-11 00:00:00 - horizon 365
2026-08-29 14:09:28,323 - WARNING - Not enough data to backtest for date 2016-05-12 00:00:00 - horizon 365
2026-08-29 14:09:28,323 - WARNING - Not enough data to backtest for date 2016-05-13 00:00:00 - horizon 365
2026-08-29 14:09:28,323 - WARNING - Not enough data to backtest for date 2016-05-16 00:00:00 - horizon 365
2026-08-29 14:09:28,323 - WARNING - Not enough data to backtest for date 2016-05-17 00:00:00 - horizon 365
2026-08-29 14:09:28,323 - WARNING - Not enough data to backtest for date 2016-05-18 00:00:00 - horizon 365
2026-08-29 14:09:28,323 - WARNING - Not enough data to backtest for date 2016-05-19 00:00:00 - horizon 365
2026-08-29 14:09:28,323 - WARNING - Not enough data to backtest for date 2016-05-20 00:00:00 - horizon 365
2026-08-29 14:09:28,323 - WARNING - Not enough data to backtest for date 2016-05-23 00:00:00 - horizon 365
2026-08-29 14:09:28,323 - WARNING - Not enough data to backtest for date 2016-05-24 00:00:00 - horizon 365
2026-08-29 14:09:28,323 - WARNING - Not enough data to backtest for date 2016-05-25 00:00:00 - horizon 365
2026-08-29 14:09:28,323 - WARNING - Not enough data to backtest for date 2016-05-26 00:00:00 - horizon 365
2026-08-29 14:09:28,323 - WARNING - Not enough data to backtest for date 2016-05-27 00:00:00 - horizon 365
2026-08-29 14:09:28,323 - WARNING - Not enough data to backtest for date 2016-05-30 00:00:00 - horizon 365
2026-08-29 14:09:28,323 - WARNING - Not enough data to backtest for date 2016-05-31 00:00:00 - horizon 365
2026-08-29 14:09:28,323 - WARNING - Not enough data to backtest for date 2016-06-01 00:00:00 - horizon 365
2026-08-29 14:09:28,323 - WARNING - Not enough data to backtest for date 2016-06-02 00:00:00 - horizon 365
2026-08-29 14:09:28,323 - WARNING - Not enough data to backtest for date 2016-06-03 00:00:00 - horizon 365
2026-08-29 14:09:28,323 - WARNING - Not enough data to backtest for date 2016-06-06 00:00:00 - horizon 365
2026-08-29 14:09:28,323 - WARNING - Not enough data to backtest for date 2016-06-07 00:00:00 - horizon 365
2026-08-29 14:09:28,323 - WARNING - Not enough data to backtest for date 2016-06-08 00:00:00 - horizon 365
2026-08-29 14:09:28,323 - WARNING - Not enough data to backtest for date 2016-06-09 00:00:00 - horizon 365
2026-08-29 14:09:28,324 - WARNING - Not enough data to backtest for date 2016-06-10 00:00:00 - horizon 365
2026-08-29 14:09:28,324 - WARNING - Not enough data to backtest for date 2016-06-13 00:00:00 - horizon 365
2026-08-29 14:09:28,324 - WARNING - Not enough data to backtest for date 2016-06-14 00:00:00 - horizon 365
2026-08-29 14:09:28,324 - WARNING - Not enough data to backtest for date 2016-06-15 00:00:00 - horizon 365
2026-08-29 14:09:28,324 - WARNING - Not enough data to backtest for date 2016-06-16 00:00:00 - horizon 365
2026-08-29 14:09:28,324 - WARNING - Not enough data to backtest for date 2016-06-17 00:00:00 - horizon 365
2026-08-29 14:09:28,324 - WARNING - Not enough data to backtest for date 2016-06-20 00:00:00 - horizon 365
2026-08-29 14:09:28,324 - WARNING - Not enough data to backtest for date 2016-06-21 00:00:00 - horizon 365
2026-08-29 14:09:28,324 - WARNING - Not enough data to backtest for date 2016-06-22 00:00:00 - horizon 365
2026-08-29 14:09:28,324 - WARNING - Not enough data to backtest for date 2016-06-23 00:00:00 - horizon 365
2026-08-29 14:09:28,324 - WARNING - Not enough data to backtest for date 2016-06-24 00:00:00 - horizon 365
2026-08-29 14:09:28,324 - WARNING - Not enough data to backtest for date 2016-06-27 00:00:00 - horizon 365
2026-08-29 14:09:28,324 - WARNING - Not enough data to backtest for date 2016-06-28 00:00:00 - horizon 365
2026-08-29 14:09:28,324 - WARNING - Not enough data to backtest for date 2016-06-29 00:00:00 - horizon 365
2026-08-29 14:09:28,324 - WARNING - Not enough data to backtest for date 2016-06-30 00:00:00 - horizon 365
2026-08-29 14:09:28,324 - WARNING - Not enough data to backtest for date 2016-07-01 00:00:00 - horizon 365
2026-08-29 14:09:28,324 - WARNING - Not enough data to backtest for date 2016-07-04 00:00:00 - horizon 365
2026-08-29 14:09:28,324 - WARNING - Not enough data to backtest for date 2016-07-05 00:00:00 - horizon 365
2026-08-29 14:09:28,324 - WARNING - Not enough data to backtest for date 2016-07-06 00:00:00 - horizon 365
2026-08-29 14:09:28,324 - WARNING - Not enough data to backtest for date 2016-07-07 00:00:00 - horizon 365
2026-08-29 14:09:28,324 - WARNING - Not enough data to backtest for date 2016-07-08 00:00:00 - horizon 365
2026-08-29 14:09:28,324 - WARNING - Not enough data to backtest for date 2016-07-11 00:00:00 - horizon 365
2026-08-29 14:09:28,324 - WARNING - Not enough data to backtest for date 2016-07-12 00:00:00 - horizon 365
2026-08-29 14:09:28,324 - WARNING - Not enough data to backtest for date 2016-07-13 00:00:00 - horizon 365
2026-08-29 14:09:28,324 - WARNING - Not enough data to backtest for date 2016-07-14 00:00:00 - horizon 365
2026-08-29 14:09:28,324 - WARNING - Not enough data to backtest for date 2016-07-15 00:00:00 - horizon 365
2026-08-29 14:09:28,324 - WARNING - Not enough data to backtest for date 2016-07-18 00:00:00 - horizon 365
2026-08-29 14:09:28,324 - WARNING - Not enough data to backtest for date 2016-07-19 00:00:00 - horizon 365
2026-08-29 14:09:28,324 - WARNING - Not enough data to backtest for date 2016-07-20 00:00:00 - horizon 365
2026-08-29 14:09:28,324 - WARNING - Not enough data to backtest for date 2016-07-21 00:00:00 - horizon 365
2026-08-29 14:09:28,324 - WARNING - Not enough data to backtest for date 2016-07-22 00:00:00 - horizon 365
2026-08-29 14:09:28,324 - WARNING - Not enough data to backtest for date 2016-07-25 00:00:00 - horizon 365
2026-08-29 14:09:28,324 - WARNING - Not enough data to backtest for date 2016-07-26 00:00:00 - horizon 365
2026-08-29 14:09:28,324 - WARNING - Not enough data to backtest for date 2016-07-27 00:00:00 - horizon 365
2026-08-29 14:09:28,324 - WARNING - Not enough data to backtest for date 2016-07-28 00:00:00 - horizon 365
2026-08-29 14:09:28,324 - WARNING - Not enough data to backtest for date 2016-07-29 00:00:00 - horizon 365
2026-08-29 14:09:28,324 - WARNING - Not enough data to backtest for date 2016-08-01 00:00:00 - horizon 365
2026-08-29 14:09:28,324 - WARNING - Not enough data to backtest for date 2016-08-02 00:00:00 - horizon 365
2026-08-29 14:09:28,324 - WARNING - Not enough data to backtest for date 2016-08-03 00:00:00 - horizon 365
2026-08-29 14:09:28,324 - WARNING - Not enough data to backtest for date 2016-08-04 00:00:00 - horizon 365
2026-08-29 14:09:28,324 - WARNING - Not enough data to backtest for date 2016-08-05 00:00:00 - horizon 365
2026-08-29 14:09:28,324 - WARNING - Not enough data to backtest for date 2016-08-08 00:00:00 - horizon 365
2026-08-29 14:09:28,325 - WARNING - Not enough data to backtest for date 2016-08-09 00:00:00 - horizon 365
2026-08-29 14:09:28,325 - WARNING - Not enough data to backtest for date 2016-08-10 00:00:00 - horizon 365
2026-08-29 14:09:28,325 - WARNING - Not enough data to backtest for date 2016-08-11 00:00:00 - horizon 365
2026-08-29 14:09:28,325 - WARNING - Not enough data to backtest for date 2016-08-12 00:00:00 - horizon 365
2026-08-29 14:09:28,325 - WARNING - Not enough data to backtest for date 2016-08-15 00:00:00 - horizon 365
2026-08-29 14:09:28,325 - WARNING - Not enough data to backtest for date 2016-08-16 00:00:00 - horizon 365
2026-08-29 14:09:28,325 - WARNING - Not enough data to backtest for date 2016-08-17 00:00:00 - horizon 365
2026-08-29 14:09:28,325 - WARNING - Not enough data to backtest for date 2016-08-18 00:00:00 - horizon 365
2026-08-29 14:09:28,325 - WARNING - Not enough data to backtest for date 2016-08-19 00:00:00 - horizon 365
2026-08-29 14:09:28,325 - WARNING - Not enough data to backtest for date 2016-08-22 00:00:00 - horizon 365
2026-08-29 14:09:28,325 - WARNING - Not enough data to backtest for date 2016-08-23 00:00:00 - horizon 365
2026-08-29 14:09:28,325 - WARNING - Not enough data to backtest for date 2016-08-24 00:00:00 - horizon 365
2026-08-29 14:09:28,325 - WARNING - Not enough data to backtest for date 2016-08-25 00:00:00 - horizon 365
2026-08-29 14:09:28,325 - WARNING - Not enough data to backtest for date 2016-08-26 00:00:00 - horizon 365
2026-08-29 14:09:28,325 - WARNING - Not enough data to backtest for date 2016-08-29 00:00:00 - horizon 365
2026-08-29 14:09:28,325 - WARNING - Not enough data to backtest for date 2016-08-30 00:00:00 - horizon 365
2026-08-29 14:09:28,325 - WARNING - Not enough data to backtest for date 2016-08-31 00:00:00 - horizon 365
2026-08-29 14:09:28,325 - WARNING - Not enough data to backtest for date 2016-09-01 00:00:00 - horizon 365
2026-08-29 14:09:28,325 - WARNING - Not enough data to backtest for date 2016-09-02 00:00:00 - horizon 365
2026-08-29 14:09:28,325 - WARNING - Not enough data to backtest for date 2016-09-05 00:00:00 - horizon 365
2026-08-29 14:09:28,325 - WARNING - Not enough data to backtest for date 2016-09-06 00:00:00 - horizon 365
2026-08-29 14:09:28,325 - WARNING - Not enough data to backtest for date 2016-09-07 00:00:00 - horizon 365
2026-08-29 14:09:28,325 - WARNING - Not enough data to backtest for date 2016-09-08 00:00:00 - horizon 365
2026-08-29 14:09:28,325 - WARNING - Not enough data to backtest for date 2016-09-09 00:00:00 - horizon 365
2026-08-29 14:09:28,325 - WARNING - Not enough data to backtest for date 2016-09-12 00:00:00 - horizon 365
2026-08-29 14:09:28,325 - WARNING - Not enough data to backtest for date 2016-09-13 00:00:00 - horizon 365
2026-08-29 14:09:28,325 - WARNING - Not enough data to backtest for date 2016-09-14 00:00:00 - horizon 365
2026-08-29 14:09:28,325 - WARNING - Not enough data to backtest for date 2016-09-15 00:00:00 - horizon 365
2026-08-29 14:09:28,325 - WARNING - Not enough data to backtest for date 2016-09-16 00:00:00 - horizon 365
2026-08-29 14:09:28,325 - WARNING - Not enough data to backtest for date 2016-09-19 00:00:00 - horizon 365
2026-08-29 14:09:28,325 - WARNING - Not enough data to backtest for date 2016-09-20 00:00:00 - horizon 365
2026-08-29 14:09:28,325 - WARNING - Not enough data to backtest for date 2016-09-21 00:00:00 - horizon 365
2026-08-29 14:09:28,325 - WARNING - Not enough data to backtest for date 2016-09-22 00:00:00 - horizon 365
2026-08-29 14:09:28,325 - WARNING - Not enough data to backtest for date 2016-09-23 00:00:00 - horizon 365
2026-08-29 14:09:28,325 - WARNING - Not enough data to backtest for date 2016-09-26 00:00:00 - horizon 365
2026-08-29 14:09:28,325 - WARNING - Not enough data to backtest for date 2016-09-27 00:00:00 - horizon 365
2026-08-29 14:09:28,325 - WARNING - Not enough data to backtest for date 2016-09-28 00:00:00 - horizon 365
2026-08-29 14:09:28,325 - WARNING - Not enough data to backtest for date 2016-09-29 00:00:00 - horizon 365
2026-08-29 14:09:28,325 - WARNING - Not enough data to backtest for date 2016-09-30 00:00:00 - horizon 365
2026-08-29 14:09:28,325 - WARNING - Not enough data to backtest for date 2016-10-03 00:00:00 - horizon 365
2026-08-29 14:09:28,325 - WARNING - Not enough data to backtest for date 2016-10-04 00:00:00 - horizon 365
2026-08-29 14:09:28,325 - WARNING - Not enough data to backtest for date 2016-10-05 00:00:00 - horizon 365
2026-08-29 14:09:28,325 - WARNING - Not enough data to backtest for date 2016-10-06 00:00:00 - horizon 365
2026-08-29 14:09:28,325 - WARNING - Not enough data to backtest for date 2016-10-07 00:00:00 - horizon 365
2026-08-29 14:09:28,325 - WARNING - Not enough data to backtest for date 2016-10-10 00:00:00 - horizon 365
2026-08-29 14:09:28,325 - WARNING - Not enough data to backtest for date 2016-10-11 00:00:00 - horizon 365
2026-08-29 14:09:28,326 - WARNING - Not enough data to backtest for date 2016-10-12 00:00:00 - horizon 365
2026-08-29 14:09:28,326 - WARNING - Not enough data to backtest for date 2016-10-13 00:00:00 - horizon 365
2026-08-29 14:09:28,326 - WARNING - Not enough data to backtest for date 2016-10-14 00:00:00 - horizon 365
2026-08-29 14:09:28,326 - WARNING - Not enough data to backtest for date 2016-10-17 00:00:00 - horizon 365
2026-08-29 14:09:28,326 - WARNING - Not enough data to backtest for date 2016-10-18 00:00:00 - horizon 365
2026-08-29 14:09:28,326 - WARNING - Not enough data to backtest for date 2016-10-19 00:00:00 - horizon 365
2026-08-29 14:09:28,326 - WARNING - Not enough data to backtest for date 2016-10-20 00:00:00 - horizon 365
2026-08-29 14:09:28,326 - WARNING - Not enough data to backtest for date 2016-10-21 00:00:00 - horizon 365
2026-08-29 14:09:28,326 - WARNING - Not enough data to backtest for date 2016-10-24 00:00:00 - horizon 365
2026-08-29 14:09:28,326 - WARNING - Not enough data to backtest for date 2016-10-25 00:00:00 - horizon 365
2026-08-29 14:09:28,326 - WARNING - Not enough data to backtest for date 2016-10-26 00:00:00 - horizon 365
2026-08-29 14:09:28,326 - WARNING - Not enough data to backtest for date 2016-10-27 00:00:00 - horizon 365
2026-08-29 14:09:28,326 - WARNING - Not enough data to backtest for date 2016-10-28 00:00:00 - horizon 365
2026-08-29 14:09:28,326 - WARNING - Not enough data to backtest for date 2016-10-31 00:00:00 - horizon 365
2026-08-29 14:09:28,326 - WARNING - Not enough data to backtest for date 2016-11-01 00:00:00 - horizon 365
2026-08-29 14:09:28,326 - WARNING - Not enough data to backtest for date 2016-11-02 00:00:00 - horizon 365
2026-08-29 14:09:28,326 - WARNING - Not enough data to backtest for date 2016-11-03 00:00:00 - horizon 365
2026-08-29 14:09:28,326 - WARNING - Not enough data to backtest for date 2016-11-04 00:00:00 - horizon 365
2026-08-29 14:09:28,326 - WARNING - Not enough data to backtest for date 2016-11-07 00:00:00 - horizon 365
2026-08-29 14:09:28,326 - WARNING - Not enough data to backtest for date 2016-11-08 00:00:00 - horizon 365
2026-08-29 14:09:28,326 - WARNING - Not enough data to backtest for date 2016-11-09 00:00:00 - horizon 365
2026-08-29 14:09:28,326 - WARNING - Not enough data to backtest for date 2016-11-10 00:00:00 - horizon 365
2026-08-29 14:09:28,326 - WARNING - Not enough data to backtest for date 2016-11-11 00:00:00 - horizon 365
2026-08-29 14:09:28,326 - WARNING - Not enough data to backtest for date 2016-11-14 00:00:00 - horizon 365
2026-08-29 14:09:28,326 - WARNING - Not enough data to backtest for date 2016-11-15 00:00:00 - horizon 365
2026-08-29 14:09:28,326 - WARNING - Not enough data to backtest for date 2016-11-16 00:00:00 - horizon 365
2026-08-29 14:09:28,326 - WARNING - Not enough data to backtest for date 2016-11-17 00:00:00 - horizon 365
2026-08-29 14:09:28,326 - WARNING - Not enough data to backtest for date 2016-11-18 00:00:00 - horizon 365
2026-08-29 14:09:28,326 - WARNING - Not enough data to backtest for date 2016-11-21 00:00:00 - horizon 365
2026-08-29 14:09:28,326 - WARNING - Not enough data to backtest for date 2016-11-22 00:00:00 - horizon 365
2026-08-29 14:09:28,326 - WARNING - Not enough data to backtest for date 2016-11-23 00:00:00 - horizon 365
2026-08-29 14:09:28,326 - WARNING - Not enough data to backtest for date 2016-11-24 00:00:00 - horizon 365
2026-08-29 14:09:28,326 - WARNING - Not enough data to backtest for date 2016-11-25 00:00:00 - horizon 365
2026-08-29 14:09:28,326 - WARNING - Not enough data to backtest for date 2016-11-28 00:00:00 - horizon 365
2026-08-29 14:09:28,326 - WARNING - Not enough data to backtest for date 2016-11-29 00:00:00 - horizon 365
2026-08-29 14:09:28,326 - WARNING - Not enough data to backtest for date 2016-11-30 00:00:00 - horizon 365
2026-08-29 14:09:28,326 - WARNING - Not enough data to backtest for date 2016-12-01 00:00:00 - horizon 365
2026-08-29 14:09:28,326 - WARNING - Not enough data to backtest for date 2016-12-02 00:00:00 - horizon 365
2026-08-29 14:09:28,326 - WARNING - Not enough data to backtest for date 2016-12-05 00:00:00 - horizon 365
2026-08-29 14:09:28,326 - WARNING - Not enough data to backtest for date 2016-12-06 00:00:00 - horizon 365
2026-08-29 14:09:28,326 - WARNING - Not enough data to backtest for date 2016-12-07 00:00:00 - horizon 365
2026-08-29 14:09:28,326 - WARNING - Not enough data to backtest for date 2016-12-08 00:00:00 - horizon 365
2026-08-29 14:09:28,326 - WARNING - Not enough data to backtest for date 2016-12-09 00:00:00 - horizon 365
2026-08-29 14:09:28,326 - WARNING - Not enough data to backtest for date 2016-12-12 00:00:00 - horizon 365
2026-08-29 14:09:28,326 - WARNING - Not enough data to backtest for date 2016-12-13 00:00:00 - horizon 365
2026-08-29 14:09:28,326 - WARNING - Not enough data to backtest for date 2016-12-14 00:00:00 - horizon 365
2026-08-29 14:09:28,326 - WARNING - Not enough data to backtest for date 2016-12-15 00:00:00 - horizon 365
2026-08-29 14:09:28,326 - WARNING - Not enough data to backtest for date 2016-12-16 00:00:00 - horizon 365
2026-08-29 14:09:28,327 - WARNING - Not enough data to backtest for date 2016-12-19 00:00:00 - horizon 365
2026-08-29 14:09:28,327 - WARNING - Not enough data to backtest for date 2016-12-20 00:00:00 - horizon 365
2026-08-29 14:09:28,327 - WARNING - Not enough data to backtest for date 2016-12-21 00:00:00 - horizon 365
2026-08-29 14:09:28,327 - WARNING - Not enough data to backtest for date 2016-12-22 00:00:00 - horizon 365
2026-08-29 14:09:28,327 - WARNING - Not enough data to backtest for date 2016-12-23 00:00:00 - horizon 365
2026-08-29 14:09:28,327 - WARNING - Not enough data to backtest for date 2016-12-26 00:00:00 - horizon 365
2026-08-29 14:09:28,327 - WARNING - Not enough data to backtest for date 2016-12-27 00:00:00 - horizon 365
2026-08-29 14:09:28,327 - WARNING - Not enough data to backtest for date 2016-12-28 00:00:00 - horizon 365
2026-08-29 14:09:28,327 - WARNING - Not enough data to backtest for date 2016-12-29 00:00:00 - horizon 365
2026-08-29 14:09:28,327 - WARNING - Not enough data to backtest for date 2016-12-30 00:00:00 - horizon 365
2026-08-29 14:09:28,327 - WARNING - Not enough data to backtest for date 2017-01-02 00:00:00 - horizon 365
2026-08-29 14:09:28,327 - WARNING - Not enough data to backtest for date 2017-01-03 00:00:00 - horizon 365
2026-08-29 14:09:28,327 - WARNING - Not enough data to backtest for date 2017-01-04 00:00:00 - horizon 365
2026-08-29 14:09:28,327 - WARNING - Not enough data to backtest for date 2017-01-05 00:00:00 - horizon 365
2026-08-29 14:09:28,327 - WARNING - Not enough data to backtest for date 2017-01-06 00:00:00 - horizon 365
2026-08-29 14:09:28,327 - WARNING - Not enough data to backtest for date 2017-01-09 00:00:00 - horizon 365
2026-08-29 14:09:28,327 - WARNING - Not enough data to backtest for date 2017-01-10 00:00:00 - horizon 365
2026-08-29 14:09:28,327 - WARNING - Not enough data to backtest for date 2017-01-11 00:00:00 - horizon 365
2026-08-29 14:09:28,327 - WARNING - Not enough data to backtest for date 2017-01-12 00:00:00 - horizon 365
2026-08-29 14:09:28,327 - WARNING - Not enough data to backtest for date 2017-01-13 00:00:00 - horizon 365
2026-08-29 14:09:28,327 - WARNING - Not enough data to backtest for date 2017-01-16 00:00:00 - horizon 365
2026-08-29 14:09:28,327 - WARNING - Not enough data to backtest for date 2017-01-17 00:00:00 - horizon 365
2026-08-29 14:09:28,327 - WARNING - Not enough data to backtest for date 2017-01-18 00:00:00 - horizon 365
2026-08-29 14:09:28,327 - WARNING - Not enough data to backtest for date 2017-01-19 00:00:00 - horizon 365
2026-08-29 14:09:28,327 - WARNING - Not enough data to backtest for date 2017-01-20 00:00:00 - horizon 365
2026-08-29 14:09:28,327 - WARNING - Not enough data to backtest for date 2017-01-23 00:00:00 - horizon 365
2026-08-29 14:09:28,327 - WARNING - Not enough data to backtest for date 2017-01-24 00:00:00 - horizon 365
2026-08-29 14:09:28,327 - WARNING - Not enough data to backtest for date 2017-01-25 00:00:00 - horizon 365
2026-08-29 14:09:28,327 - WARNING - Not enough data to backtest for date 2017-01-26 00:00:00 - horizon 365
2026-08-29 14:09:28,327 - WARNING - Not enough data to backtest for date 2017-01-27 00:00:00 - horizon 365
2026-08-29 14:09:28,327 - WARNING - Not enough data to backtest for date 2017-01-30 00:00:00 - horizon 365
2026-08-29 14:09:28,327 - WARNING - Not enough data to backtest for date 2017-01-31 00:00:00 - horizon 365
2026-08-29 14:09:28,327 - WARNING - Not enough data to backtest for date 2017-02-01 00:00:00 - horizon 365
2026-08-29 14:09:28,327 - WARNING - Not enough data to backtest for date 2017-02-02 00:00:00 - horizon 365
2026-08-29 14:09:28,327 - WARNING - Not enough data to backtest for date 2017-02-03 00:00:00 - horizon 365
2026-08-29 14:09:28,327 - WARNING - Not enough data to backtest for date 2017-02-06 00:00:00 - horizon 365
2026-08-29 14:09:28,327 - WARNING - Not enough data to backtest for date 2017-02-07 00:00:00 - horizon 365
2026-08-29 14:09:28,327 - WARNING - Not enough data to backtest for date 2017-02-08 00:00:00 - horizon 365
2026-08-29 14:09:28,327 - WARNING - Not enough data to backtest for date 2017-02-09 00:00:00 - horizon 365
2026-08-29 14:09:28,327 - WARNING - Not enough data to backtest for date 2017-02-10 00:00:00 - horizon 365
2026-08-29 14:09:28,327 - WARNING - Not enough data to backtest for date 2017-02-13 00:00:00 - horizon 365
2026-08-29 14:09:28,327 - WARNING - Not enough data to backtest for date 2017-02-14 00:00:00 - horizon 365
2026-08-29 14:09:28,327 - WARNING - Not enough data to backtest for date 2017-02-15 00:00:00 - horizon 365
2026-08-29 14:09:28,327 - WARNING - Not enough data to backtest for date 2017-02-16 00:00:00 - horizon 365
2026-08-29 14:09:28,327 - WARNING - Not enough data to backtest for date 2017-02-17 00:00:00 - horizon 365
2026-08-29 14:09:28,327 - WARNING - Not enough data to backtest for date 2017-02-20 00:00:00 - horizon 365
2026-08-29 14:09:28,327 - WARNING - Not enough data to backtest for date 2017-02-21 00:00:00 - horizon 365
2026-08-29 14:09:28,327 - WARNING - Not enough data to backtest for date 2017-02-22 00:00:00 - horizon 365
2026-08-29 14:09:28,328 - WARNING - Not enough data to backtest for date 2017-02-23 00:00:00 - horizon 365
2026-08-29 14:09:28,328 - WARNING - Not enough data to backtest for date 2017-02-24 00:00:00 - horizon 365
2026-08-29 14:09:28,328 - WARNING - Not enough data to backtest for date 2017-02-27 00:00:00 - horizon 365
2026-08-29 14:09:28,328 - WARNING - Not enough data to backtest for date 2017-02-28 00:00:00 - horizon 365
2026-08-29 14:09:28,328 - WARNING - Not enough data to backtest for date 2017-03-01 00:00:00 - horizon 365
2026-08-29 14:09:28,328 - WARNING - Not enough data to backtest for date 2017-03-02 00:00:00 - horizon 365
2026-08-29 14:09:28,328 - WARNING - Not enough data to backtest for date 2017-03-03 00:00:00 - horizon 365
2026-08-29 14:09:28,328 - WARNING - Not enough data to backtest for date 2017-03-06 00:00:00 - horizon 365
2026-08-29 14:09:28,328 - WARNING - Not enough data to backtest for date 2017-03-07 00:00:00 - horizon 365
2026-08-29 14:09:28,328 - WARNING - Not enough data to backtest for date 2017-03-08 00:00:00 - horizon 365
2026-08-29 14:09:28,328 - WARNING - Not enough data to backtest for date 2017-03-09 00:00:00 - horizon 365
2026-08-29 14:09:28,328 - WARNING - Not enough data to backtest for date 2017-03-10 00:00:00 - horizon 365
2026-08-29 14:09:28,328 - WARNING - Not enough data to backtest for date 2017-03-13 00:00:00 - horizon 365
2026-08-29 14:09:28,328 - WARNING - Not enough data to backtest for date 2017-03-14 00:00:00 - horizon 365
2026-08-29 14:09:28,328 - WARNING - Not enough data to backtest for date 2017-03-15 00:00:00 - horizon 365
2026-08-29 14:09:28,328 - WARNING - Not enough data to backtest for date 2017-03-16 00:00:00 - horizon 365
2026-08-29 14:09:28,328 - WARNING - Not enough data to backtest for date 2017-03-17 00:00:00 - horizon 365
2026-08-29 14:09:28,328 - WARNING - Not enough data to backtest for date 2017-03-20 00:00:00 - horizon 365
2026-08-29 14:09:28,328 - WARNING - Not enough data to backtest for date 2017-03-21 00:00:00 - horizon 365
2026-08-29 14:09:28,328 - WARNING - Not enough data to backtest for date 2017-03-22 00:00:00 - horizon 365
2026-08-29 14:09:28,328 - WARNING - Not enough data to backtest for date 2017-03-23 00:00:00 - horizon 365
2026-08-29 14:09:28,328 - WARNING - Not enough data to backtest for date 2017-03-24 00:00:00 - horizon 365
2026-08-29 14:09:28,328 - WARNING - Not enough data to backtest for date 2017-03-27 00:00:00 - horizon 365
2026-08-29 14:09:28,328 - WARNING - Not enough data to backtest for date 2017-03-28 00:00:00 - horizon 365
2026-08-29 14:09:28,328 - WARNING - Not enough data to backtest for date 2017-03-29 00:00:00 - horizon 365
2026-08-29 14:09:28,328 - WARNING - Not enough data to backtest for date 2017-03-30 00:00:00 - horizon 365
2026-08-29 14:09:28,328 - WARNING - Not enough data to backtest for date 2017-03-31 00:00:00 - horizon 365
2026-08-29 14:09:28,328 - WARNING - Not enough data to backtest for date 2017-04-03 00:00:00 - horizon 365
2026-08-29 14:09:28,328 - WARNING - Not enough data to backtest for date 2017-04-04 00:00:00 - horizon 365
2026-08-29 14:09:28,328 - WARNING - Not enough data to backtest for date 2017-04-05 00:00:00 - horizon 365
2026-08-29 14:09:28,328 - WARNING - Not enough data to backtest for date 2017-04-06 00:00:00 - horizon 365
2026-08-29 14:09:28,328 - WARNING - Not enough data to backtest for date 2017-04-07 00:00:00 - horizon 365
2026-08-29 14:09:28,328 - WARNING - Not enough data to backtest for date 2017-04-10 00:00:00 - horizon 365
2026-08-29 14:09:28,328 - WARNING - Not enough data to backtest for date 2017-04-11 00:00:00 - horizon 365
2026-08-29 14:09:28,328 - WARNING - Not enough data to backtest for date 2017-04-12 00:00:00 - horizon 365
2026-08-29 14:09:28,328 - WARNING - Not enough data to backtest for date 2017-04-13 00:00:00 - horizon 365
2026-08-29 14:09:28,328 - WARNING - Not enough data to backtest for date 2017-04-14 00:00:00 - horizon 365
2026-08-29 14:09:28,328 - WARNING - Not enough data to backtest for date 2017-04-17 00:00:00 - horizon 365
2026-08-29 14:09:28,328 - WARNING - Not enough data to backtest for date 2017-04-18 00:00:00 - horizon 365
2026-08-29 14:09:28,328 - WARNING - Not enough data to backtest for date 2017-04-19 00:00:00 - horizon 365
2026-08-29 14:09:28,328 - WARNING - Not enough data to backtest for date 2017-04-20 00:00:00 - horizon 365
2026-08-29 14:09:28,328 - WARNING - Not enough data to backtest for date 2017-04-21 00:00:00 - horizon 365
2026-08-29 14:09:28,329 - WARNING - Not enough data to backtest for date 2017-04-24 00:00:00 - horizon 365
2026-08-29 14:09:28,329 - WARNING - Not enough data to backtest for date 2017-04-25 00:00:00 - horizon 365
2026-08-29 14:09:28,329 - WARNING - Not enough data to backtest for date 2017-04-26 00:00:00 - horizon 365
2026-08-29 14:09:28,329 - WARNING - Not enough data to backtest for date 2017-04-27 00:00:00 - horizon 365
2026-08-29 14:09:28,329 - WARNING - Not enough data to backtest for date 2017-04-28 00:00:00 - horizon 365
2026-08-29 14:09:28,329 - WARNING - Not enough data to backtest for date 2017-05-01 00:00:00 - horizon 365
2026-08-29 14:09:28,329 - WARNING - Not enough data to backtest for date 2017-05-02 00:00:00 - horizon 365
2026-08-29 14:09:28,329 - WARNING - Not enough data to backtest for date 2017-05-03 00:00:00 - horizon 365
2026-08-29 14:09:28,329 - WARNING - Not enough data to backtest for date 2017-05-04 00:00:00 - horizon 365
2026-08-29 14:09:28,329 - WARNING - Not enough data to backtest for date 2017-05-05 00:00:00 - horizon 365
2026-08-29 14:09:28,329 - WARNING - Not enough data to backtest for date 2017-05-08 00:00:00 - horizon 365
2026-08-29 14:09:28,329 - WARNING - Not enough data to backtest for date 2017-05-09 00:00:00 - horizon 365
2026-08-29 14:09:28,329 - WARNING - Not enough data to backtest for date 2017-05-10 00:00:00 - horizon 365
2026-08-29 14:09:28,329 - WARNING - Not enough data to backtest for date 2017-05-11 00:00:00 - horizon 365
2026-08-29 14:09:28,329 - WARNING - Not enough data to backtest for date 2017-05-12 00:00:00 - horizon 365
2026-08-29 14:09:28,329 - WARNING - Not enough data to backtest for date 2017-05-15 00:00:00 - horizon 365
2026-08-29 14:09:28,329 - WARNING - Not enough data to backtest for date 2017-05-16 00:00:00 - horizon 365
2026-08-29 14:09:28,329 - WARNING - Not enough data to backtest for date 2017-05-17 00:00:00 - horizon 365
2026-08-29 14:09:28,329 - WARNING - Not enough data to backtest for date 2017-05-18 00:00:00 - horizon 365
2026-08-29 14:09:28,329 - WARNING - Not enough data to backtest for date 2017-05-19 00:00:00 - horizon 365
2026-08-29 14:09:28,329 - WARNING - Not enough data to backtest for date 2017-05-22 00:00:00 - horizon 365
2026-08-29 14:09:28,329 - WARNING - Not enough data to backtest for date 2017-05-23 00:00:00 - horizon 365
2026-08-29 14:09:28,329 - WARNING - Not enough data to backtest for date 2017-05-24 00:00:00 - horizon 365
2026-08-29 14:09:28,329 - WARNING - Not enough data to backtest for date 2017-05-25 00:00:00 - horizon 365
2026-08-29 14:09:28,329 - WARNING - Not enough data to backtest for date 2017-05-26 00:00:00 - horizon 365
2026-08-29 14:09:28,329 - WARNING - Not enough data to backtest for date 2017-05-29 00:00:00 - horizon 365
2026-08-29 14:09:28,329 - WARNING - Not enough data to backtest for date 2017-05-30 00:00:00 - horizon 365
2026-08-29 14:09:28,329 - WARNING - Not enough data to backtest for date 2017-05-31 00:00:00 - horizon 365
2026-08-29 14:09:28,329 - WARNING - Not enough data to backtest for date 2017-06-01 00:00:00 - horizon 365
2026-08-29 14:09:28,329 - WARNING - Not enough data to backtest for date 2017-06-02 00:00:00 - horizon 365
2026-08-29 14:09:28,329 - WARNING - Not enough data to backtest for date 2017-06-05 00:00:00 - horizon 365
2026-08-29 14:09:28,329 - WARNING - Not enough data to backtest for date 2017-06-06 00:00:00 - horizon 365
2026-08-29 14:09:28,329 - WARNING - Not enough data to backtest for date 2017-06-07 00:00:00 - horizon 365
2026-08-29 14:09:28,329 - WARNING - Not enough data to backtest for date 2017-06-08 00:00:00 - horizon 365
2026-08-29 14:09:28,329 - WARNING - Not enough data to backtest for date 2017-06-09 00:00:00 - horizon 365
2026-08-29 14:09:28,329 - WARNING - Not enough data to backtest for date 2017-06-12 00:00:00 - horizon 365
2026-08-29 14:09:28,329 - WARNING - Not enough data to backtest for date 2017-06-13 00:00:00 - horizon 365
2026-08-29 14:09:28,329 - WARNING - Not enough data to backtest for date 2017-06-14 00:00:00 - horizon 365
2026-08-29 14:09:28,329 - WARNING - Not enough data to backtest for date 2017-06-15 00:00:00 - horizon 365
2026-08-29 14:09:28,329 - WARNING - Not enough data to backtest for date 2017-06-16 00:00:00 - horizon 365
2026-08-29 14:09:28,329 - WARNING - Not enough data to backtest for date 2017-06-19 00:00:00 - horizon 365
2026-08-29 14:09:28,329 - WARNING - Not enough data to backtest for date 2017-06-20 00:00:00 - horizon 365
2026-08-29 14:09:28,329 - WARNING - Not enough data to backtest for date 2017-06-21 00:00:00 - horizon 365
2026-08-29 14:09:28,329 - WARNING - Not enough data to backtest for date 2017-06-22 00:00:00 - horizon 365
2026-08-29 14:09:28,329 - WARNING - Not enough data to backtest for date 2017-06-23 00:00:00 - horizon 365
2026-08-29 14:09:28,329 - WARNING - Not enough data to backtest for date 2017-06-26 00:00:00 - horizon 365
2026-08-29 14:09:28,330 - WARNING - Not enough data to backtest for date 2017-06-27 00:00:00 - horizon 365
2026-08-29 14:09:28,330 - WARNING - Not enough data to backtest for date 2017-06-28 00:00:00 - horizon 365
2026-08-29 14:09:28,330 - WARNING - Not enough data to backtest for date 2017-06-29 00:00:00 - horizon 365
2026-08-29 14:09:28,330 - WARNING - Not enough data to backtest for date 2017-06-30 00:00:00 - horizon 365
2026-08-29 14:09:28,330 - WARNING - Not enough data to backtest for date 2017-07-03 00:00:00 - horizon 365
2026-08-29 14:09:28,330 - WARNING - Not enough data to backtest for date 2017-07-04 00:00:00 - horizon 365
2026-08-29 14:09:28,330 - WARNING - Not enough data to backtest for date 2017-07-05 00:00:00 - horizon 365
2026-08-29 14:09:28,330 - WARNING - Not enough data to backtest for date 2017-07-06 00:00:00 - horizon 365
2026-08-29 14:09:28,330 - WARNING - Not enough data to backtest for date 2017-07-07 00:00:00 - horizon 365
2026-08-29 14:09:28,330 - WARNING - Not enough data to backtest for date 2017-07-10 00:00:00 - horizon 365
2026-08-29 14:09:28,330 - WARNING - Not enough data to backtest for date 2017-07-11 00:00:00 - horizon 365
2026-08-29 14:09:28,330 - WARNING - Not enough data to backtest for date 2017-07-12 00:00:00 - horizon 365
2026-08-29 14:09:28,330 - WARNING - Not enough data to backtest for date 2017-07-13 00:00:00 - horizon 365
2026-08-29 14:09:28,330 - WARNING - Not enough data to backtest for date 2017-07-14 00:00:00 - horizon 365
2026-08-29 14:09:28,330 - WARNING - Not enough data to backtest for date 2017-07-17 00:00:00 - horizon 365
2026-08-29 14:09:28,330 - WARNING - Not enough data to backtest for date 2017-07-18 00:00:00 - horizon 365
2026-08-29 14:09:28,330 - WARNING - Not enough data to backtest for date 2017-07-19 00:00:00 - horizon 365
2026-08-29 14:09:28,330 - WARNING - Not enough data to backtest for date 2017-07-20 00:00:00 - horizon 365
2026-08-29 14:09:28,330 - WARNING - Not enough data to backtest for date 2017-07-21 00:00:00 - horizon 365
2026-08-29 14:09:28,330 - WARNING - Not enough data to backtest for date 2017-07-24 00:00:00 - horizon 365
2026-08-29 14:09:28,330 - WARNING - Not enough data to backtest for date 2017-07-25 00:00:00 - horizon 365
2026-08-29 14:09:28,330 - WARNING - Not enough data to backtest for date 2017-07-26 00:00:00 - horizon 365
2026-08-29 14:09:28,330 - WARNING - Not enough data to backtest for date 2017-07-27 00:00:00 - horizon 365
2026-08-29 14:09:28,330 - WARNING - Not enough data to backtest for date 2017-07-28 00:00:00 - horizon 365
2026-08-29 14:09:28,330 - WARNING - Not enough data to backtest for date 2017-07-31 00:00:00 - horizon 365
2026-08-29 14:09:28,330 - WARNING - Not enough data to backtest for date 2017-08-01 00:00:00 - horizon 365
2026-08-29 14:09:28,330 - WARNING - Not enough data to backtest for date 2017-08-02 00:00:00 - horizon 365
2026-08-29 14:09:28,330 - WARNING - Not enough data to backtest for date 2017-08-03 00:00:00 - horizon 365
2026-08-29 14:09:28,330 - WARNING - Not enough data to backtest for date 2017-08-04 00:00:00 - horizon 365
2026-08-29 14:09:28,330 - WARNING - Not enough data to backtest for date 2017-08-07 00:00:00 - horizon 365
2026-08-29 14:09:28,330 - WARNING - Not enough data to backtest for date 2017-08-08 00:00:00 - horizon 365
2026-08-29 14:09:28,330 - WARNING - Not enough data to backtest for date 2017-08-09 00:00:00 - horizon 365
2026-08-29 14:09:28,330 - WARNING - Not enough data to backtest for date 2017-08-10 00:00:00 - horizon 365
2026-08-29 14:09:28,330 - WARNING - Not enough data to backtest for date 2017-08-11 00:00:00 - horizon 365
2026-08-29 14:09:28,330 - WARNING - Not enough data to backtest for date 2017-08-14 00:00:00 - horizon 365
2026-08-29 14:09:28,330 - WARNING - Not enough data to backtest for date 2017-08-15 00:00:00 - horizon 365
2026-08-29 14:09:28,330 - WARNING - Not enough data to backtest for date 2017-08-16 00:00:00 - horizon 365
2026-08-29 14:09:28,330 - WARNING - Not enough data to backtest for date 2017-08-17 00:00:00 - horizon 365
2026-08-29 14:09:28,330 - WARNING - Not enough data to backtest for date 2017-08-18 00:00:00 - horizon 365
2026-08-29 14:09:28,330 - WARNING - Not enough data to backtest for date 2017-08-21 00:00:00 - horizon 365
2026-08-29 14:09:28,330 - WARNING - Not enough data to backtest for date 2017-08-22 00:00:00 - horizon 365
2026-08-29 14:09:28,330 - WARNING - Not enough data to backtest for date 2017-08-23 00:00:00 - horizon 365
2026-08-29 14:09:28,330 - WARNING - Not enough data to backtest for date 2017-08-24 00:00:00 - horizon 365
2026-08-29 14:09:28,330 - WARNING - Not enough data to backtest for date 2017-08-25 00:00:00 - horizon 365
2026-08-29 14:09:28,330 - WARNING - Not enough data to backtest for date 2017-08-28 00:00:00 - horizon 365
2026-08-29 14:09:28,330 - WARNING - Not enough data to backtest for date 2017-08-29 00:00:00 - horizon 365
2026-08-29 14:09:28,330 - WARNING - Not enough data to backtest for date 2017-08-30 00:00:00 - horizon 365
2026-08-29 14:09:28,331 - WARNING - Not enough data to backtest for date 2017-08-31 00:00:00 - horizon 365
2026-08-29 14:09:28,331 - WARNING - Not enough data to backtest for date 2017-09-01 00:00:00 - horizon 365
2026-08-29 14:09:28,331 - WARNING - Not enough data to backtest for date 2017-09-04 00:00:00 - horizon 365
2026-08-29 14:09:28,331 - WARNING - Not enough data to backtest for date 2017-09-05 00:00:00 - horizon 365
2026-08-29 14:09:28,331 - WARNING - Not enough data to backtest for date 2017-09-06 00:00:00 - horizon 365
2026-08-29 14:09:28,331 - WARNING - Not enough data to backtest for date 2017-09-07 00:00:00 - horizon 365
2026-08-29 14:09:28,331 - WARNING - Not enough data to backtest for date 2017-09-08 00:00:00 - horizon 365
2026-08-29 14:09:28,331 - WARNING - Not enough data to backtest for date 2017-09-11 00:00:00 - horizon 365
2026-08-29 14:09:28,331 - WARNING - Not enough data to backtest for date 2017-09-12 00:00:00 - horizon 365
2026-08-29 14:09:28,331 - WARNING - Not enough data to backtest for date 2017-09-13 00:00:00 - horizon 365
2026-08-29 14:09:28,331 - WARNING - Not enough data to backtest for date 2017-09-14 00:00:00 - horizon 365
2026-08-29 14:09:28,331 - WARNING - Not enough data to backtest for date 2017-09-15 00:00:00 - horizon 365
2026-08-29 14:09:28,331 - WARNING - Not enough data to backtest for date 2017-09-18 00:00:00 - horizon 365
2026-08-29 14:09:28,331 - WARNING - Not enough data to backtest for date 2017-09-19 00:00:00 - horizon 365
2026-08-29 14:09:28,331 - WARNING - Not enough data to backtest for date 2017-09-20 00:00:00 - horizon 365
2026-08-29 14:09:28,331 - WARNING - Not enough data to backtest for date 2017-09-21 00:00:00 - horizon 365
2026-08-29 14:09:28,331 - WARNING - Not enough data to backtest for date 2017-09-22 00:00:00 - horizon 365
2026-08-29 14:09:28,331 - WARNING - Not enough data to backtest for date 2017-09-25 00:00:00 - horizon 365
2026-08-29 14:09:28,331 - WARNING - Not enough data to backtest for date 2017-09-26 00:00:00 - horizon 365
2026-08-29 14:09:28,331 - WARNING - Not enough data to backtest for date 2017-09-27 00:00:00 - horizon 365
2026-08-29 14:09:28,331 - WARNING - Not enough data to backtest for date 2017-09-28 00:00:00 - horizon 365
2026-08-29 14:09:28,331 - WARNING - Not enough data to backtest for date 2017-09-29 00:00:00 - horizon 365
2026-08-29 14:09:28,331 - WARNING - Not enough data to backtest for date 2017-10-02 00:00:00 - horizon 365
2026-08-29 14:09:28,331 - WARNING - Not enough data to backtest for date 2017-10-03 00:00:00 - horizon 365
2026-08-29 14:09:28,331 - WARNING - Not enough data to backtest for date 2017-10-04 00:00:00 - horizon 365
2026-08-29 14:09:28,331 - WARNING - Not enough data to backtest for date 2017-10-05 00:00:00 - horizon 365
2026-08-29 14:09:28,331 - WARNING - Not enough data to backtest for date 2017-10-06 00:00:00 - horizon 365
2026-08-29 14:09:28,331 - WARNING - Not enough data to backtest for date 2017-10-09 00:00:00 - horizon 365
2026-08-29 14:09:28,331 - WARNING - Not enough data to backtest for date 2017-10-10 00:00:00 - horizon 365
2026-08-29 14:09:28,331 - WARNING - Not enough data to backtest for date 2017-10-11 00:00:00 - horizon 365
2026-08-29 14:09:28,331 - WARNING - Not enough data to backtest for date 2017-10-12 00:00:00 - horizon 365
2026-08-29 14:09:28,331 - WARNING - Not enough data to backtest for date 2017-10-13 00:00:00 - horizon 365
2026-08-29 14:09:28,331 - WARNING - Not enough data to backtest for date 2017-10-16 00:00:00 - horizon 365
2026-08-29 14:09:28,331 - WARNING - Not enough data to backtest for date 2017-10-17 00:00:00 - horizon 365
2026-08-29 14:09:28,331 - WARNING - Not enough data to backtest for date 2017-10-18 00:00:00 - horizon 365
2026-08-29 14:09:28,331 - WARNING - Not enough data to backtest for date 2017-10-19 00:00:00 - horizon 365
2026-08-29 14:09:28,331 - WARNING - Not enough data to backtest for date 2017-10-20 00:00:00 - horizon 365
2026-08-29 14:09:28,331 - WARNING - Not enough data to backtest for date 2017-10-23 00:00:00 - horizon 365
2026-08-29 14:09:28,331 - WARNING - Not enough data to backtest for date 2017-10-24 00:00:00 - horizon 365
2026-08-29 14:09:28,331 - WARNING - Not enough data to backtest for date 2017-10-25 00:00:00 - horizon 365
2026-08-29 14:09:28,331 - WARNING - Not enough data to backtest for date 2017-10-26 00:00:00 - horizon 365
2026-08-29 14:09:28,331 - WARNING - Not enough data to backtest for date 2017-10-27 00:00:00 - horizon 365
2026-08-29 14:09:28,331 - WARNING - Not enough data to backtest for date 2017-10-30 00:00:00 - horizon 365
2026-08-29 14:09:28,331 - WARNING - Not enough data to backtest for date 2017-10-31 00:00:00 - horizon 365
2026-08-29 14:09:28,331 - WARNING - Not enough data to backtest for date 2017-11-01 00:00:00 - horizon 365
2026-08-29 14:12:56,528 - INFO - Successfully saved to /home/victor/Projects/regularized-MAR-vs-residual-LSTM-in-forcasting-IVS/data/result/LSTM/ResidualLSTM_training_mse.csv with shape (6, 2)
2026-08-29 14:12:56,528 - INFO - Starting testing ResidualLSTM...
2026-08-29 14:14:54,852 - INFO - Successfully saved to /home/victor/Projects/regularized-MAR-vs-residual-LSTM-in-forcasting-IVS/data/result/LSTM/ResidualLSTM_mse.csv with shape (6, 2)
